-- phpMyAdmin SQL Dump
-- version 2.10.3
-- http://www.phpmyadmin.net
-- 
-- 主机: localhost
-- 生成日期: 2017 年 10 月 26 日 10:23
-- 服务器版本: 5.0.51
-- PHP 版本: 5.2.6

SET SQL_MODE="NO_AUTO_VALUE_ON_ZERO";

-- 
-- 数据库: `mobi02`
-- 

-- --------------------------------------------------------

-- 
-- 表的结构 `backmenu`
-- 

CREATE TABLE `backmenu` (
  `id_backmenu` int(11) NOT NULL auto_increment,
  `lang` int(1) NOT NULL default '1',
  `name` varchar(25) NOT NULL,
  `remark` text NOT NULL,
  `url` varchar(100) NOT NULL,
  `fatherid` int(11) NOT NULL,
  `level` int(1) NOT NULL,
  `ordernum` int(11) NOT NULL,
  `dele` int(1) NOT NULL default '1',
  PRIMARY KEY  (`id_backmenu`)
) ENGINE=MyISAM  DEFAULT CHARSET=utf8 AUTO_INCREMENT=51 ;

-- 
-- 导出表中的数据 `backmenu`
-- 

INSERT INTO `backmenu` VALUES (1, 1, '产品系统', '', 'product', 0, 1, 2, 1);
INSERT INTO `backmenu` VALUES (3, 1, '信息系统', '', 'news', 0, 1, 3, 1);
INSERT INTO `backmenu` VALUES (4, 1, '人事系统', '', 'hr', 0, 1, 4, 1);
INSERT INTO `backmenu` VALUES (5, 1, '权限系统', '', 'perm', 0, 1, 5, 1);
INSERT INTO `backmenu` VALUES (6, 1, '数据库备份', '', 'dbase', 0, 1, 6, 0);
INSERT INTO `backmenu` VALUES (9, 1, '产品管理', '', '/admin/product/product_manage.php', 1, 2, 9, 1);
INSERT INTO `backmenu` VALUES (8, 1, '产品分类', '', '/admin/product/product_dir.php', 1, 2, 8, 1);
INSERT INTO `backmenu` VALUES (47, 1, '区块管理', '', '/admin/siteset/layout.php', 44, 2, 47, 1);
INSERT INTO `backmenu` VALUES (15, 1, '信息分类', '', '/admin/news/news_dir.php', 3, 2, 15, 1);
INSERT INTO `backmenu` VALUES (16, 1, '信息管理', '', '/admin/news/news_manage.php', 3, 2, 16, 1);
INSERT INTO `backmenu` VALUES (17, 1, '员工档案', '', '/admin/hr/hr_staff.php', 4, 2, 17, 1);
INSERT INTO `backmenu` VALUES (18, 1, 'test', '', '/admin/hr/hr_exam.php', 4, 2, 18, 0);
INSERT INTO `backmenu` VALUES (19, 1, 'test2', '', '/admin/hr/hr_job.php', 4, 2, 19, 0);
INSERT INTO `backmenu` VALUES (20, 1, '系统菜单', '', '/admin/perm/perm_menu.php', 5, 2, 20, 1);
INSERT INTO `backmenu` VALUES (21, 1, '权限管理', '', '/admin/perm/perm_manage.php', 5, 2, 21, 1);
INSERT INTO `backmenu` VALUES (22, 1, '数据库备份', '', '/phpMyAdmin/', 6, 2, 22, 1);
INSERT INTO `backmenu` VALUES (48, 1, '版面管理', '', '/admin/siteset/pageset.php', 44, 2, 48, 1);
INSERT INTO `backmenu` VALUES (49, 1, '前台菜单', '', '/admin/siteset/webmenu.php', 44, 2, 49, 0);
INSERT INTO `backmenu` VALUES (39, 1, '信息回收站', '', '/admin/news/newsrecycle.php', 3, 2, 39, 1);
INSERT INTO `backmenu` VALUES (41, 1, '产品回收站', '', '/admin/product/productrecycle.php', 1, 2, 41, 1);
INSERT INTO `backmenu` VALUES (46, 1, '站点设定', '', '/admin/siteset/siteset.php', 44, 2, 46, 1);
INSERT INTO `backmenu` VALUES (44, 1, '站点管理', '', 'siteset', 0, 1, 1, 1);
INSERT INTO `backmenu` VALUES (50, 1, '留言反馈', '', '/admin/news/news_manage.php?&searchselect=4', 3, 2, 50, 0);

-- --------------------------------------------------------

-- 
-- 表的结构 `dept`
-- 

CREATE TABLE `dept` (
  `id_dept` int(11) NOT NULL auto_increment,
  `dept` varchar(25) NOT NULL,
  `lang` int(1) NOT NULL default '1',
  PRIMARY KEY  (`id_dept`)
) ENGINE=MyISAM  DEFAULT CHARSET=utf8 AUTO_INCREMENT=37 ;

-- 
-- 导出表中的数据 `dept`
-- 

INSERT INTO `dept` VALUES (36, '111', 1);
INSERT INTO `dept` VALUES (35, 'q', 1);

-- --------------------------------------------------------

-- 
-- 表的结构 `exam`
-- 

CREATE TABLE `exam` (
  `id_exam` int(11) NOT NULL auto_increment,
  `lang` int(1) NOT NULL default '1',
  `name` varchar(25) NOT NULL,
  `level` varchar(1) NOT NULL,
  `examdate` date NOT NULL,
  PRIMARY KEY  (`id_exam`)
) ENGINE=MyISAM DEFAULT CHARSET=utf8 AUTO_INCREMENT=1 ;

-- 
-- 导出表中的数据 `exam`
-- 


-- --------------------------------------------------------

-- 
-- 表的结构 `hr`
-- 

CREATE TABLE `hr` (
  `id_hr` int(11) NOT NULL auto_increment,
  `lang` int(1) NOT NULL default '1',
  `name` varchar(25) NOT NULL,
  `sex` int(1) NOT NULL default '1',
  `birthday` date NOT NULL,
  `hrcode` varchar(10) NOT NULL,
  `dept` int(11) NOT NULL,
  `iswork` int(1) NOT NULL default '1',
  `idcard` varchar(28) NOT NULL,
  `ismarry` int(1) NOT NULL,
  `nation` varchar(30) NOT NULL,
  `native` varchar(30) NOT NULL,
  `register` varchar(60) NOT NULL,
  `inwork` date NOT NULL,
  `education` varchar(20) NOT NULL,
  `profession` varchar(20) NOT NULL,
  `school` varchar(40) NOT NULL,
  `political` varchar(20) NOT NULL,
  `post` int(11) NOT NULL,
  `title` int(11) NOT NULL,
  `address` varchar(60) NOT NULL,
  `hometel` varchar(20) NOT NULL,
  `mobi` varchar(20) NOT NULL,
  `photo` varchar(50) NOT NULL,
  `hjqk` text NOT NULL,
  `cfqk` text NOT NULL,
  `gwbd` text NOT NULL,
  `ldht` text NOT NULL,
  `sbjn` text NOT NULL,
  `remark` text NOT NULL,
  `user` varchar(20) NOT NULL,
  `password` varchar(64) NOT NULL,
  `dele` int(1) NOT NULL default '1',
  `level` int(1) NOT NULL default '1',
  `indate` datetime NOT NULL,
  `modate` datetime NOT NULL,
  `deldate` datetime NOT NULL,
  `logindate` datetime NOT NULL,
  `loginip` varchar(16) NOT NULL,
  PRIMARY KEY  (`id_hr`)
) ENGINE=MyISAM  DEFAULT CHARSET=utf8 AUTO_INCREMENT=59 ;

-- 
-- 导出表中的数据 `hr`
-- 

INSERT INTO `hr` VALUES (1, 1, 'administrator', 1, '0000-00-00', '', 36, 1, '', 0, '', '', '', '2011-01-29', '', '', '', '', 9, 15, '', '', '', '', '', '', '', '', '', '', 'admin', 'admin888', 1, 1, '2011-01-29 18:08:13', '2011-02-25 22:22:35', '0000-00-00 00:00:00', '2013-09-03 15:48:39', '60.55.9.253');

-- --------------------------------------------------------

-- 
-- 表的结构 `layout`
-- 

CREATE TABLE `layout` (
  `id_layout` int(11) NOT NULL auto_increment,
  `lang` int(1) NOT NULL default '1',
  `title` varchar(250) NOT NULL,
  `url` text NOT NULL,
  `intro` text NOT NULL,
  `icon` text NOT NULL,
  `content` text NOT NULL,
  `openstat` int(1) NOT NULL default '1',
  `ordernum` int(11) NOT NULL,
  PRIMARY KEY  (`id_layout`)
) ENGINE=MyISAM  DEFAULT CHARSET=utf8 AUTO_INCREMENT=8 ;

-- 
-- 导出表中的数据 `layout`
-- 

INSERT INTO `layout` VALUES (1, 1, '中文首页LOGO及欢迎词', '', '上海手机信息科技有限公司是一家专注互联网技术服务的高新科技公司.', '', '', 0, 1);
INSERT INTO `layout` VALUES (2, 1, '中文页脚管理', '', '© 2013 上海手机信息科技有限公司', '', '', 0, 2);
INSERT INTO `layout` VALUES (3, 1, '中文首页BANNER图', '', '', '', '', 0, 3);
INSERT INTO `layout` VALUES (4, 1, '中文产品中心BANNER图', '', '', '', '', 0, 4);
INSERT INTO `layout` VALUES (5, 1, '中文新闻动态BANNER图', '', '', '', '', 0, 5);
INSERT INTO `layout` VALUES (6, 1, '英文首页LOGO及欢迎词', '', 'SHANGHAI Mobi is a high-tech company focusing on Internet technology services.', '', '', 0, 6);
INSERT INTO `layout` VALUES (7, 1, '英文页脚管理', '', '© 2013 SHANGHAI MOBI TECH CO,.LTD', '', '', 0, 7);

-- --------------------------------------------------------

-- 
-- 表的结构 `layoutpic`
-- 

CREATE TABLE `layoutpic` (
  `id_layoutpic` int(11) NOT NULL auto_increment,
  `id_layout` int(11) NOT NULL,
  `id_hr` int(11) NOT NULL,
  `title` varchar(250) NOT NULL,
  `intro` text NOT NULL,
  `url` varchar(250) NOT NULL,
  `opicname` varchar(250) NOT NULL,
  `spicname` varchar(250) NOT NULL,
  `dele` int(1) NOT NULL default '1',
  `type` varchar(3) NOT NULL,
  `indate` datetime NOT NULL,
  `modate` datetime NOT NULL,
  `deldate` datetime NOT NULL,
  `browsecount` int(11) NOT NULL,
  PRIMARY KEY  (`id_layoutpic`)
) ENGINE=MyISAM  DEFAULT CHARSET=utf8 AUTO_INCREMENT=54 ;

-- 
-- 导出表中的数据 `layoutpic`
-- 

INSERT INTO `layoutpic` VALUES (34, 3, 1, '', '', '/about/about.php?pageid=1', '1351213361.png', '', 1, 'PNG', '2012-10-26 09:02:41', '0000-00-00 00:00:00', '0000-00-00 00:00:00', 0);
INSERT INTO `layoutpic` VALUES (35, 3, 1, '', '', '/about/about.php?pageid=2', '1351213373.png', '', 1, 'PNG', '2012-10-26 09:02:53', '0000-00-00 00:00:00', '0000-00-00 00:00:00', 0);
INSERT INTO `layoutpic` VALUES (36, 3, 1, '', '', '/about/about.php?pageid=3', '1351213384.png', '', 1, 'PNG', '2012-10-26 09:03:04', '0000-00-00 00:00:00', '0000-00-00 00:00:00', 0);
INSERT INTO `layoutpic` VALUES (43, 3, 1, '', '', '', '1351217874.jpg', '', 1, 'JPG', '2012-10-26 10:17:54', '0000-00-00 00:00:00', '0000-00-00 00:00:00', 0);
INSERT INTO `layoutpic` VALUES (33, 1, 1, '', '', '', '1351212538.png', '', 1, 'PNG', '2012-10-26 08:48:58', '0000-00-00 00:00:00', '0000-00-00 00:00:00', 0);
INSERT INTO `layoutpic` VALUES (44, 3, 1, '', '', '', '1351585486.jpg', '', 1, 'JPG', '2012-10-30 16:24:46', '0000-00-00 00:00:00', '0000-00-00 00:00:00', 0);
INSERT INTO `layoutpic` VALUES (45, 3, 1, '', '', '', '1351585495.png', '', 1, 'PNG', '2012-10-30 16:24:55', '0000-00-00 00:00:00', '0000-00-00 00:00:00', 0);
INSERT INTO `layoutpic` VALUES (46, 3, 1, '', '', '', '1351585506.jpg', '', 1, 'JPG', '2012-10-30 16:25:06', '0000-00-00 00:00:00', '0000-00-00 00:00:00', 0);
INSERT INTO `layoutpic` VALUES (47, 3, 1, '', '', '', '1351585521.png', '', 1, 'PNG', '2012-10-30 16:25:21', '0000-00-00 00:00:00', '0000-00-00 00:00:00', 0);
INSERT INTO `layoutpic` VALUES (50, 4, 1, '', '', '', '1351658308.png', '', 1, 'PNG', '2012-10-31 12:38:28', '0000-00-00 00:00:00', '0000-00-00 00:00:00', 0);
INSERT INTO `layoutpic` VALUES (49, 4, 1, '', '', '', '1351652123.jpg', '', 1, 'JPG', '2012-10-31 10:55:23', '0000-00-00 00:00:00', '0000-00-00 00:00:00', 0);
INSERT INTO `layoutpic` VALUES (51, 5, 1, '', '', '', '1351662445.png', '', 1, 'PNG', '2012-10-31 13:47:25', '0000-00-00 00:00:00', '0000-00-00 00:00:00', 0);
INSERT INTO `layoutpic` VALUES (52, 5, 1, '', '', '', '1351662452.jpg', '', 1, 'JPG', '2012-10-31 13:47:32', '0000-00-00 00:00:00', '0000-00-00 00:00:00', 0);
INSERT INTO `layoutpic` VALUES (53, 6, 1, '', '', '', '1352860331.png', '', 1, 'PNG', '2012-11-14 10:32:11', '0000-00-00 00:00:00', '0000-00-00 00:00:00', 0);

-- --------------------------------------------------------

-- 
-- 表的结构 `newsdir`
-- 

CREATE TABLE `newsdir` (
  `id_newsdir` int(11) NOT NULL auto_increment,
  `lang` int(1) NOT NULL default '1',
  `name` varchar(25) NOT NULL,
  `intro` text NOT NULL,
  `dele` int(1) NOT NULL default '1',
  `fatherid` int(11) NOT NULL,
  `level` int(1) NOT NULL,
  `ordernum` int(11) NOT NULL,
  PRIMARY KEY  (`id_newsdir`)
) ENGINE=MyISAM  DEFAULT CHARSET=utf8 AUTO_INCREMENT=17 ;

-- 
-- 导出表中的数据 `newsdir`
-- 

INSERT INTO `newsdir` VALUES (1, 1, '信息中心', '', 1, 0, 1, 1);
INSERT INTO `newsdir` VALUES (2, 1, '公司新闻', '公司最新信息', 1, 1, 2, 2);
INSERT INTO `newsdir` VALUES (3, 1, '留言反馈', '', 0, 0, 1, 3);
INSERT INTO `newsdir` VALUES (4, 1, '留言反馈', '', 0, 3, 2, 4);
INSERT INTO `newsdir` VALUES (5, 1, '行业新闻', '行业最新文章', 1, 1, 2, 5);
INSERT INTO `newsdir` VALUES (7, 1, '产品新闻', '我们的新产品发布', 1, 1, 2, 7);
INSERT INTO `newsdir` VALUES (8, 0, 'News Center', '', 1, 0, 1, 8);
INSERT INTO `newsdir` VALUES (9, 0, 'Company News', '', 1, 8, 2, 9);
INSERT INTO `newsdir` VALUES (13, 1, '案例展示', '', 0, 12, 2, 13);
INSERT INTO `newsdir` VALUES (10, 0, 'Industry News', '', 1, 8, 2, 10);
INSERT INTO `newsdir` VALUES (11, 0, 'Product News', '', 1, 8, 2, 11);
INSERT INTO `newsdir` VALUES (12, 1, '案例展示', '', 0, 0, 1, 12);
INSERT INTO `newsdir` VALUES (14, 0, 'Case Show', '', 0, 12, 2, 14);
INSERT INTO `newsdir` VALUES (15, 1, '新品介绍', '公司最新研发产品', 1, 1, 2, 15);
INSERT INTO `newsdir` VALUES (16, 1, 'New Products', '', 1, 8, 2, 16);

-- --------------------------------------------------------

-- 
-- 表的结构 `newsinfo`
-- 

CREATE TABLE `newsinfo` (
  `id_newsinfo` int(11) NOT NULL auto_increment,
  `id_newsdir` int(11) NOT NULL,
  `id_hr` int(11) NOT NULL,
  `lang` int(1) NOT NULL default '1',
  `title` varchar(250) NOT NULL,
  `intro` text NOT NULL,
  `content` longtext NOT NULL,
  `tag` text NOT NULL,
  `dele` int(1) NOT NULL default '1',
  `isnew` int(1) NOT NULL default '1',
  `url` varchar(255) NOT NULL,
  `newsdate` date NOT NULL,
  `indate` datetime NOT NULL,
  `modate` datetime NOT NULL,
  `deldate` datetime NOT NULL,
  `browsecount` int(11) NOT NULL,
  `ordernum` int(11) NOT NULL,
  PRIMARY KEY  (`id_newsinfo`)
) ENGINE=MyISAM  DEFAULT CHARSET=utf8 AUTO_INCREMENT=46 ;

-- 
-- 导出表中的数据 `newsinfo`
-- 

INSERT INTO `newsinfo` VALUES (42, 9, 0, 1, 'HP bets big on Linux', '', '<p style="font: 12px/17px &quot;Helvetica Neue&quot;, Arial, Helvetica, sans-serif; margin: 0px 0px 1.5em; padding: 0px; border: 0px currentColor; text-align: left; color: rgb(0, 0, 0); text-transform: none; text-indent: 0px; letter-spacing: normal; word-spacing: 0px; vertical-align: baseline; white-space: normal; orphans: 2; widows: 2; font-size-adjust: none; font-stretch: normal; background-color: rgb(255, 255, 255); -webkit-text-size-adjust: auto; -webkit-text-stroke-width: 0px;">\r\n	HP has long been a contributor to Linux and<span class="Apple-converted-space">&nbsp;</span><a href="http://www.pcworld.com/article/209891/10_reasons_open_source_is_good_for_business.html" style="margin: 0px; padding: 0px; border: 0px currentColor; color: rgb(0, 95, 126); font-family: inherit; font-size: 12px; font-style: inherit; font-weight: inherit; text-decoration: none; vertical-align: baseline;">open source software</a>, but on Monday it ratcheted up its support another notch.</p>\r\n<p style="font: 12px/17px &quot;Helvetica Neue&quot;, Arial, Helvetica, sans-serif; margin: 0px 0px 1.5em; padding: 0px; border: 0px currentColor; text-align: left; color: rgb(0, 0, 0); text-transform: none; text-indent: 0px; letter-spacing: normal; word-spacing: 0px; vertical-align: baseline; white-space: normal; orphans: 2; widows: 2; font-size-adjust: none; font-stretch: normal; background-color: rgb(255, 255, 255); -webkit-text-size-adjust: auto; -webkit-text-stroke-width: 0px;">\r\n	Specifically, the company announced at the LinuxCon Europe event going on this week in Barcelona that it has made the $500,000 investment necessary to become a platinum member of the Linux Foundation, upgrading from the gold membership it held previously.</p>\r\n<p style="font: 12px/17px &quot;Helvetica Neue&quot;, Arial, Helvetica, sans-serif; margin: 0px 0px 1.5em; padding: 0px; border: 0px currentColor; text-align: left; color: rgb(0, 0, 0); text-transform: none; text-indent: 0px; letter-spacing: normal; word-spacing: 0px; vertical-align: baseline; white-space: normal; orphans: 2; widows: 2; font-size-adjust: none; font-stretch: normal; background-color: rgb(255, 255, 255); -webkit-text-size-adjust: auto; -webkit-text-stroke-width: 0px;">\r\n	The nonprofit Linux Foundation&#39;s other platinum members are Fujitsu,<span class="Apple-converted-space">&nbsp;</span><a href="http://www.pcworld.com/businesscenter/article/248849/coming_soon_an_ibm_edition_of_apache_openoffice.html" style="margin: 0px; padding: 0px; border: 0px currentColor; color: rgb(0, 95, 126); font-family: inherit; font-size: 12px; font-style: inherit; font-weight: inherit; text-decoration: none; vertical-align: baseline;">IBM</a>, Intel, NEC, Qualcomm,<a href="http://www.pcworld.com/businesscenter/article/256608/judge_clears_google_of_java_copyright_infringement.html" style="margin: 0px; padding: 0px; border: 0px currentColor; color: rgb(0, 95, 126); font-family: inherit; font-size: 12px; font-style: inherit; font-weight: inherit; text-decoration: none; vertical-align: baseline;">Oracle</a>, and--most recently--<a href="http://www.pcworld.com/article/257063/samsung_gets_serious_about_linux_with_500k_investment.html" style="margin: 0px; padding: 0px; border: 0px currentColor; color: rgb(0, 95, 126); font-family: inherit; font-size: 12px; font-style: inherit; font-weight: inherit; text-decoration: none; vertical-align: baseline;">Samsung</a>.<span class="Apple-converted-space">&nbsp;</span><a href="http://www.pcworld.com/article/261437/twitter_joins_the_linux_foundation.html" style="margin: 0px; padding: 0px; border: 0px currentColor; color: rgb(0, 95, 126); font-family: inherit; font-size: 12px; font-style: inherit; font-weight: inherit; text-decoration: none; vertical-align: baseline;">Twitter</a>,<span class="Apple-converted-space">&nbsp;</span><a href="http://www.pcworld.com/businesscenter/article/215919/broadcom_joins_the_linux_foundation.html" style="margin: 0px; padding: 0px; border: 0px currentColor; color: rgb(0, 95, 126); font-family: inherit; font-size: 12px; font-style: inherit; font-weight: inherit; text-decoration: none; vertical-align: baseline;">Broadcom</a>, and<span class="Apple-converted-space">&nbsp;</span><a href="http://www.pcworld.com/businesscenter/article/251427/nvidia_jumps_on_board_with_the_linux_foundation.html" style="margin: 0px; padding: 0px; border: 0px currentColor; color: rgb(0, 95, 126); font-family: inherit; font-size: 12px; font-style: inherit; font-weight: inherit; text-decoration: none; vertical-align: baseline;">Nvidia</a><span class="Apple-converted-space">&nbsp;</span>are other big-name additions to the consortium&#39;s roster of members in recent months.</p>\r\n<p style="font: 12px/17px &quot;Helvetica Neue&quot;, Arial, Helvetica, sans-serif; margin: 0px 0px 1.5em; padding: 0px; border: 0px currentColor; text-align: left; color: rgb(0, 0, 0); text-transform: none; text-indent: 0px; letter-spacing: normal; word-spacing: 0px; vertical-align: baseline; white-space: normal; orphans: 2; widows: 2; font-size-adjust: none; font-stretch: normal; background-color: rgb(255, 255, 255); -webkit-text-size-adjust: auto; -webkit-text-stroke-width: 0px;">\r\n	HP will now have a seat on the Linux Foundation&#39;s board of directors and will be directly involved in advancing Linux-based initiatives, workgroups, events, and other efforts.</p>\r\n<p style="font: 12px/17px &quot;Helvetica Neue&quot;, Arial, Helvetica, sans-serif; margin: 0px 0px 1.5em; padding: 0px; border: 0px currentColor; text-align: left; color: rgb(0, 0, 0); text-transform: none; text-indent: 0px; letter-spacing: normal; word-spacing: 0px; vertical-align: baseline; white-space: normal; orphans: 2; widows: 2; font-size-adjust: none; font-stretch: normal; background-color: rgb(255, 255, 255); -webkit-text-size-adjust: auto; -webkit-text-stroke-width: 0px;">\r\n	<strong style="font-weight: bold;">&#39;A strategic asset&#39;</strong></p>\r\n<p style="font: 12px/17px &quot;Helvetica Neue&quot;, Arial, Helvetica, sans-serif; margin: 0px 0px 1.5em; padding: 0px; border: 0px currentColor; text-align: left; color: rgb(0, 0, 0); text-transform: none; text-indent: 0px; letter-spacing: normal; word-spacing: 0px; vertical-align: baseline; white-space: normal; orphans: 2; widows: 2; font-size-adjust: none; font-stretch: normal; background-color: rgb(255, 255, 255); -webkit-text-size-adjust: auto; -webkit-text-stroke-width: 0px;">\r\n	HP offers<span class="Apple-converted-space">&nbsp;</span><a href="http://www.pcworld.com/article/224876/centos56_a_free_powerhouse_for_web_servers.html" style="margin: 0px; padding: 0px; border: 0px currentColor; color: rgb(0, 95, 126); font-family: inherit; font-size: 12px; font-style: inherit; font-weight: inherit; text-decoration: none; vertical-align: baseline;">Red Hat Enterprise Linux (RHEL)</a><span class="Apple-converted-space">&nbsp;</span>and SUSE Enterprise Linux on servers and desktops as well as certifying<span class="Apple-converted-space">&nbsp;</span><a href="http://www.pcworld.com/article/2012639/ubuntu-linux-12-10-quantal-quetzal-takes-flight-at-last.html" style="margin: 0px; padding: 0px; border: 0px currentColor; color: rgb(0, 95, 126); font-family: inherit; font-size: 12px; font-style: inherit; font-weight: inherit; text-decoration: none; vertical-align: baseline;">Ubuntu Linux</a><span class="Apple-converted-space">&nbsp;</span>for use on desktops and in cloud computing.</p>\r\n<p style="font: 12px/17px &quot;Helvetica Neue&quot;, Arial, Helvetica, sans-serif; margin: 0px 0px 1.5em; padding: 0px; border: 0px currentColor; text-align: left; color: rgb(0, 0, 0); text-transform: none; text-indent: 0px; letter-spacing: normal; word-spacing: 0px; vertical-align: baseline; white-space: normal; orphans: 2; widows: 2; font-size-adjust: none; font-stretch: normal; background-color: rgb(255, 255, 255); -webkit-text-size-adjust: auto; -webkit-text-stroke-width: 0px;">\r\n	Now, however, it&#39;s clear HP&#39;s Linux-related plans don&#39;t stop there.</p>\r\n<p style="font: 12px/17px &quot;Helvetica Neue&quot;, Arial, Helvetica, sans-serif; margin: 0px 0px 1.5em; padding: 0px; border: 0px currentColor; text-align: left; color: rgb(0, 0, 0); text-transform: none; text-indent: 0px; letter-spacing: normal; word-spacing: 0px; vertical-align: baseline; white-space: normal; orphans: 2; widows: 2; font-size-adjust: none; font-stretch: normal; background-color: rgb(255, 255, 255); -webkit-text-size-adjust: auto; -webkit-text-stroke-width: 0px;">\r\n	Linux is a strategic asset for all major technology companies, said Eileen Evans, HP&#39;s vice president and associate general counsel for cloud computing and open source. With our Linux Foundation Platinum membership, we will have a variety of ways to maximize our investment in Linux and collaborative development that advances our own business as well as greater industry innovation.</p>\r\n<p style="font: 12px/17px &quot;Helvetica Neue&quot;, Arial, Helvetica, sans-serif; margin: 0px 0px 1.5em; padding: 0px; border: 0px currentColor; text-align: left; color: rgb(0, 0, 0); text-transform: none; text-indent: 0px; letter-spacing: normal; word-spacing: 0px; vertical-align: baseline; white-space: normal; orphans: 2; widows: 2; font-size-adjust: none; font-stretch: normal; background-color: rgb(255, 255, 255); -webkit-text-size-adjust: auto; -webkit-text-stroke-width: 0px;">\r\n	<strong style="font-weight: bold;">Support in the cloud</strong></p>\r\n<p style="font: 12px/17px &quot;Helvetica Neue&quot;, Arial, Helvetica, sans-serif; margin: 0px 0px 1.5em; padding: 0px; border: 0px currentColor; text-align: left; color: rgb(0, 0, 0); text-transform: none; text-indent: 0px; letter-spacing: normal; word-spacing: 0px; vertical-align: baseline; white-space: normal; orphans: 2; widows: 2; font-size-adjust: none; font-stretch: normal; background-color: rgb(255, 255, 255); -webkit-text-size-adjust: auto; -webkit-text-stroke-width: 0px;">\r\n	It&#39;s been an exciting year watching all the new additions to the Linux Foundation&#39;s ranks of some 150 members.</p>\r\n<p style="font: 12px/17px &quot;Helvetica Neue&quot;, Arial, Helvetica, sans-serif; margin: 0px 0px 1.5em; padding: 0px; border: 0px currentColor; text-align: left; color: rgb(0, 0, 0); text-transform: none; text-indent: 0px; letter-spacing: normal; word-spacing: 0px; vertical-align: baseline; white-space: normal; orphans: 2; widows: 2; font-size-adjust: none; font-stretch: normal; background-color: rgb(255, 255, 255); -webkit-text-size-adjust: auto; -webkit-text-stroke-width: 0px;">\r\n	Also this week at LinuxCon Europe, the consortium gained Cloudscaling, CloudSigma, Cloudsoft, and DreamHost as new members; cloud vendor Citrix, meanwhile, upgraded to a gold membership in the foundation.</p>\r\n', '', 1, 1, '', '2012-11-14', '2012-11-14 21:22:13', '2012-11-14 21:22:42', '0000-00-00 00:00:00', 0, 42);
INSERT INTO `newsinfo` VALUES (5, 2, 0, 1, 'Facebook的图片机器：每个月积压90亿张！', '大多数人对Facebook的映像可能还会是一个社交巨头。', '<div class="summary" style="margin: 0px 0px 1.5em; padding: 5px 10px; list-style: none; background-color: rgb(247, 247, 247); color: rgb(51, 51, 51); font-family: Helvetica, Tahoma, Arial, sans-serif; font-size: 14px; line-height: 24px; text-align: left; ">\r\n	<strong>摘要：</strong>大多数人对Facebook的映像可能还会是一个社交巨头。通过之前的报道可能还会了解到这个社交巨头在大数据方面也是玩的一手好活。然而最近又传出了Facebook在图片的处理上堪比图片服务供应商巨头Flickr！不仅如此，他还要把用户的2200亿张图片放到冰上？！</div>\r\n<div class="con news_content" style="margin: 0px 0px 30px; padding: 0px; list-style: none; color: rgb(51, 51, 51); font-family: Helvetica, Tahoma, Arial, sans-serif; font-size: 14px; line-height: 24px; text-align: left; ">\r\n	<p style="margin: 0px 0px 1.5em; padding: 0px; list-style: none; ">\r\n		你知道一个社交网络需要保存多少你的宿醉照片吗？Facebook的管理VP在Gigaom&#39;s Strucyure：Europe会议上说到，Facebook当下已经储存了2200亿张。</p>\r\n	<p style="margin: 0px 0px 1.5em; padding: 0px; list-style: none; ">\r\n		Parikh在会议第二天的Q&amp;A透露说：&ldquo;Facebook现在每月大约传播7PB大小的新图片，这个数字还在呈持续性增长。用户们每天大约上传大约3亿张图片，而增长的势头更是猛烈异常。&rdquo;其中最不可思议的无疑是这些照片的积压速度：每周21亿张、每月90亿张、每年1095亿张!</p>\r\n	<p style="margin: 0px 0px 1.5em; padding: 0px; list-style: none; ">\r\n		在2010年底，Facebook村春600亿张图片，在2011年中期大约有1000亿张。而今天却拥有了2200亿张！</p>\r\n	<p style="margin: 0px 0px 1.5em; padding: 0px; list-style: none; ">\r\n		下面我们来做一下Facebook与专业级图片服务供应商Flickr的对比：</p>\r\n	<ul style="margin: 0px 0px 1em 20px; padding-right: 0px; padding-left: 0px; list-style: none; ">\r\n		<li style="margin: 0px; padding: 0px; list-style: disc; ">\r\n			2011年Flickr托管了60亿张照片。经过了一年的增长现在大约有70亿张。</li>\r\n		<li style="margin: 0px; padding: 0px; list-style: disc; ">\r\n			广受欢迎的Instagram在一个生命周期内（图片收集到销毁）就积压了大约40亿张图片。</li>\r\n	</ul>\r\n	<p style="margin: 0px 0px 1.5em; padding: 0px; list-style: none; ">\r\n		但是别忘记了，图片处理只是Facebook任务之一（即使这件事情比较重要）。</p>\r\n	<p style="margin: 0px 0px 1.5em; padding: 0px; list-style: none; ">\r\n		Parikh提起了一些关于周期上需求限制：&ldquo;Halloween是我们一年中图片上传量最大的一天 &mdash; 仅仅是这一天我们可能会收到10-20亿张图片。&rdquo;考虑到Facebook不会立即废弃甚至删除这些图片，你就可以体会到一个社交网络在面临如此艰巨存储挑战时的感觉。</p>\r\n	<p style="margin: 0px 0px 1.5em; padding: 0px; list-style: none; ">\r\n		所以在2013年，Facebook将在吕勒奥（瑞典北部）建立第三个数据中心。这个地点的数据中心不仅会有益于来自沿海的访问，还会得益近北极圈的这个地理位置。</p>\r\n	<p style="margin: 0px 0px 1.5em; padding: 0px; list-style: none; ">\r\n		&ldquo;在这里一年中有10个月都会很冷，这段时间内将不需要任何冷却装置，因为我们有免费的空气冷却 &mdash; 只需要打开窗户所有的设备都会得到冷却。&rdquo;</p>\r\n	<p style="margin: 0px 0px 1.5em; padding: 0px; list-style: none; ">\r\n		Facebook准备在2015年实现25%的能源取自无污染、可再生资源。吕勒奥数据中心也将是它首个抛弃OEM服务器硬件的数据中心。这对于服务器供应商巨头HP和Dell来说无疑不是一个好消息。这个数据中心也是为80%美国以外及不断增长的用户设计的。Parikh解释说：&ldquo;我们其中的一个希望就是改善提供给所有欧洲及周围用户的服务质量。&rdquo;同时Facebook这个项目还涉及到与当地运营商TeliaSonera在8000公里光纤上的合作。</p>\r\n</div>\r\n<br />\r\n', '', 1, 1, '', '2012-10-01', '2012-10-19 13:08:51', '2012-10-31 14:43:03', '0000-00-00 00:00:00', 0, 5);
INSERT INTO `newsinfo` VALUES (6, 2, 0, 1, 'Adobe的HTML5实验', '尽管HTML5技术差不多已经将Adobe的Flash逼上了绝路', '<div class="summary" style="margin: 0px 0px 1.5em; padding: 5px 10px; list-style: none; background-color: rgb(247, 247, 247); color: rgb(51, 51, 51); font-family: Helvetica, Tahoma, Arial, sans-serif; font-size: 14px; line-height: 24px; text-align: left; ">\r\n	<strong>摘要：</strong>尽管HTML5技术差不多已经将Adobe的Flash逼上了绝路，但这并不意味着Adobe要始终与HTML5为敌。相反，Adobe现在也是HTML5技术的主要支持者之一。</div>\r\n<div class="con news_content" style="margin: 0px 0px 30px; padding: 0px; list-style: none; color: rgb(51, 51, 51); font-family: Helvetica, Tahoma, Arial, sans-serif; font-size: 14px; line-height: 24px; text-align: left; ">\r\n	<p style="margin: 0px 0px 1.5em; padding: 0px; list-style: none; ">\r\n		<strong>Adobe的Web平台团队正在实施一些<a href="http://blogs.adobe.com/webplatform/2012/10/17/the-graphical-web-experiment/" style="cursor: pointer; color: rgb(0, 102, 204); text-decoration: none; " target="_blank"><font color="#006699">新的图形特性</font></a>，并在一个网页中通过讲故事的形式展示出来，</strong>你可以直接在<a href="http://thegraphicalweb.com/" style="cursor: pointer; color: rgb(0, 102, 204); text-decoration: none; " target="_blank"><font color="#006699">thegraphicalweb.com</font></a>中观看，也可以通过<a href="http://www.youtube.com/watch?v=P2Yj-8zGa3U" style="cursor: pointer; color: rgb(0, 102, 204); text-decoration: none; " target="_blank"><font color="#006699">这个视频</font></a>来观看。</p>\r\n	<p style="margin: 0px 0px 1.5em; padding: 0px; list-style: none; ">\r\n		<strong>该项目使用到的技术主要包括：</strong></p>\r\n	<p style="margin: 0px 0px 1.5em; padding: 0px; list-style: none; ">\r\n		<strong>1.SVG（Scalable Vector Graphics，可缩放矢量图形）</strong></p>\r\n	<p style="margin: 0px 0px 1.5em; padding: 0px; list-style: none; ">\r\n		由于SVG的扩展性以及易于与CSS/ JavaScript操作特性，该技术被贯穿使用在<a href="http://thegraphicalweb.com/" style="cursor: pointer; color: rgb(0, 102, 204); text-decoration: none; " target="_blank"><font color="#006699">thegraphicalweb.com</font></a>网站中。其中动态SVG创建和动画效果，基于一个流行的SVG数据可视化库<a href="http://d3js.org/" style="cursor: pointer; color: rgb(0, 102, 204); text-decoration: none; " target="_blank"><font color="#006699">D3.js</font></a>。D3在该网站中主要用于在背景中生成群山的形状。</p>\r\n	<p style="margin: 0px 0px 1.5em; padding: 0px; list-style: none; text-align: center; ">\r\n		<img alt="" src="http://articles.csdn.net/uploads/allimg/121019/09245930I-0.gif" style="vertical-align: middle; border: none; " /></p>\r\n	<p style="margin: 0px 0px 1.5em; padding: 0px; list-style: none; ">\r\n		<strong>2.CSS3和SASS</strong></p>\r\n	<p style="margin: 0px 0px 1.5em; padding: 0px; list-style: none; ">\r\n		在网站中，主要使用CSS Animation和Transforms属性来实现闪烁和移动效果，这些属性被应用到内联SVG的路径和元素上。<a href="http://sass-lang.com/" style="cursor: pointer; color: rgb(0, 102, 204); text-decoration: none; " target="_blank"><font color="#006699">SASS</font></a>是构建于CSS之上的元语言，扩展了CSS3，增加了规则、变量、混入、选择器、继承等特性。该网站主要使用Sass来生成良好格式化的CSS代码。</p>\r\n	<p style="margin: 0px 0px 1.5em; padding: 0px; list-style: none; ">\r\n		<strong>3.2D Canvas</strong></p>\r\n	<p style="margin: 0px 0px 1.5em; padding: 0px; list-style: none; ">\r\n		在网站中，使用<a href="http://processingjs.org/" style="cursor: pointer; color: rgb(0, 102, 204); text-decoration: none; " target="_blank"><font color="#006699">Processing.js</font></a>来实现一个粒子系统，通过切换点阵的组合形式，来呈现一个说话的人脸效果。</p>\r\n	<p style="margin: 0px 0px 1.5em; padding: 0px; list-style: none; text-align: center; ">\r\n		<img alt="" src="http://articles.csdn.net/uploads/allimg/121019/0924595231-1.png" style="vertical-align: middle; border: none; " /></p>\r\n	<p style="margin: 0px 0px 1.5em; padding: 0px; list-style: none; ">\r\n		<strong>4.着色器</strong></p>\r\n	<p style="margin: 0px 0px 1.5em; padding: 0px; list-style: none; ">\r\n		该网站使用了一个自定义的GLSL着色器，来实现WebGL场景中发光的背景效果。通过<a href="http://html.adobe.com/webstandards/csscustomfilters/cssfilterlab/" style="cursor: pointer; color: rgb(0, 102, 204); text-decoration: none; " target="_blank"><font color="#006699">CSS Filter Lab</font></a>这个工具，编写自定义着色器的难度大大降低。</p>\r\n	<p style="margin: 0px 0px 1.5em; padding: 0px; list-style: none; text-align: center; ">\r\n		<img alt="" src="http://articles.csdn.net/uploads/allimg/121019/09245940Q-2.gif" style="vertical-align: middle; border: none; " /></p>\r\n	<p style="margin: 0px 0px 1.5em; padding: 0px; list-style: none; ">\r\n		此外，<strong>该网站还使用3D Transforms来实现场景旋转、缩放效果，使用HTML5 Audio来播放音频。</strong></p>\r\n</div>\r\n<br />\r\n', '', 1, 1, '', '2012-10-22', '2012-10-19 13:08:51', '2012-10-31 14:43:19', '0000-00-00 00:00:00', 0, 6);
INSERT INTO `newsinfo` VALUES (7, 2, 0, 1, '谷歌开放其数据中心 惊现星球大战“黑武士”', '数据中心一直是很多大公司的“王牌”，一般不愿意轻易示人，而且动用各种手段来保持数据中心的神秘性。', '<div class="summary" style="margin: 0px 0px 1.5em; padding: 5px 10px; list-style: none; background-color: rgb(247, 247, 247); color: rgb(51, 51, 51); font-family: Helvetica, Tahoma, Arial, sans-serif; font-size: 14px; line-height: 24px; text-align: left; ">\r\n	<strong>摘要：</strong>数据中心一直是很多大公司的&ldquo;王牌&rdquo;，一般不愿意轻易示人，而且动用各种手段来保持数据中心的神秘性。今天谷歌开始解开了数据中心的面纱，甚至做了一个谷歌街景来展示这些位于世界各地的数据中心。有图有真相，一起来看一下世界顶级的数据中心是什么样子的！</div>\r\n<div class="con news_content" style="margin: 0px 0px 30px; padding: 0px; list-style: none; color: rgb(51, 51, 51); font-family: Helvetica, Tahoma, Arial, sans-serif; font-size: 14px; line-height: 24px; text-align: left; ">\r\n	<p style="margin: 0px 0px 1.5em; padding: 0px; list-style: none; ">\r\n		数据中心保密的日子已经一去不复返了。谷歌&mdash;&mdash;花费了数年的时间，一直试图保持其数据中心的规模，架构和能耗的秘密&mdash;&mdash;现在已经开展了各种公关活动，包括展示照片，接受采访，甚至做了一个谷歌街景来展示这些位于世界各地的数据中心。</p>\r\n	<p style="margin: 0px 0px 1.5em; padding: 0px; list-style: none; ">\r\n		虽然谷歌的<a href="http://googleblog.blogspot.nl/2012/10/googles-data-centers-inside-look.html" style="cursor: pointer; color: rgb(0, 102, 204); text-decoration: none; " target="_blank">数据中心之旅</a>非常令人感兴趣，但是真正值得思考的动机：对新闻界发布友好的讯息。去年， Facebook推出了Open Compute Project，它公布了数据中心得服务器、服务器机房和冷却系统的设计，让数据中心达到一个前所未有的开放水平。不过谷歌主要依赖于以下几个方面打造与客户的关系：</p>\r\n	<ul style="margin: 0px 0px 1em 20px; padding-right: 0px; padding-left: 0px; list-style: none; ">\r\n		<li style="margin: 0px; padding: 0px; list-style: disc; ">\r\n			数据的隐私保护</li>\r\n		<li style="margin: 0px; padding: 0px; list-style: disc; ">\r\n			信任</li>\r\n		<li style="margin: 0px; padding: 0px; list-style: disc; ">\r\n			在云中保存信息</li>\r\n		<li style="margin: 0px; padding: 0px; list-style: disc; ">\r\n			在需要的时候，及时传送数据</li>\r\n	</ul>\r\n	<p style="margin: 0px 0px 1.5em; padding: 0px; list-style: none; ">\r\n		所以，客户需要感觉到对谷歌和Facebook的喜爱，那么后期的数据中心解决方案应该更加开放。其实，数据中心是云计算中最具竞争的因素之一，为了紧随云计算发展的步伐，苹果一直突出强调自己独特的云操作，只是有可能打开了数据中心的大门；微软也有可能开放自己的数据中心，来推动其Azure服务；亚马逊是不太可能开放自己的数据中心的。</p>\r\n	<p style="margin: 0px 0px 1.5em; padding: 0px; list-style: none; ">\r\n		其实对于谷歌和Facebook这样的大公司来说，作为云服务提供商，数据中心的实力绝对是一个好的卖点。</p>\r\n	<p style="margin: 0px 0px 1.5em; padding: 0px; list-style: none; ">\r\n		那么数据中心可能会向广大市民开放，在并不遥远的未来，世界各地的高科技巨头都会&ldquo;叫卖&rdquo;自己的数据中心。不过像谷歌这些公司仍然需要保护这些庞大的数据中心的客户数据。所以，不要指望能够去很快的去参观谷歌的数据中心。谷歌也只是显示了其八个数据中心的图片而已，无疑它还是会限制对数据中心的访问。</p>\r\n	<p style="margin: 0px 0px 1.5em; padding: 0px; list-style: none; ">\r\n		下面是谷歌数据中心的图片展示，现在已经出现在<a href="https://maps.google.com/maps?hl=en&amp;ll=35.898645,-81.548671&amp;spn=0.005945,0.012306&amp;sll=35.900197,-81.547024&amp;layer=c&amp;cid=7373938251588581469&amp;panoid=QJRzrgIKmN4uPQg7lmOGww&amp;cbp=13,119.83,,0,3.72&amp;gl=US&amp;t=m&amp;z=17&amp;cbll=35.898621,-81.548447" style="cursor: pointer; color: rgb(0, 102, 204); text-decoration: none; " target="_blank">Google街景视图</a>上。（编译/<a href="http://weibo.com/1615203572/profile?topnav=1&amp;wvr=3.6" style="cursor: pointer; color: rgb(0, 102, 204); text-decoration: none; " target="_blank">@CSDN王鹏</a>，审校/包研）</p>\r\n	<p style="margin: 0px 0px 1.5em; padding: 0px; list-style: none; text-align: center; ">\r\n		<img alt="" border="0" height="310" src="http://articles.csdn.net/uploads/allimg/121018/145_121018133906_1.png" style="vertical-align: middle; border: none; cursor: pointer; " width="600" /></p>\r\n	<p style="margin: 0px 0px 1.5em; padding: 0px; list-style: none; text-align: center; ">\r\n		&nbsp;谷歌的服务器机房</p>\r\n	<p style="margin: 0px 0px 1.5em; padding: 0px; list-style: none; text-align: center; ">\r\n		<img alt="" border="0" height="301" src="http://articles.csdn.net/uploads/allimg/121018/145_121018133923_1.png" style="vertical-align: middle; border: none; cursor: pointer; " width="600" /></p>\r\n	<p style="margin: 0px 0px 1.5em; padding: 0px; list-style: none; text-align: center; ">\r\n		&nbsp;谷歌搭建的服务器</p>\r\n	<p style="margin: 0px 0px 1.5em; padding: 0px; list-style: none; text-align: center; ">\r\n		<img alt="" border="0" height="315" src="http://articles.csdn.net/uploads/allimg/121018/145_121018133936_1.png" style="vertical-align: middle; border: none; cursor: pointer; " width="600" /></p>\r\n	<p style="margin: 0px 0px 1.5em; padding: 0px; list-style: none; text-align: center; ">\r\n		&nbsp;谷歌的网络机房&nbsp;</p>\r\n	<p style="margin: 0px 0px 1.5em; padding: 0px; list-style: none; text-align: center; ">\r\n		<img alt="" border="0" height="312" src="http://articles.csdn.net/uploads/allimg/121018/145_121018133950_1.png" style="vertical-align: middle; border: none; cursor: pointer; " width="600" /></p>\r\n	<p style="margin: 0px 0px 1.5em; padding: 0px; list-style: none; text-align: center; ">\r\n		&nbsp;谷歌的磁带备份</p>\r\n	<p style="margin: 0px 0px 1.5em; padding: 0px; list-style: none; text-align: center; ">\r\n		<img alt="" border="0" height="310" src="http://articles.csdn.net/uploads/allimg/121018/145_121018134006_1.png" style="vertical-align: middle; border: none; cursor: pointer; " width="600" /></p>\r\n	<p style="margin: 0px 0px 1.5em; padding: 0px; list-style: none; text-align: center; ">\r\n		谷歌销毁废弃的硬盘</p>\r\n	<p style="margin: 0px 0px 1.5em; padding: 0px; list-style: none; text-align: center; ">\r\n		<img alt="" border="0" height="313" src="http://articles.csdn.net/uploads/allimg/121018/145_121018134523_1.png" style="vertical-align: middle; border: none; cursor: pointer; " width="600" /></p>\r\n	<p style="margin: 0px 0px 1.5em; padding: 0px; list-style: none; text-align: center; ">\r\n		A server room in Council Bluffs, Iowa.</p>\r\n	<p style="margin: 0px 0px 1.5em; padding: 0px; list-style: none; text-align: center; ">\r\n		<img alt="" border="0" height="310" src="http://articles.csdn.net/uploads/allimg/121018/145_121018134235_1.png" style="vertical-align: middle; border: none; cursor: pointer; " width="600" /></p>\r\n	<p style="margin: 0px 0px 1.5em; padding: 0px; list-style: none; text-align: center; ">\r\n		A central cooling plant in Google&rsquo;s Douglas County, Georgia, data center.</p>\r\n	<p style="margin: 0px 0px 1.5em; padding: 0px; list-style: none; ">\r\n		<strong>亮点新闻</strong>：谷歌数据中心，惊现&ldquo;黑武士&rdquo;！看看这身拉风的装备，完全重现星球大战中&ldquo;黑武士&rdquo;的形象，是谷歌是出于安全或者其他方面的原因，给工作人员的正式着装，还是仅仅做一个亮点，给自己做个广告？</p>\r\n</div>\r\n<br />\r\n', '', 1, 1, '', '2012-03-19', '2012-10-19 13:08:52', '2012-10-31 14:47:57', '0000-00-00 00:00:00', 0, 7);
INSERT INTO `newsinfo` VALUES (8, 2, 0, 1, '智能手机vs.桌面：SEO+Web开发重心转移？', '拜移动大潮所赐，通过使用平板电脑和智能手机进行Web搜索呈爆炸性的增长', '<div class="summary" style="margin: 0px 0px 1.5em; padding: 5px 10px; list-style: none; background-color: rgb(247, 247, 247); color: rgb(51, 51, 51); font-family: Helvetica, Tahoma, Arial, sans-serif; font-size: 14px; line-height: 24px; text-align: left; ">\r\n	<strong>摘要：</strong>拜移动大潮所赐，通过使用平板电脑和智能手机进行Web搜索呈爆炸性的增长，有数据显示，用户正逐渐倾向于使用手机查看网页。从谷歌的举动可以表明，SEO专家有将重心转移至移动开发的迹象。可以肯定的是随着技术的不断发展和规则的更改，开发者和SEO顾问需要作出相应的调整。</div>\r\n<div class="con news_content" style="margin: 0px 0px 30px; padding: 0px; list-style: none; color: rgb(51, 51, 51); font-family: Helvetica, Tahoma, Arial, sans-serif; font-size: 14px; line-height: 24px; text-align: left; ">\r\n	<p style="margin: 0px 0px 1.5em; padding: 0px; list-style: none; text-align: center; ">\r\n		<img alt="" src="http://articles.csdn.net/uploads/allimg/121017/94_121017144859_1.jpg" style="vertical-align: middle; border: 0px solid; cursor: pointer; " /></p>\r\n	<p style="margin: 0px 0px 1.5em; padding: 0px; list-style: none; ">\r\n		拜移动大潮所赐，通过使用平板电脑和智能手机进行Web搜索呈爆炸性的增长，有数据显示，用户正逐渐倾向于使用手机查看网页。与2010年相比，用户通过移动设备获取信息的比例提高了两倍；而通过社交网络上获取信息比例达三倍。用户越来越喜欢更小、便捷、易携带的移动设备。</p>\r\n	<p style="margin: 0px 0px 1.5em; padding: 0px; list-style: none; ">\r\n		那么，为何还有如此多的SEO专家依然集中在桌面开发呢？难道是因为开发者没感觉到这一潮流吗？还是因为客户或者老板不愿承受额外的费用呢？</p>\r\n	<p style="margin: 0px 0px 1.5em; padding: 0px; list-style: none; ">\r\n		如果越来越多的用户在旅途中想要通过智能手机搜索某项需求（比如当地的餐馆或者汽车理赔等其他服务），这势必将形成一种新的趋势，作为开发者应该怎么做才能顺应这一趋势呢？</p>\r\n	<p style="margin: 0px 0px 1.5em; padding: 0px; list-style: none; ">\r\n		<strong>如何进行更好地搜索引擎工作？</strong></p>\r\n	<p style="margin: 0px 0px 1.5em; padding: 0px; list-style: none; ">\r\n		对于大多数主要搜索引擎（比如Google，Bing，Yahoo!），在其网页编排过程中数据库由三部分组成：</p>\r\n	<ol style="margin: 0px 0px 1em 30px; padding-right: 0px; padding-left: 0px; list-style-position: initial; list-style-image: initial; ">\r\n		<li style="margin: 0px; padding: 0px; list-style: decimal; ">\r\n			Web爬虫，将相关联的链接通过HTTP请求发送到全球数以百万计的网站；</li>\r\n		<li style="margin: 0px; padding: 0px; list-style: decimal; ">\r\n			索引，在其数据库中存储所有相关联的内容；</li>\r\n		<li style="margin: 0px; padding: 0px; list-style: decimal; ">\r\n			查询处理器，用以评估用户查询并且将相关的存储内容进行对比。</li>\r\n	</ol>\r\n	<p style="margin: 0px 0px 1.5em; padding: 0px; list-style: none; ">\r\n		<strong>传统的SEO</strong></p>\r\n	<p style="margin: 0px 0px 1.5em; padding: 0px; list-style: none; ">\r\n		为了能使用户能够快速的响应请求，搜索引擎优化（SEO）的传统方法一直集中在关键字，tag和内容上。无论是移动设备还是桌面搜索，搜索请求采取同样的工作方式，因此，开发者和SEO顾问团队会比较倾向于桌面开发。</p>\r\n	<p style="margin: 0px 0px 1.5em; padding: 0px; list-style: none; ">\r\n		<strong>响应式设计</strong></p>\r\n	<p style="margin: 0px 0px 1.5em; padding: 0px; list-style: none; ">\r\n		响应式设计的任务是为了接收HTTP请求检查用户通过该平台发送给他/她的请求，然后显示该平台页面，例如，当某个服务器通过iPhone接收到一个请求，该服务器可能会重新调节适合用户的页面。</p>\r\n	<p style="margin: 0px 0px 1.5em; padding: 0px; list-style: none; ">\r\n		<strong>拆分搜索</strong></p>\r\n	<p style="margin: 0px 0px 1.5em; padding: 0px; list-style: none; ">\r\n		许多开发者针对桌面和移动网站创建一个单独的内容，根据不同的域显示不同的内容（比如domain.mobi）或者通过某个子目录（domain.com/mobile）。虽然用户也能接受这种解决方案，但是这会导致搜索引擎产生许多问题。鉴于桌面和网站之间重复的内容可能会被搜索引擎当作垃圾信息。此外，单独的域可能会拆分页面的链接并且减少页面在搜索结果中的排名。</p>\r\n	<p style="margin: 0px 0px 1.5em; padding: 0px; list-style: none; ">\r\n		<strong>智能手机Web爬虫</strong></p>\r\n	<p style="margin: 0px 0px 1.5em; padding: 0px; list-style: none; ">\r\n		谷歌已经采取措施，考虑如何为智能手机量身定制网页排名。2011年12月，谷歌宣布推出Googlebot-Mobile，采用智能手机用户代理以补充其先前的移动电话用户代理爬虫。Googlebot-Mobile的开发使命是&ldquo;增加对智能手机内容的报道并为智能手机用户提供更好的搜索体验。&rdquo;</p>\r\n	<p style="margin: 0px 0px 1.5em; padding: 0px; list-style: none; ">\r\n		谷歌积极拥抱智能手机技术同时也不断延伸扩展搜索结果以响应专为智能手机设计的URLs，这就为从桌面特定的页面重新定向到URL节省了时间。</p>\r\n	<p style="margin: 0px 0px 1.5em; padding: 0px; list-style: none; ">\r\n		<strong>结束语：</strong></p>\r\n	<p style="margin: 0px 0px 1.5em; padding: 0px; list-style: none; ">\r\n		目前，移动vs.桌面SEO的问题似乎并没有一个明确的答案。但从谷歌的举动可以表明，SEO专家有将重心转移至移动开发的迹象。可以肯定的是随着技术的不断发展和规则的更改，开发者和SEO顾问需要作出相应的调整。</p>\r\n</div>\r\n<br />\r\n', '', 1, 1, '', '2012-10-12', '2012-10-19 13:08:53', '2012-10-31 14:43:37', '0000-00-00 00:00:00', 0, 8);
INSERT INTO `newsinfo` VALUES (9, 2, 0, 1, 'IT行业为什么需要更多的女性？', '摘要：IT行业有众多才华横溢、成就突出的女性，她们为IT行业注入了更多活力。', '<div>\r\n	很多人曾问我：&ldquo;我知道技术行业需要更多的女性员工，可原因是什么呢？&rdquo;这是一个很好的问题。</div>\r\n<div>\r\n	&nbsp;</div>\r\n<div>\r\n	坦白地说，即便没有女性的参与，互联网仍会不断地蓬勃发展。</div>\r\n<div>\r\n	&nbsp;</div>\r\n<div>\r\n	虽然如此，我们仍需要更多的女性参与到技术行业的建设中，我认为原因有三方面。</div>\r\n<div>\r\n	&nbsp;</div>\r\n<div>\r\n	差异性可以带来更好的产品和结果</div>\r\n<div>\r\n	&nbsp;</div>\r\n<div>\r\n	康乃尔大学的研究及诸多线上案例证明，差异性可以提高性能、士气和最终产品。更多的女性工程师的参与，意味着可以构建更好的互联网，可以提高服务于社会的软件性能。创建更好的互联网，是我最初从事软件开发的原因，我相信每个人都会认为这是至关重要的。(观点来源)</div>\r\n<div>\r\n	&nbsp;</div>\r\n<div>\r\n	弥补更多互联网设计中的漏洞</div>\r\n<div>\r\n	&nbsp;</div>\r\n<div>\r\n	现在，该平台的结构已被白人男性和亚洲男性构建的不太相称了，具有典型的男性风格。我喜欢以Apple Store的玻璃阶梯为例来说明。虽然视觉上很吸引人，但这个设计却带来一个未曾想到的想象：引起大量奇怪的陌生人每天花几个小时坐在下面往上看。作为一名女性，第一次看见他们时，我很庆幸，&ldquo;幸好我今天没有穿裙子。&rdquo;此类想象不仅仅出现在设计这些阶梯上，我认为未来几年内，我们可能会在Web设计中看到更多如此的&ldquo;漏洞&rdquo;。</div>\r\n<div>\r\n	&nbsp;</div>\r\n<div>\r\n	在未来十年里，女性需要养活自己、养活家庭</div>\r\n<div>\r\n	&nbsp;</div>\r\n<div>\r\n	对于女性来说，这个原因可能有点自私。但我们谁没有妈妈，谁没有姐妹呢，所以我希望我们可以涉足该领域。</div>\r\n<div>\r\n	&nbsp;</div>\r\n<div>\r\n	今年美国IT类工作有6百万，而1987年有628600，1997年有134万 。现在技术行业工作失业率为其他行业的一半。各种迹象表明，这一现状在未来并不会有太大变化。如果按照当前的速度继续增长的话，如果女性不进入这一技术领域，不久的将来，她们将无法养活自己。</div>\r\n<div>\r\n	&nbsp;</div>\r\n<div>\r\n	现在我们必须开始教育年轻女孩，否则她们最终将变得十分贫困。（编译：陈秋歌）</div>\r\n', '', 1, 1, '', '2012-10-19', '2012-10-19 13:08:53', '2012-10-19 13:17:01', '0000-00-00 00:00:00', 0, 9);
INSERT INTO `newsinfo` VALUES (10, 2, 0, 1, 'Windows 8将微软带入平板时代', 'Windows 8将在下周正式发布，有关Windows 8的各种猜想层出不穷。', '<div class="summary" style="margin: 0px 0px 1.5em; padding: 5px 10px; list-style: none; background-color: rgb(247, 247, 247); color: rgb(51, 51, 51); font-family: Helvetica, Tahoma, Arial, sans-serif; font-size: 14px; line-height: 24px; text-align: left; ">\r\n	<strong>摘要：</strong>Windows 8将在下周正式发布，有关Windows 8的各种猜想层出不穷。著名科技产品测评专家Walter Mossberg在AllThingsD发表文章，认为Windows 8将微软带入平板时代。他在文章中不仅对Windows 8相关产品进行了详细评测，而且分享了对微软进入平板时代的一些独到见解。</div>\r\n<div class="con news_content" style="margin: 0px 0px 30px; padding: 0px; list-style: none; color: rgb(51, 51, 51); font-family: Helvetica, Tahoma, Arial, sans-serif; font-size: 14px; line-height: 24px; text-align: left; ">\r\n	<p style="margin: 0px 0px 1.5em; padding: 0px; list-style: none; text-align: center; ">\r\n		<img alt="" src="http://articles.csdn.net/uploads/allimg/121017/155_121017165454_1.png" style="vertical-align: middle; border: 0px solid; cursor: pointer; " /></p>\r\n	<p style="margin: 0px 0px 1.5em; padding: 0px; list-style: none; ">\r\n		微软Windows操作系统正在经历自1995年以来最大的一次革新，即使是最忠实的一批用户也可能认不出Windows 8，这款操作系统将于10月26日面世。</p>\r\n	<p style="margin: 0px 0px 1.5em; padding: 0px; list-style: none; ">\r\n		<strong>体验陌生的&ldquo;开始屏&rdquo;</strong></p>\r\n	<p style="margin: 0px 0px 1.5em; padding: 0px; list-style: none; ">\r\n		一打开Windows 8的界面你就会发现，这完全是个陌生的Windows界面。原先熟悉的桌面变成了现代感十足的大型滚动区块式图标和更加简洁、全屏显示的应用程序，而这一切都是由平板和智能手机&ldquo;唆使&rdquo;的。Windows 8的&ldquo;开始屏&rdquo;代替了&ldquo;开始按钮&rdquo;。&ldquo;开始屏&rdquo;功能十分强大，它是一个完整的计算系统，拥有独立的应用控制权，可以掌控整个显示屏内容。之前的&ldquo;开始按钮&rdquo;和传统Windows应用程序也并未消失，Windows 8的&ldquo;开始屏&rdquo;就像一个应用程序，你想使用哪个程序只需轻轻点击即可。</p>\r\n	<p style="margin: 0px 0px 1.5em; padding: 0px; list-style: none; ">\r\n		笔者认为微软的这一步很大胆，Windows 8的界面友好，使用效果也很流畅。但Windows 8的触摸屏实在不得不让人联想到平板电脑，现在说Windows 8将微软带入了平板时代还为时尚早，毕竟微软推广Windows 8需要做的工作还有很多，Windows 8新版应用开发就是个很棘手的问题。当然也有好消息，微软的Windows 8可以在PC或平板电脑上运行，而苹果iPad和Mac采用的操作系统是完全不同的。</p>\r\n	<p style="margin: 0px 0px 1.5em; padding: 0px; list-style: none; ">\r\n		<b>Windows 8</b><strong>如何混淆PC和平板</strong></p>\r\n	<p style="margin: 0px 0px 1.5em; padding: 0px; list-style: none; text-align: center; ">\r\n		<img alt="" src="http://articles.csdn.net/uploads/allimg/121017/155_121017231500_1.jpg" style="vertical-align: middle; border: 0px solid; cursor: pointer; " /></p>\r\n	<p style="margin: 0px 0px 1.5em; padding: 0px; list-style: none; ">\r\n		Windows 8采取双环境同时运行的战略，一方面方便用户，但两种工作方式之间切换会让传统PC用户感到头晕。无论新环境还是旧环境都可以通过触摸或鼠标键盘操作，唯一的区别就是用户偏好问题。在这个问题上微软赌了一把，微软认为这种混淆不会持续很长时间，因为微软在传统PC上能够运行的Office软件目前并不支持iPad与Android，而这也是传统PC能够继续存在的&ldquo;救命稻草&rdquo;。</p>\r\n	<p style="margin: 0px 0px 1.5em; padding: 0px; list-style: none; ">\r\n		<strong>不同的版本引发的疑惑</strong></p>\r\n	<p style="margin: 0px 0px 1.5em; padding: 0px; list-style: none; text-align: center; ">\r\n		<img alt="" src="http://articles.csdn.net/uploads/allimg/121017/155_121017232453_1.jpg" style="vertical-align: middle; border: 0px solid; cursor: pointer; " /></p>\r\n	<p style="margin: 0px 0px 1.5em; padding: 0px; list-style: none; text-align: center; ">\r\n		&nbsp;</p>\r\n	<p style="margin: 0px 0px 1.5em; padding: 0px; list-style: none; ">\r\n		其实，Windows 8还有别的地方会让用户疑惑，Windows 8将会推出两个版本。一个版本支持运行英特尔处理器的PC；另一个版本专为微软平板推出，名叫RT。前一个版本不仅能运行最新的Windows 8应用，还兼容完整的传统程序。而后一版本就不是那么完美了，对传统程序的支持较少。比如Office软件，在RT版去除了Outlook，若想使用，只能去微软在线商店下载，而这与iPad应用商店如出一辙。</p>\r\n	<p style="margin: 0px 0px 1.5em; padding: 0px; list-style: none; ">\r\n		微软其实也拿出了一套解决方案，就是自己推出Surface平板电脑。与运行Windows 8和Windows RT的平板电脑厂家展开直接竞争，曾经&ldquo;甜蜜&rdquo;马上就会烟消云散。</p>\r\n	<p style="margin: 0px 0px 1.5em; padding: 0px; list-style: none; ">\r\n		<strong>Windows 8诸多新特性</strong></p>\r\n	<p style="margin: 0px 0px 1.5em; padding: 0px; list-style: none; ">\r\n		笔者试用了微软Surface平板电脑，结果发现Windows 8的&ldquo;开始屏&rdquo;非常顺滑靓丽。消息提示、邮件显示和图片展示方式都很方便快捷，足以与iPad和Android平板电脑抗衡。</p>\r\n	<p style="margin: 0px 0px 1.5em; padding: 0px; list-style: none; text-align: center; ">\r\n		<img alt="" src="http://articles.csdn.net/uploads/allimg/121017/155_121017165717_1.png" style="vertical-align: middle; border: 0px solid; cursor: pointer; " /></p>\r\n	<p style="margin: 0px 0px 1.5em; padding: 0px; list-style: none; ">\r\n		Windows 8新增了一个创新性十足的&ldquo;Charms&rdquo;控制功能，点击屏幕右侧即可弹出Charms。如果你的设备不支持触摸屏，把鼠标移到屏幕右上角即可激活Charms。Charms中包含搜索、设置、共享、设备和返回&ldquo;开始屏&rdquo;功能。Windows 8还支持在屏幕中同时打开多个窗口操作，可以自由移动组合。</p>\r\n	<p style="margin: 0px 0px 1.5em; padding: 0px; list-style: none; ">\r\n		<strong>Windows 8应用程序亮点多多</strong></p>\r\n	<p style="margin: 0px 0px 1.5em; padding: 0px; list-style: none; text-align: center; ">\r\n		<img alt="" src="http://articles.csdn.net/uploads/allimg/121017/155_121017165513_1.jpg" style="vertical-align: middle; border: 0px solid; cursor: pointer; " /></p>\r\n	<p style="margin: 0px 0px 1.5em; padding: 0px; list-style: none; ">\r\n		Windows 8的诸多应用程序是令人印象深刻的，如Photos应用，不仅能够显示电脑中存储的照片，还能同时显示用户在Facebook、Flickr和微软SkyDrive云端储存的照片。People应用不仅显示联系人信息，还能及时同步联系人在社交网络上的状态更新。</p>\r\n	<p style="margin: 0px 0px 1.5em; padding: 0px; list-style: none; ">\r\n		Mail应用有点让人失望，缺乏统一收件箱和单一显示未读邮件的文件夹，也没有最常联系人的邮件文件夹。微软应用商店作为Windows 8应用的唯一&ldquo;提供场所&rdquo;也是刚刚起步，缺少很多常用的第三方应用。应用商店中已有支持Kindle和Netflix的应用，但尚未发现Dropbox、Facebook和Twitter等应用。微软方面表示，在下周Windows 8正式发布时，会加入更多的流行应用。</p>\r\n	<p style="margin: 0px 0px 1.5em; padding: 0px; list-style: none; ">\r\n		<strong>Windows 8各版本售价</strong></p>\r\n	<p style="margin: 0px 0px 1.5em; padding: 0px; list-style: none; text-align: center; ">\r\n		<img alt="" src="http://articles.csdn.net/uploads/allimg/121017/155_121017232127_1.jpg" style="vertical-align: middle; border: 0px solid; cursor: pointer; " /></p>\r\n	<p style="margin: 0px 0px 1.5em; padding: 0px; list-style: none; ">\r\n		Windows RT是与设备内嵌配套销售的。高端版本名为Pro，用户可单独购买，也可升级系统到Pro。微软目前尚未披露Windows 8操作系统的具体售价，不过在未来几个月内，用户可以花40美元下载Windows 8，或是花70美元购买DVD光盘版。在今年6月2日至明年1月31日期间购买预装Windows电脑的用户，只需支付15美元即可升级至Windows 8。但对没有触摸屏的用户而言，升级到Windows 8并不是一个好的选择。Pro也许更适合企业用户使用，家庭消费版就叫Windows 8，微软尚未透露其具体售价。</p>\r\n	<p style="margin: 0px 0px 1.5em; padding: 0px; list-style: none; ">\r\n		<strong>结语</strong></p>\r\n	<p style="margin: 0px 0px 1.5em; padding: 0px; list-style: none; ">\r\n		微软为Windows&ldquo;洗心革面&rdquo;还是值得肯定的，而且微软还将继续维护&ldquo;传统优势项目&rdquo;，以巩固自己的势力范围。但随着Windows 8的强势来袭，也许我们迟早要向传统的Windows桌面说再见，然后说一声：Windows 8，你好！（编译：朱慧涛）</p>\r\n</div>\r\n<br />\r\n', '', 1, 1, '', '2012-05-19', '2012-10-19 13:18:54', '2012-10-31 14:47:37', '0000-00-00 00:00:00', 0, 10);
INSERT INTO `newsinfo` VALUES (11, 5, 0, 1, '苹果挖亚马逊高管兼搜索专家Stasior 负责运营Siri', '今日，苹果聘请了亚马逊高管、著名搜索技术专家William Stasior，负责运营Siri部门', '<div class="summary" style="margin: 0px 0px 1.5em; padding: 5px 10px; list-style: none; background-color: rgb(247, 247, 247); color: rgb(51, 51, 51); font-family: Helvetica, Tahoma, Arial, sans-serif; font-size: 14px; line-height: 24px; ">\r\n	<strong>摘要：</strong>今日，苹果聘请了亚马逊高管、著名搜索技术专家William Stasior，负责运营Siri部门。他的加入可能会为苹果带来一个新的气象，搜索将成为他的首要任务。Stasior曾担任多家互联网公司重要职位，其个人履历丰富，经验十足，苹果纳入他想必也没少费工夫。</div>\r\n<div class="con news_content" style="margin: 0px 0px 30px; padding: 0px; list-style: none; color: rgb(51, 51, 51); font-family: Helvetica, Tahoma, Arial, sans-serif; font-size: 14px; line-height: 24px; ">\r\n	<p style="margin: 0px 0px 1.5em; padding: 0px; list-style: none; text-align: center; ">\r\n		<img alt="" src="http://articles.csdn.net/uploads/allimg/121016/89_121016115821_1.jpg" style="vertical-align: middle; border: 0px solid; cursor: pointer; " /></p>\r\n	<p style="margin: 0px 0px 1.5em; padding: 0px; list-style: none; ">\r\n		<span style="font-family: 微软雅黑; ">据消息人士透露，苹果聘请了亚马逊高管、著名搜索技术专家William Stasior，他曾担任亚马逊搜索和导航业务的A9事业部主管，并从该部门前负责人Udi Manber跳槽谷歌后，接替主管位置至今。据科技博客AllThingsD报道，Stasior进入苹果后将负责运营Siri语音助手部门。此现象表示，Siri和搜索对于苹果而言越来越重要。</span></p>\r\n	<p style="margin: 0px 0px 1.5em; padding: 0px; list-style: none; ">\r\n		<span style="font-family: 微软雅黑; ">在此之前，苹果在iOS6系统中替换了Google maps，添加Apple maps应用为默认地图。谷歌在地图方面的搜索能力显著，而苹果搜索稍显逊色。苹果iOS设备上也依赖谷歌强大的Web搜索功能，虽然用户可以选择雅虎或是Bing作为默认搜索引擎，但苹果仍然还是在严重的依赖于他人的搜索功能。</span></p>\r\n	<p style="margin: 0px 0px 1.5em; padding: 0px; list-style: none; ">\r\n		<span style="font-family: 微软雅黑; ">A9网站的搜索引擎就是由Stasior一手打造，看来苹果未来的搜索也将是自己研发设计。这种猜想很符合苹果的战略集成方案，依靠于自己的硬件、软件服务，而不是依靠外界。值得注意的是，亚马逊A9不仅仅是一个单纯的搜索引擎，它还提供广告算法。Stasior在这方面的经验也将帮助苹果推动iAds。</span></p>\r\n	<p style="margin: 0px 0px 1.5em; padding: 0px; list-style: none; ">\r\n		<span style="font-family: 微软雅黑; ">综上所述，也许在不久后就能看到iOS里一些明显的改善，Siri是如何通过内容搜索信息。虽然Siri一年前推出时技术还并未成熟，但今时今日Stasior的加入将帮助其前进一大步，增强Siri前瞻性搜索，让其成为一个信息预测者。</span></p>\r\n	<p style="margin: 0px 0px 1.5em; padding: 0px; list-style: none; ">\r\n		<span style="font-family: 微软雅黑; ">Stasior在亚马逊任职时一直都负责管理A9部门，也就是亚马逊的搜索和搜索广告部门。他曾是AltaVista高管，同时也是其联合创始人之一，自Udi Manber离职转投谷歌以后一直负责运营这家公司。A9部门目前为亚马逊全球网站提供搜索服务，同时也为其他零售网站提供服务。</span></p>\r\n	<p style="margin: 0px 0px 1.5em; padding: 0px; list-style: none; ">\r\n		<span style="font-family: 微软雅黑; ">Stasior拥有麻省理工学院博士学位，曾在该学院任教，然后陆续在甲骨文、软件开发商Netcentives和AltaVista供职，2003年加盟亚马逊，担任搜索和导航业务负责人。在加盟苹果以后，他将负责管理Siri语音助理服务部门。</span></p>\r\n</div>\r\n<br />\r\n', '', 1, 1, '', '2012-07-05', '2012-10-20 10:03:16', '2012-10-31 14:46:23', '0000-00-00 00:00:00', 0, 11);
INSERT INTO `newsinfo` VALUES (12, 5, 0, 1, '第二届Pwnium大赛：少年黑客攻陷Chrome将获巨奖', '据传，一名十几岁别名Pinkie Pie的年轻黑客已在第二届Pwnium大赛成功地发现了Chrome漏洞，他发现的这个漏洞可能价值6万美元。他曾在第一届Pwnium大赛中获6万美元奖金。', '<p style="margin: 0px 0px 1.5em; padding: 0px; list-style: none; color: rgb(51, 51, 51); font-family: Helvetica, Tahoma, Arial, sans-serif; font-size: 14px; line-height: 24px; ">\r\n	据传，一名十几岁的年轻黑客已在第二届Pwnium大赛成功地发现了Chrome漏洞，这则消息已得到官方确认。这名年轻黑客的别名是Pinkie Pie，他发现的这个漏洞可能价值6万美元。</p>\r\n<p style="margin: 0px 0px 1.5em; padding: 0px; list-style: none; color: rgb(51, 51, 51); font-family: Helvetica, Tahoma, Arial, sans-serif; font-size: 14px; line-height: 24px; ">\r\n	今年三月，Pinkie Pie和Sergey Glazunov就在第一届Pwnium大赛因发现Chrome漏洞分获6万美元奖金。第二届Pwnium大赛的奖金总额从上届的100万美元提高到了200万，Pwnium大赛将作为Hack in the Box安全会议的一部分在马来西亚首都吉隆坡再度拉开帷幕。</p>\r\n<p style="margin: 0px 0px 1.5em; padding: 0px; list-style: none; color: rgb(51, 51, 51); font-family: Helvetica, Tahoma, Arial, sans-serif; font-size: 14px; line-height: 24px; text-align: center; ">\r\n	<img alt="" src="http://articles.csdn.net/uploads/allimg/121010/155_121010153541_1.png" style="vertical-align: middle; border: 0px solid; cursor: pointer; " /></p>\r\n<p style="margin: 0px 0px 1.5em; padding: 0px; list-style: none; color: rgb(51, 51, 51); font-family: Helvetica, Tahoma, Arial, sans-serif; font-size: 14px; line-height: 24px; ">\r\n	谷歌软件工程师Chris Evans将出席此次大赛，他表示谷歌将关注Pwnium大赛发现的漏洞，并在其后的大会上研讨相关应对措施。谷歌对任何漏洞提交都持积极开放态度，毕竟发现漏洞有利于Chrome提升安全性能。</p>\r\n<p style="margin: 0px 0px 1.5em; padding: 0px; list-style: none; color: rgb(51, 51, 51); font-family: Helvetica, Tahoma, Arial, sans-serif; font-size: 14px; line-height: 24px; ">\r\n	当然，获得六万美元奖金也绝非易事。Pinkie Pie提交的漏洞必须满足以下几个条件：</p>\r\n<p style="margin: 0px 0px 1.5em; padding: 0px; list-style: none; color: rgb(51, 51, 51); font-family: Helvetica, Tahoma, Arial, sans-serif; font-size: 14px; line-height: 24px; ">\r\n	1.未经报告的原始漏洞，独立发现的，未在其他比赛中提交过；</p>\r\n<p style="margin: 0px 0px 1.5em; padding: 0px; list-style: none; color: rgb(51, 51, 51); font-family: Helvetica, Tahoma, Arial, sans-serif; font-size: 14px; line-height: 24px; ">\r\n	2.须基于未经报告的原始bug或Chrome的安全性能，或是Chrome与Windows、Flash及其他软件和驱动互动时出现的Bug；</p>\r\n<p style="margin: 0px 0px 1.5em; padding: 0px; list-style: none; color: rgb(51, 51, 51); font-family: Helvetica, Tahoma, Arial, sans-serif; font-size: 14px; line-height: 24px; ">\r\n	3.可由Chrome远程利用；</p>\r\n<p style="margin: 0px 0px 1.5em; padding: 0px; list-style: none; color: rgb(51, 51, 51); font-family: Helvetica, Tahoma, Arial, sans-serif; font-size: 14px; line-height: 24px; ">\r\n	4.须能够运行在Windows 7和比赛中提供的电脑上；</p>\r\n<p style="margin: 0px 0px 1.5em; padding: 0px; list-style: none; color: rgb(51, 51, 51); font-family: Helvetica, Tahoma, Arial, sans-serif; font-size: 14px; line-height: 24px; ">\r\n	5.严重安全漏洞、危害大；</p>\r\n<p style="margin: 0px 0px 1.5em; padding: 0px; list-style: none; color: rgb(51, 51, 51); font-family: Helvetica, Tahoma, Arial, sans-serif; font-size: 14px; line-height: 24px; ">\r\n	6.由本人授权、创建的；</p>\r\n<p style="margin: 0px 0px 1.5em; padding: 0px; list-style: none; color: rgb(51, 51, 51); font-family: Helvetica, Tahoma, Arial, sans-serif; font-size: 14px; line-height: 24px; ">\r\n	7.提交时有相关文档说明每个漏洞具体细节。</p>\r\n', '', 1, 1, '', '2012-10-20', '2012-10-20 10:06:21', '2012-10-20 10:11:04', '0000-00-00 00:00:00', 0, 12);
INSERT INTO `newsinfo` VALUES (13, 15, 0, 1, '10月23日：苹果将发布iPad mini', '它真的发生了！苹果公司宣布将在10月23日发布传闻已久的，iPad mini。至少，这就是苹果刚刚发布的邀请函。一个比目前iPad具备更小尺寸屏幕的传言在网络中流传了很久。此次苹果选择在这个时候发布苹果，正是希望在圣诞节期间与目前几大主流的7寸平板相抗衡。', '<p style="margin: 0px 0px 1.5em; padding: 0px; list-style: none; color: rgb(51, 51, 51); font-family: Helvetica, Tahoma, Arial, sans-serif; font-size: 14px; line-height: 24px; ">\r\n	它真的发生了！苹果公司宣布将在10月23日发布传闻已久的，iPad mini。至少，这就是苹果刚刚发布的邀请函。一个比目前iPad具备更小尺寸屏幕的传言在网络中流传了很久。此次苹果选择在这个时候发布，正是希望在圣诞节期间与目前几大主流的7寸平板相抗衡。先有亚马逊的Kindle Fire，后有谷歌的Nexus 7以及微软的Surface，在不久的未来iPad mini正式加入7寸平板的战场。</p>\r\n<p style="margin: 0px 0px 1.5em; padding: 0px; list-style: none; color: rgb(51, 51, 51); font-family: Helvetica, Tahoma, Arial, sans-serif; font-size: 14px; line-height: 24px; ">\r\n	<span style="line-height: 25px; text-indent: 28px; font-family: 宋体, Arial, sans-serif; ">一般苹果在邀请函中都会玩一把内涵图，这次似乎也不例外。我们在邀请函中只看到一句话：We&#39;ve got a little more to show you&mdash;&mdash;&ldquo;little&rdquo;，是否预示着iPad mini即将揭开神秘的面纱？</span></p>\r\n<p style="margin: 0px 0px 1.5em; padding: 0px; list-style: none; color: rgb(51, 51, 51); font-family: Helvetica, Tahoma, Arial, sans-serif; font-size: 14px; line-height: 24px; text-align: center; ">\r\n	<img alt="" src="http://articles.csdn.net/uploads/allimg/121017/118_121017003620_1_lit.jpg" style="vertical-align: middle; border: 0px solid; cursor: pointer; " /></p>\r\n<p style="margin: 0px 0px 1.5em; padding: 0px; list-style: none; color: rgb(51, 51, 51); font-family: Helvetica, Tahoma, Arial, sans-serif; font-size: 14px; line-height: 24px; text-align: center; ">\r\n	图：苹果10月23日发布会邀请函</p>\r\n<p style="margin: 0px 0px 1.5em; padding: 0px; list-style: none; color: rgb(51, 51, 51); font-family: Helvetica, Tahoma, Arial, sans-serif; font-size: 14px; line-height: 24px; text-align: center; ">\r\n	<span style="text-align: left; ">文章来源：</span><font color="#0066cc"><span style="cursor: pointer; text-align: left;">TheVerge</span></font></p>\r\n', '', 1, 1, '', '2012-09-01', '2012-10-20 10:12:19', '2012-10-31 14:46:14', '0000-00-00 00:00:00', 0, 13);
INSERT INTO `newsinfo` VALUES (14, 5, 0, 1, 'Windows 8将微软带入平板时代', 'Windows 8将在下周正式发布，有关Windows 8的各种猜想层出不穷。著名科技产品测评专家Walter Mossberg在AllThingsD发表文章，认为Windows 8将微软带入平板时代。他在文章中不仅对Windows 8相关产品进行了详细评测，而且分享了对微软进入平板时代的一些独到见解。', '<p style="margin: 0px 0px 1.5em; padding: 0px; list-style: none; color: rgb(51, 51, 51); font-family: Helvetica, Tahoma, Arial, sans-serif; font-size: 14px; line-height: 24px; text-align: center; ">\r\n	<img alt="" src="http://articles.csdn.net/uploads/allimg/121017/155_121017165454_1.png" style="vertical-align: middle; border: 0px solid; cursor: pointer; " /></p>\r\n<p style="margin: 0px 0px 1.5em; padding: 0px; list-style: none; color: rgb(51, 51, 51); font-family: Helvetica, Tahoma, Arial, sans-serif; font-size: 14px; line-height: 24px; ">\r\n	微软Windows操作系统正在经历自1995年以来最大的一次革新，即使是最忠实的一批用户也可能认不出Windows 8，这款操作系统将于10月26日面世。</p>\r\n<p style="margin: 0px 0px 1.5em; padding: 0px; list-style: none; color: rgb(51, 51, 51); font-family: Helvetica, Tahoma, Arial, sans-serif; font-size: 14px; line-height: 24px; ">\r\n	<strong>体验陌生的&ldquo;开始屏&rdquo;</strong></p>\r\n<p style="margin: 0px 0px 1.5em; padding: 0px; list-style: none; color: rgb(51, 51, 51); font-family: Helvetica, Tahoma, Arial, sans-serif; font-size: 14px; line-height: 24px; ">\r\n	一打开Windows 8的界面你就会发现，这完全是个陌生的Windows界面。原先熟悉的桌面变成了现代感十足的大型滚动区块式图标和更加简洁、全屏显示的应用程序，而这一切都是由平板和智能手机&ldquo;唆使&rdquo;的。Windows 8的&ldquo;开始屏&rdquo;代替了&ldquo;开始按钮&rdquo;。&ldquo;开始屏&rdquo;功能十分强大，它是一个完整的计算系统，拥有独立的应用控制权，可以掌控整个显示屏内容。之前的&ldquo;开始按钮&rdquo;和传统Windows应用程序也并未消失，Windows 8的&ldquo;开始屏&rdquo;就像一个应用程序，你想使用哪个程序只需轻轻点击即可。</p>\r\n<p style="margin: 0px 0px 1.5em; padding: 0px; list-style: none; color: rgb(51, 51, 51); font-family: Helvetica, Tahoma, Arial, sans-serif; font-size: 14px; line-height: 24px; ">\r\n	笔者认为微软的这一步很大胆，Windows 8的界面友好，使用效果也很流畅。但Windows 8的触摸屏实在不得不让人联想到平板电脑，现在说Windows 8将微软带入了平板时代还为时尚早，毕竟微软推广Windows 8需要做的工作还有很多，Windows 8新版应用开发就是个很棘手的问题。当然也有好消息，微软的Windows 8可以在PC或平板电脑上运行，而苹果iPad和Mac采用的操作系统是完全不同的。</p>\r\n<p style="margin: 0px 0px 1.5em; padding: 0px; list-style: none; color: rgb(51, 51, 51); font-family: Helvetica, Tahoma, Arial, sans-serif; font-size: 14px; line-height: 24px; ">\r\n	<b>Windows 8</b><strong>如何混淆PC和平板</strong></p>\r\n<p style="margin: 0px 0px 1.5em; padding: 0px; list-style: none; color: rgb(51, 51, 51); font-family: Helvetica, Tahoma, Arial, sans-serif; font-size: 14px; line-height: 24px; text-align: center; ">\r\n	<img alt="" src="http://articles.csdn.net/uploads/allimg/121017/155_121017231500_1.jpg" style="vertical-align: middle; border: 0px solid; cursor: pointer; " /></p>\r\n<p style="margin: 0px 0px 1.5em; padding: 0px; list-style: none; color: rgb(51, 51, 51); font-family: Helvetica, Tahoma, Arial, sans-serif; font-size: 14px; line-height: 24px; ">\r\n	Windows 8采取双环境同时运行的战略，一方面方便用户，但两种工作方式之间切换会让传统PC用户感到头晕。无论新环境还是旧环境都可以通过触摸或鼠标键盘操作，唯一的区别就是用户偏好问题。在这个问题上微软赌了一把，微软认为这种混淆不会持续很长时间，因为微软在传统PC上能够运行的Office软件目前并不支持iPad与Android，而这也是传统PC能够继续存在的&ldquo;救命稻草&rdquo;。</p>\r\n<p style="margin: 0px 0px 1.5em; padding: 0px; list-style: none; color: rgb(51, 51, 51); font-family: Helvetica, Tahoma, Arial, sans-serif; font-size: 14px; line-height: 24px; ">\r\n	<strong>不同的版本引发的疑惑</strong></p>\r\n<p style="margin: 0px 0px 1.5em; padding: 0px; list-style: none; color: rgb(51, 51, 51); font-family: Helvetica, Tahoma, Arial, sans-serif; font-size: 14px; line-height: 24px; text-align: center; ">\r\n	<img alt="" src="http://articles.csdn.net/uploads/allimg/121017/155_121017232453_1.jpg" style="vertical-align: middle; border: 0px solid; cursor: pointer; " /></p>\r\n<p style="margin: 0px 0px 1.5em; padding: 0px; list-style: none; color: rgb(51, 51, 51); font-family: Helvetica, Tahoma, Arial, sans-serif; font-size: 14px; line-height: 24px; text-align: center; ">\r\n	&nbsp;</p>\r\n<p style="margin: 0px 0px 1.5em; padding: 0px; list-style: none; color: rgb(51, 51, 51); font-family: Helvetica, Tahoma, Arial, sans-serif; font-size: 14px; line-height: 24px; ">\r\n	其实，Windows 8还有别的地方会让用户疑惑，Windows 8将会推出两个版本。一个版本支持运行英特尔处理器的PC；另一个版本专为微软平板推出，名叫RT。前一个版本不仅能运行最新的Windows 8应用，还兼容完整的传统程序。而后一版本就不是那么完美了，对传统程序的支持较少。比如Office软件，在RT版去除了Outlook，若想使用，只能去微软在线商店下载，而这与iPad应用商店如出一辙。</p>\r\n<p style="margin: 0px 0px 1.5em; padding: 0px; list-style: none; color: rgb(51, 51, 51); font-family: Helvetica, Tahoma, Arial, sans-serif; font-size: 14px; line-height: 24px; ">\r\n	微软其实也拿出了一套解决方案，就是自己推出Surface平板电脑。与运行Windows 8和Windows RT的平板电脑厂家展开直接竞争，曾经&ldquo;甜蜜&rdquo;马上就会烟消云散。</p>\r\n<p style="margin: 0px 0px 1.5em; padding: 0px; list-style: none; color: rgb(51, 51, 51); font-family: Helvetica, Tahoma, Arial, sans-serif; font-size: 14px; line-height: 24px; ">\r\n	<strong>Windows 8诸多新特性</strong></p>\r\n<p style="margin: 0px 0px 1.5em; padding: 0px; list-style: none; color: rgb(51, 51, 51); font-family: Helvetica, Tahoma, Arial, sans-serif; font-size: 14px; line-height: 24px; ">\r\n	笔者试用了微软Surface平板电脑，结果发现Windows 8的&ldquo;开始屏&rdquo;非常顺滑靓丽。消息提示、邮件显示和图片展示方式都很方便快捷，足以与iPad和Android平板电脑抗衡。</p>\r\n<p style="margin: 0px 0px 1.5em; padding: 0px; list-style: none; color: rgb(51, 51, 51); font-family: Helvetica, Tahoma, Arial, sans-serif; font-size: 14px; line-height: 24px; text-align: center; ">\r\n	<img alt="" src="http://articles.csdn.net/uploads/allimg/121017/155_121017165717_1.png" style="vertical-align: middle; border: 0px solid; cursor: pointer; " /></p>\r\n<p style="margin: 0px 0px 1.5em; padding: 0px; list-style: none; color: rgb(51, 51, 51); font-family: Helvetica, Tahoma, Arial, sans-serif; font-size: 14px; line-height: 24px; ">\r\n	Windows 8新增了一个创新性十足的&ldquo;Charms&rdquo;控制功能，点击屏幕右侧即可弹出Charms。如果你的设备不支持触摸屏，把鼠标移到屏幕右上角即可激活Charms。Charms中包含搜索、设置、共享、设备和返回&ldquo;开始屏&rdquo;功能。Windows 8还支持在屏幕中同时打开多个窗口操作，可以自由移动组合。</p>\r\n<p style="margin: 0px 0px 1.5em; padding: 0px; list-style: none; color: rgb(51, 51, 51); font-family: Helvetica, Tahoma, Arial, sans-serif; font-size: 14px; line-height: 24px; ">\r\n	<strong>Windows 8应用程序亮点多多</strong></p>\r\n<p style="margin: 0px 0px 1.5em; padding: 0px; list-style: none; color: rgb(51, 51, 51); font-family: Helvetica, Tahoma, Arial, sans-serif; font-size: 14px; line-height: 24px; text-align: center; ">\r\n	<img alt="" src="http://articles.csdn.net/uploads/allimg/121017/155_121017165513_1.jpg" style="vertical-align: middle; border: 0px solid; cursor: pointer; " /></p>\r\n<p style="margin: 0px 0px 1.5em; padding: 0px; list-style: none; color: rgb(51, 51, 51); font-family: Helvetica, Tahoma, Arial, sans-serif; font-size: 14px; line-height: 24px; ">\r\n	Windows 8的诸多应用程序是令人印象深刻的，如Photos应用，不仅能够显示电脑中存储的照片，还能同时显示用户在Facebook、Flickr和微软SkyDrive云端储存的照片。People应用不仅显示联系人信息，还能及时同步联系人在社交网络上的状态更新。</p>\r\n<p style="margin: 0px 0px 1.5em; padding: 0px; list-style: none; color: rgb(51, 51, 51); font-family: Helvetica, Tahoma, Arial, sans-serif; font-size: 14px; line-height: 24px; ">\r\n	Mail应用有点让人失望，缺乏统一收件箱和单一显示未读邮件的文件夹，也没有最常联系人的邮件文件夹。微软应用商店作为Windows 8应用的唯一&ldquo;提供场所&rdquo;也是刚刚起步，缺少很多常用的第三方应用。应用商店中已有支持Kindle和Netflix的应用，但尚未发现Dropbox、Facebook和Twitter等应用。微软方面表示，在下周Windows 8正式发布时，会加入更多的流行应用。</p>\r\n<p style="margin: 0px 0px 1.5em; padding: 0px; list-style: none; color: rgb(51, 51, 51); font-family: Helvetica, Tahoma, Arial, sans-serif; font-size: 14px; line-height: 24px; ">\r\n	<strong>Windows 8各版本售价</strong></p>\r\n<p style="margin: 0px 0px 1.5em; padding: 0px; list-style: none; color: rgb(51, 51, 51); font-family: Helvetica, Tahoma, Arial, sans-serif; font-size: 14px; line-height: 24px; text-align: center; ">\r\n	<img alt="" src="http://articles.csdn.net/uploads/allimg/121017/155_121017232127_1.jpg" style="vertical-align: middle; border: 0px solid; cursor: pointer; " /></p>\r\n<p style="margin: 0px 0px 1.5em; padding: 0px; list-style: none; color: rgb(51, 51, 51); font-family: Helvetica, Tahoma, Arial, sans-serif; font-size: 14px; line-height: 24px; ">\r\n	Windows RT是与设备内嵌配套销售的。高端版本名为Pro，用户可单独购买，也可升级系统到Pro。微软目前尚未披露Windows 8操作系统的具体售价，不过在未来几个月内，用户可以花40美元下载Windows 8，或是花70美元购买DVD光盘版。在今年6月2日至明年1月31日期间购买预装Windows电脑的用户，只需支付15美元即可升级至Windows 8。但对没有触摸屏的用户而言，升级到Windows 8并不是一个好的选择。Pro也许更适合企业用户使用，家庭消费版就叫Windows 8，微软尚未透露其具体售价。</p>\r\n<p style="margin: 0px 0px 1.5em; padding: 0px; list-style: none; color: rgb(51, 51, 51); font-family: Helvetica, Tahoma, Arial, sans-serif; font-size: 14px; line-height: 24px; ">\r\n	<strong>结语</strong></p>\r\n<p style="margin: 0px 0px 1.5em; padding: 0px; list-style: none; color: rgb(51, 51, 51); font-family: Helvetica, Tahoma, Arial, sans-serif; font-size: 14px; line-height: 24px; ">\r\n	微软为Windows&ldquo;洗心革面&rdquo;还是值得肯定的，而且微软还将继续维护&ldquo;传统优势项目&rdquo;，以巩固自己的势力范围。但随着Windows 8的强势来袭，也许我们迟早要向传统的Windows桌面说再见，然后说一声：Windows 8，你好！（编译：朱慧涛）</p>\r\n<p style="margin: 0px 0px 1.5em; padding: 0px; list-style: none; color: rgb(51, 51, 51); font-family: Helvetica, Tahoma, Arial, sans-serif; font-size: 14px; line-height: 24px; ">\r\n	来源：<font color="#0066cc"><span style="cursor: pointer;">AllThing</span></font><font color="#0066cc"><span style="cursor: pointer;">sD</span></font></p>\r\n', '', 1, 1, '', '2012-08-03', '2012-10-20 10:13:46', '2012-10-31 14:45:49', '0000-00-00 00:00:00', 0, 14);
INSERT INTO `newsinfo` VALUES (15, 7, 0, 1, 'Surface价格及细节公布 32GB版本499美元', '微软公司刚刚改版了Surface平板电脑的官方网站，同时微软还公布了Surface平板电脑的相关细节及定价：499美元（32GB）、599美元（32GB+键盘套）和699美元（64GB+键盘套）。有业界人士认为微软这一定价策略与iPad相比暂时无法体现出竞争力。', '<p style="margin: 0px 0px 1.5em; padding: 0px; list-style: none; color: rgb(51, 51, 51); font-family: Helvetica, Tahoma, Arial, sans-serif; font-size: 14px; line-height: 24px; text-align: center; ">\r\n	<img alt="" src="http://articles.csdn.net/uploads/allimg/121017/130_121017132610_1.jpg" style="vertical-align: middle; border: 0px solid; cursor: pointer; " /></p>\r\n<p style="margin: 0px 0px 1.5em; padding: 0px; list-style: none; color: rgb(51, 51, 51); font-family: Helvetica, Tahoma, Arial, sans-serif; font-size: 14px; line-height: 24px; ">\r\n	<span style="font-family: 微软雅黑; ">北京时间10月17日消息，微软公司在当地时间10月16日改版了Surface平板电脑的<font color="#0066cc"><span style="cursor: pointer;">官方网</span></font><font color="#0066cc"><span style="cursor: pointer;">站</span></font>，同时微软还公布了<a href="http://www.microsoft.com/en-us/news/Press/2012/Oct12/10-16announcementPR.aspx" style="cursor: pointer; color: rgb(0, 102, 204); text-decoration: none; " target="_blank">Surface平板电脑的相关细节</a>。</span></p>\r\n<p style="margin: 0px 0px 1.5em; padding: 0px; list-style: none; color: rgb(51, 51, 51); font-family: Helvetica, Tahoma, Arial, sans-serif; font-size: 14px; line-height: 24px; ">\r\n	<span style="font-family: 微软雅黑; ">从10月26日开始，Surface将能够在美国和加拿大的微软商店进行购买，其中包括最新的34家假日店。除此之外，Surface还开始接受来自包括中国在内的更多国家用户进行预定，其它国家还包括美国、澳大利亚、加拿大、法国、香港、英国、德国等。</span></p>\r\n<p style="margin: 0px 0px 1.5em; padding: 0px; list-style: none; color: rgb(51, 51, 51); font-family: Helvetica, Tahoma, Arial, sans-serif; font-size: 14px; line-height: 24px; ">\r\n	<span style="font-family: 微软雅黑; "><strong>Surface相关产品信息：</strong></span></p>\r\n<p style="margin: 0px 0px 1.5em; padding: 0px; list-style: none; color: rgb(51, 51, 51); font-family: Helvetica, Tahoma, Arial, sans-serif; font-size: 14px; line-height: 24px; ">\r\n	<span style="font-family: 微软雅黑; "><strong>软件：</strong>预装Windows RT、Office家庭&amp;学生2013 RT预览版（包括Microsoft Word、PowerPoint、Excel 以及 OneNote）。</span></p>\r\n<p style="margin: 0px 0px 1.5em; padding: 0px; list-style: none; color: rgb(51, 51, 51); font-family: Helvetica, Tahoma, Arial, sans-serif; font-size: 14px; line-height: 24px; ">\r\n	<span style="font-family: 微软雅黑; "><strong>外观：</strong>10.81*6.77*0.37英寸、1.5磅、VaporMg外壳、深钛色以及音量及电源按钮。</span></p>\r\n<p style="margin: 0px 0px 1.5em; padding: 0px; list-style: none; color: rgb(51, 51, 51); font-family: Helvetica, Tahoma, Arial, sans-serif; font-size: 14px; line-height: 24px; ">\r\n	<span style="font-family: 微软雅黑; "><strong>硬盘：</strong>32GB；64GB。</span></p>\r\n<p style="margin: 0px 0px 1.5em; padding: 0px; list-style: none; color: rgb(51, 51, 51); font-family: Helvetica, Tahoma, Arial, sans-serif; font-size: 14px; line-height: 24px; ">\r\n	<span style="font-family: 微软雅黑; "><strong>CPU：</strong>NVIDIA T30，2GB RAM。</span></p>\r\n<p style="margin: 0px 0px 1.5em; padding: 0px; list-style: none; color: rgb(51, 51, 51); font-family: Helvetica, Tahoma, Arial, sans-serif; font-size: 14px; line-height: 24px; ">\r\n	<span style="font-family: 微软雅黑; "><strong>无线：</strong>支持Wi-Fi（802.11a/b/g/n），蓝牙4.0。</span></p>\r\n<p style="margin: 0px 0px 1.5em; padding: 0px; list-style: none; color: rgb(51, 51, 51); font-family: Helvetica, Tahoma, Arial, sans-serif; font-size: 14px; line-height: 24px; ">\r\n	<span style="font-family: 微软雅黑; "><strong>摄像头：</strong>前后两个720P高清摄像头。</span></p>\r\n<p style="margin: 0px 0px 1.5em; padding: 0px; list-style: none; color: rgb(51, 51, 51); font-family: Helvetica, Tahoma, Arial, sans-serif; font-size: 14px; line-height: 24px; ">\r\n	<span style="font-family: 微软雅黑; "><strong>接口：</strong>全尺寸USB 2.0、microSDXC卡槽、耳机插孔、HD视频输出端口。</span></p>\r\n<p style="margin: 0px 0px 1.5em; padding: 0px; list-style: none; color: rgb(51, 51, 51); font-family: Helvetica, Tahoma, Arial, sans-serif; font-size: 14px; line-height: 24px; ">\r\n	<span style="font-family: 微软雅黑; "><strong>应用：</strong>Office家庭&amp;学生2013 RT预览版（包括Word, PowerPoint, Excel and OneNote）、Windows Mail and Windows Messaging、SkyDrive、IE10、Bing、Xbox Music、Xbox Video以及Xbox Games。</span></p>\r\n<p style="margin: 0px 0px 1.5em; padding: 0px; list-style: none; color: rgb(51, 51, 51); font-family: Helvetica, Tahoma, Arial, sans-serif; font-size: 14px; line-height: 24px; text-align: center; ">\r\n	<img alt="" src="http://articles.csdn.net/uploads/allimg/121017/130_121017132643_1.jpg" style="vertical-align: middle; border: 0px solid; cursor: pointer; " /></p>\r\n<p style="margin: 0px 0px 1.5em; padding: 0px; list-style: none; color: rgb(51, 51, 51); font-family: Helvetica, Tahoma, Arial, sans-serif; font-size: 14px; line-height: 24px; ">\r\n	<span style="font-family: 微软雅黑; ">Surface的售价有三个等级，分别为：499美元（32GB）、599美元（32GB+键盘套）和699美元（64GB+键盘套）。详细的可以查看<a href="http://surface.microsoftstore.com/store/msstore/Content/pbpage.Surface?ESICaching=off&amp;WT.mc_id=FY13WinHH" style="cursor: pointer; color: rgb(0, 102, 204); text-decoration: none; " target="_blank">Surface官网</a>，国内指定销售渠道为苏宁电器。</span></p>\r\n', '', 1, 1, '', '2012-06-16', '2012-10-20 10:17:13', '2012-10-31 14:45:39', '0000-00-00 00:00:00', 0, 15);
INSERT INTO `newsinfo` VALUES (16, 7, 0, 1, '谋求转变 百度MP3搜索门户提供音乐服务', '日前百度更换了其音乐首页地址，并弹出窗口称，MP3只是一种格式，我们需要的是音乐。此举无疑正式宣布百度将逐步以音乐盒服务替代过去的MP3搜索门户，国外网站TNW指出，百度意在重塑品牌并推进其合法的流媒体服务。', '<p style="margin: 0px 0px 1.5em; padding: 0px; list-style: none; color: rgb(51, 51, 51); font-family: Helvetica, Tahoma, Arial, sans-serif; font-size: 14px; line-height: 24px; text-align: center; ">\r\n	<img alt="" src="http://articles.csdn.net/uploads/allimg/121017/119_121017155816_1.jpg" style="vertical-align: middle; border: 0px solid; cursor: pointer; " /></p>\r\n<p style="margin: 0px 0px 1.5em; padding: 0px; list-style: none; color: rgb(51, 51, 51); font-family: Helvetica, Tahoma, Arial, sans-serif; font-size: 14px; line-height: 24px; ">\r\n	北京时间<a href="http://thenextweb.com/asia/2012/10/17/chinas-baidu-deprecating-mp3-search-portal-in-favor-of-streaming-baidu-music-service/" style="cursor: pointer; color: rgb(0, 102, 204); text-decoration: none; " target="_blank">10月17日消息</a>，国内搜索巨头百度已推出百度音乐盒服务，开始逐步替代过去的MP3搜索门户。</p>\r\n<p style="margin: 0px 0px 1.5em; padding: 0px; list-style: none; color: rgb(51, 51, 51); font-family: Helvetica, Tahoma, Arial, sans-serif; font-size: 14px; line-height: 24px; ">\r\n	笔者注意到百度音乐首页网址MP3.Baidu.com已经更换成Music.Baidu.com，同时百度音乐还弹出一个页面称，MP3只是一种格式，我们需要的是音乐。国外网站TNW指出，从百度Ting到百度音乐的转变，百度此举意在重塑品牌，因为去掉MP3的名称能够帮助百度摆脱之前侵犯版权的坏名声，同时也能推进其合法的流媒体服务。</p>\r\n<p style="margin: 0px 0px 1.5em; padding: 0px; list-style: none; color: rgb(51, 51, 51); font-family: Helvetica, Tahoma, Arial, sans-serif; font-size: 14px; line-height: 24px; text-align: center; ">\r\n	<img alt="" src="http://articles.csdn.net/uploads/allimg/121017/119_121017155847_1.jpg" style="vertical-align: middle; border: 0px solid; cursor: pointer; " /></p>\r\n<p style="margin: 0px 0px 1.5em; padding: 0px; list-style: none; color: rgb(51, 51, 51); font-family: Helvetica, Tahoma, Arial, sans-serif; font-size: 14px; line-height: 24px; ">\r\n	相比乱七八糟丢满了关键字和链接的旧百度MP3搜索页面，新的百度音乐显得更清新。目前百度主页搜索栏旁仍然显示各种MP3标签，不过最快这个月底，百度预计完成切换到全新的音乐页标签。</p>\r\n<p style="margin: 0px 0px 1.5em; padding: 0px; list-style: none; color: rgb(51, 51, 51); font-family: Helvetica, Tahoma, Arial, sans-serif; font-size: 14px; line-height: 24px; ">\r\n	据悉百度MP3搜索推出之初，因不区分网络上合法或非法的音乐文件，它以方便、容易找到MP3下载而获得快速发展。近几年由于饱受音乐版权官司，百度似乎谋求转变音乐服务模式。</p>\r\n<p style="margin: 0px 0px 1.5em; padding: 0px; list-style: none; color: rgb(51, 51, 51); font-family: Helvetica, Tahoma, Arial, sans-serif; font-size: 14px; line-height: 24px; ">\r\n	虽然百度开始清理盗版音乐并引进百度Ting，同时百度也在去年与主要唱片公司达成关键交易，但这样仍对百度MP3搜索产生了严重影响。据第三方数据显示，百度MP3流量已从2005年百度访问总量的三分之一下滑到如今的4％。</p>\r\n<p style="margin: 0px 0px 1.5em; padding: 0px; list-style: none; color: rgb(51, 51, 51); font-family: Helvetica, Tahoma, Arial, sans-serif; font-size: 14px; line-height: 24px; ">\r\n	<strong>最后：</strong>不管哪种方式，由于面临较少的竞争，百度谋求音乐服务转型应该比较容易获得成功。另外，值得一提的是通过自己合作伙伴关系而提供合法音乐下载的谷歌，上个月已正式关闭在中国的音乐服务。</p>\r\n', '', 1, 1, '', '2012-02-19', '2012-10-20 10:20:29', '2012-10-31 14:46:01', '0000-00-00 00:00:00', 0, 16);
INSERT INTO `newsinfo` VALUES (17, 7, 0, 1, '谷歌又一新战略 集合众多功能加强Gmail搜索', '谷歌正逐渐整合旗下多款产品，帮助用户在统一的位置使用这些服务。至此，Gmail集合了众多功能，推出了统一搜索功能。可方便用户对文档、日历、邮件等进行搜索。', '<div class="con news_content" style="margin: 0px 0px 30px; padding: 0px; list-style: none; color: rgb(51, 51, 51); font-family: Helvetica, Tahoma, Arial, sans-serif; font-size: 14px; line-height: 24px; ">\r\n	<p style="margin: 0px 0px 1.5em; padding: 0px; list-style: none; ">\r\n		<span style="font-family: 微软雅黑; ">据国外媒体</span><a href="http://allthingsd.com/20121015/google-amps-up-personal-search-to-combine-gmail-calendar-drive-and-more/" style="cursor: pointer; color: rgb(0, 102, 204); text-decoration: none; " target="_blank"><span style="font-family: 微软雅黑; ">allthingsd</span></a><span style="font-family: 微软雅黑; ">报道，从今天开始，谷歌用户可从Gmail邮箱顶部的搜索栏，对邮件、联系人、Google Drive文档和Google日历进行搜索。但需要先选择&ldquo;field trial&rdquo;（现场测试）模式后才可使用。</span></p>\r\n	<p style="margin: 0px 0px 1.5em; padding: 0px; list-style: none; ">\r\n		<span style="font-family: 微软雅黑; ">本次测试是基于现有的现场测试之上，将集合Gmail和Google.com的搜索结果。该测试早在8月推出，现还包括了Google Drive文档，电子表格和文件。需要注意的是，在此之前已经选择现场测试的用户需再次选择，才可参加此次测试。</span></p>\r\n	<p style="margin: 0px 0px 1.5em; padding: 0px; list-style: none; text-align: center; ">\r\n		<span style="font-family: 微软雅黑; "><img alt="" src="http://articles.csdn.net/uploads/allimg/121016/89_121016095915_1.png" style="vertical-align: middle; border: 0px solid; cursor: pointer; " /></span></p>\r\n	<p style="margin: 0px 0px 1.5em; padding: 0px; list-style: none; ">\r\n		<span style="font-family: 微软雅黑; ">谷歌曾表示其Gmail功能日益庞大，对隐私的要求越来越高和复杂。本次所有测试仅适用于英文版的个人Gmail账户。</span></p>\r\n	<p style="margin: 0px 0px 1.5em; padding: 0px; list-style: none; ">\r\n		<span style="font-family: 微软雅黑; ">像CloudMagic的一些初创公司，也致力于个人搜索的研究。但通常情况下，谷歌结合个人和公共服务于一体将会引起一些用户的不满。这就是谷歌测试的原因。</span></p>\r\n	<p style="margin: 0px 0px 1.5em; padding: 0px; list-style: none; ">\r\n		<span style="font-family: 微软雅黑; ">原文链接：</span><a href="http://allthingsd.com/20121015/google-amps-up-personal-search-to-combine-gmail-calendar-drive-and-more/" style="cursor: pointer; color: rgb(0, 102, 204); text-decoration: none; " target="_blank"><span style="font-family: 微软雅黑; ">allthingsd</span></a></p>\r\n</div>\r\n<br />\r\n', '', 1, 1, '', '2012-10-20', '2012-10-20 10:23:15', '2012-10-20 10:24:27', '0000-00-00 00:00:00', 0, 17);
INSERT INTO `newsinfo` VALUES (18, 7, 0, 1, 'Office 2013发布RTM版本 预计明年春季正式发布', '微软当地时间11日在Office官方博客发文称Office 2013已经完成了测试阶段的工作，该软件套装的最新版本目前已经是RTM版本。同时，Office官网上同时也向用户提供了高清预览视频。RTM版本的确定，也意味着Office 2013有望在明年一季度正式亮相。', '<p style="margin: 0px 0px 1.5em; padding: 0px; list-style: none; color: rgb(51, 51, 51); font-family: Helvetica, Tahoma, Arial, sans-serif; font-size: 14px; line-height: 24px; text-align: center; ">\r\n	<img alt="" src="http://articles.csdn.net/uploads/allimg/121012/130_121012075546_1.jpg" style="vertical-align: middle; border: 0px solid; cursor: pointer; " /></p>\r\n<p style="margin: 0px 0px 1.5em; padding: 0px; list-style: none; color: rgb(51, 51, 51); font-family: Helvetica, Tahoma, Arial, sans-serif; font-size: 14px; line-height: 24px; ">\r\n	<span style="font-family: 微软雅黑; ">北京时间10月12日消息，<a href="http://blogs.office.com/b/office-news/archive/2012/10/11/office-reaches-rtm.aspx" style="cursor: pointer; color: rgb(0, 102, 204); text-decoration: none; " target="_blank">微软刚刚宣布</a>，Office 2013已经完成了测试阶段的工作，该软件套装的最新版本目前已经是RTM（Release To Manufacturing，面向厂商发行）版本。微软Office官网上同时也向用户提供了高清预览视频，同时这也意味着用户有希望在2013年第一季度入手完整版的Office 2013。</span></p>\r\n<p style="margin: 0px 0px 1.5em; padding: 0px; list-style: none; color: rgb(51, 51, 51); font-family: Helvetica, Tahoma, Arial, sans-serif; font-size: 14px; line-height: 24px; ">\r\n	<span style="font-family: 微软雅黑; ">微软曾在今年7月份公开发布唯一一个公开的新版Office测试版客户端、服务器及服务软件，也就是我们所知道的消费者预览版。</span></p>\r\n<p style="margin: 0px 0px 1.5em; padding: 0px; list-style: none; color: rgb(51, 51, 51); font-family: Helvetica, Tahoma, Arial, sans-serif; font-size: 14px; line-height: 24px; ">\r\n	<span style="font-family: 微软雅黑; ">据微软方面消息透露，截止10月19日，所有在当地零售商或经销商处购买Office 2010的用户，在Office 2013发行时将能够免费获得最新的Office软件。此外，在微软10月26日发布Windows 8之后，用户将能够在Windows RT设备上率先体验到Office 2013。</span></p>\r\n<p style="margin: 0px 0px 1.5em; padding: 0px; list-style: none; color: rgb(51, 51, 51); font-family: Helvetica, Tahoma, Arial, sans-serif; font-size: 14px; line-height: 24px; ">\r\n	<span style="font-family: 微软雅黑; ">微软表示本次发布的是&ldquo;微软做过的最给力的一款Office&rdquo;，并极力推介&ldquo;新鲜、友好触摸设计&rdquo;，&ldquo;在社交、阅读、笔记、会议以及通讯等方面有很大优势。&rdquo;微软此次推出Windows 8操作系统及Office 2013，对于公司发展历史会有巨大的影响，是有一定风险的。</span></p>\r\n<p style="margin: 0px 0px 1.5em; padding: 0px; list-style: none; color: rgb(51, 51, 51); font-family: Helvetica, Tahoma, Arial, sans-serif; font-size: 14px; line-height: 24px; ">\r\n	<span style="font-family: 微软雅黑; ">如果你是企业用户，可以留意以下信息，微软为企业用户准备了很多提前获取软件的方案，这将帮助这部分用户提前进行测试、试点及为公司配置Office软件：</span></p>\r\n<blockquote style="margin: 0px 10px 0px 30px; padding: 0px 0px 0px 10px; list-style: none; font-family: Helvetica, Tahoma, Arial, sans-serif; font-size: 14px; line-height: 24px; border-left-width: 4px; border-left-style: solid; border-left-color: rgb(221, 221, 221); color: rgb(85, 85, 85); ">\r\n	<p style="margin: 0px 0px 1.5em; padding: 0px; list-style: none; ">\r\n		<span style="font-family: 微软雅黑; ">我们将在下一次服务更新时向Office 365企业用户推出新功能，时间是在11月份全面上市时。</span></p>\r\n	<p style="margin: 0px 0px 1.5em; padding: 0px; list-style: none; ">\r\n		<span style="font-family: 微软雅黑; ">享受微软软件保障（Software Assurance）的批量许可用户将能够在11月中旬通过批量许可服务中心下载Office 2013应用及其它Office产品，包括SharePoint 2013、Lync 2013及Exchange 2013等。用户可以在12月1日的批量授权价格表上看到这些产品。</span></p>\r\n	<p style="margin: 0px 0px 1.5em; padding: 0px; list-style: none; ">\r\n		<span style="font-family: 微软雅黑; ">IT专业人士及开发者在11月中旬将能够通过他们的TechNet及MSDN订阅下载到最终版本的软件。</span></p>\r\n</blockquote>\r\n', '', 1, 1, '', '2012-05-11', '2012-10-20 10:24:30', '2012-10-31 14:46:58', '0000-00-00 00:00:00', 0, 18);
INSERT INTO `newsinfo` VALUES (19, 15, 0, 1, '谷歌在印度推Gmail免费短信服务', '谷歌一直在努力桥接发展中国家功能手机SMS服务和Gmail之间的服务，这不，近日谷歌在印度推出“Gmail SMS”服务，这使得印度的Gmail用户可以从Gmail的窗口发送信息到手机上并且接受聊天信息的回复，目前谷歌的这项服务已经得到印度的八大运营商的支持。', '<p style="margin: 0px 0px 1.5em; padding: 0px; list-style: none; color: rgb(51, 51, 51); font-family: Helvetica, Tahoma, Arial, sans-serif; font-size: 14px; line-height: 24px; text-align: center; ">\r\n	<img alt="" src="http://articles.csdn.net/uploads/allimg/121011/119_121011154555_1.jpg" style="vertical-align: middle; border: 0px solid; cursor: pointer; " /></p>\r\n<p style="margin: 0px 0px 1.5em; padding: 0px; list-style: none; color: rgb(51, 51, 51); font-family: Helvetica, Tahoma, Arial, sans-serif; font-size: 14px; line-height: 24px; ">\r\n	北京时间<a href="http://thenextweb.com/in/2012/10/11/google-pushes-out-free-sms-service-for-gmail-in-india/" style="cursor: pointer; color: rgb(0, 102, 204); text-decoration: none; " target="_blank">10月11日消息</a>，谷歌近日在印度推出&ldquo;Gmail SMS&rdquo;服务，使得印度的手机用户可以从Gmail发送免费短信。</p>\r\n<p style="margin: 0px 0px 1.5em; padding: 0px; list-style: none; color: rgb(51, 51, 51); font-family: Helvetica, Tahoma, Arial, sans-serif; font-size: 14px; line-height: 24px; ">\r\n	据悉谷歌的这项新服务，可以让印度的Gmail用户从Gmail的窗口发送信息到手机上并且接受聊天信息的回复。目前谷歌的&ldquo;Gmail SMS&rdquo;服务已经获得印度包括Aircel、Idea、Loop Mobile、MTS、Reliance、Tata DoCoMo、Tata indicom和Vodafone八大移动运营商的支持。</p>\r\n<p style="margin: 0px 0px 1.5em; padding: 0px; list-style: none; color: rgb(51, 51, 51); font-family: Helvetica, Tahoma, Arial, sans-serif; font-size: 14px; line-height: 24px; ">\r\n	需要指出的是，虽然&ldquo;Gmail SMS&rdquo;服务免费，但用户不能无限的发送信息。Gmail用户最多可发送50条免费短信，当免费短信用完时，可以等待恢复限量的免费短信或者付费购买短信服务，当地运营商会按照标准价格收费。这样做有助于遏制垃圾邮件发送者使用该服务，从而让用户避免不必要的骚扰。</p>\r\n<p style="margin: 0px 0px 1.5em; padding: 0px; list-style: none; color: rgb(51, 51, 51); font-family: Helvetica, Tahoma, Arial, sans-serif; font-size: 14px; line-height: 24px; ">\r\n	如果用户不希望Gmail的聊天短信发送到自己的手机上，他们可以设置阻止接受特定用户或所有用户的邮件。</p>\r\n<p style="margin: 0px 0px 1.5em; padding: 0px; list-style: none; color: rgb(51, 51, 51); font-family: Helvetica, Tahoma, Arial, sans-serif; font-size: 14px; line-height: 24px; ">\r\n	值得一提的是，就在谷歌印度推出Gmail免费短信服务之际，上个月信息通信应用WhatsApp率先宣布与印度运营商达成交易，将为大学生提供无限量的短信计划。</p>\r\n<p style="margin: 0px 0px 1.5em; padding: 0px; list-style: none; color: rgb(51, 51, 51); font-family: Helvetica, Tahoma, Arial, sans-serif; font-size: 14px; line-height: 24px; ">\r\n	<strong>最后：</strong>谷歌一直努力桥接发展中国家功能手机SMS服务和Gmail之间的服务。例如今年4月，谷歌在印度的Google+社交网络上新增短信发布功能，今年7月，这家搜索巨头又在非洲市场推出一个Gmail手机短信功能。值得称赞的是，谷歌这项服务实际上很棒，因为在发展中国家并不是有那么多机会连接到移动互联网，而对于其他人来说，在无法连接3G、WiFi的特殊情况下，还有这么一个途径收发邮件未尝不是一件好事。</p>\r\n', '', 1, 1, '', '2012-10-20', '2012-10-20 10:26:16', '2012-10-20 10:27:52', '0000-00-00 00:00:00', 0, 19);
INSERT INTO `newsinfo` VALUES (20, 15, 0, 1, '消息称编程语言PHP即将推出移动版', '移动版PHP将是什么样子以及将如何交付目前都仍旧还是个谜。', '<p style="margin: 0px 0px 1.5em; padding: 0px; list-style: none; color: rgb(51, 51, 51); font-family: Helvetica, Tahoma, Arial, sans-serif; font-size: 14px; line-height: 24px; ">\r\n	北京时间10月4日消息，美国科技博客VentureBeat撰稿人John Koetsier近日撰文称网络上最流行的编程语言可能即将推出移动版。文章指出，有75%的网站正在使用PHP，如Facebook、维基百科、雅虎和Photobucket等网站都是使用PHP编程语言来构建的，但这种语言看起来仍无法获得任何尊敬。不过，移动版PHP应将有助于这种编程语言继续实现增长。</p>\r\n<p style="margin: 0px 0px 1.5em; padding: 0px; list-style: none; color: rgb(51, 51, 51); font-family: Helvetica, Tahoma, Arial, sans-serif; font-size: 14px; line-height: 24px; ">\r\n	<strong>以下是这篇文章的全文：</strong></p>\r\n<p style="margin: 0px 0px 1.5em; padding: 0px; list-style: none; color: rgb(51, 51, 51); font-family: Helvetica, Tahoma, Arial, sans-serif; font-size: 14px; line-height: 24px; ">\r\n	有一种开发者对网络上最流行的编程语言PHP又爱又恨，而当这种编程语言的看管者采取下一步行动时，他们将真的只恨不爱了。</p>\r\n<p style="margin: 0px 0px 1.5em; padding: 0px; list-style: none; color: rgb(51, 51, 51); font-family: Helvetica, Tahoma, Arial, sans-serif; font-size: 14px; line-height: 24px; ">\r\n	PHP是由丹麦程序员雷斯莫斯&middot;勒道夫（Rasmus Lerdorf）在1995年创造出来的。在1997年，以色列程序员安迪&middot;古特曼斯（Andi Gutmans）和齐弗&middot;苏拉斯基（Zeev Suraski）重写了解析程序，从而为PHP 3奠定了基础。到1999年，两人开发出了Zend Engine，到现在它仍是PHP的解释器。此后，古特曼斯和苏拉斯基仍继续合作，共同创建了商业化实体Zend Technologie，为PHP开发者创造扩展产品和服务，尤其是在企业中供职的开发者。</p>\r\n<p style="margin: 0px 0px 1.5em; padding: 0px; list-style: none; color: rgb(51, 51, 51); font-family: Helvetica, Tahoma, Arial, sans-serif; font-size: 14px; line-height: 24px; ">\r\n	时至今日，在代码库经过多次重大的迭代以后，有35%的网络流量是由PHP处理的，古特曼斯说道。而据维基百科提供的数据显示，有75%的网站正在使用PHP，如Facebook、维基百科、雅虎和Photobucket等网站都是使用PHP编程语言来构建的。全球最流行的博客平台WordPress也是用这种语言构建的，很可能在其35%的网络流量中占到了一半的比例。此外，其他大多数主要的内容管理系统也同样使用这种语言，如Drupal和Joomla等。</p>\r\n<p style="margin: 0px 0px 1.5em; padding: 0px; list-style: none; color: rgb(51, 51, 51); font-family: Helvetica, Tahoma, Arial, sans-serif; font-size: 14px; line-height: 24px; ">\r\n	<strong>不受尊敬</strong></p>\r\n<p style="margin: 0px 0px 1.5em; padding: 0px; list-style: none; color: rgb(51, 51, 51); font-family: Helvetica, Tahoma, Arial, sans-serif; font-size: 14px; line-height: 24px; ">\r\n	尽管如此，这种语言看起来仍无法获得任何尊敬，在过去许多年时间里都被使用C、Java、.NET、Python或Ruby等语言编写代码的程序员所嘲笑。从发展趋势来看，PHP作为一个搜索词汇的使用量在过去几年时间里一直都呈现出下滑的走势，而移动应用革命则让Objective-C和Java重新复苏。</p>\r\n<p style="margin: 0px 0px 1.5em; padding: 0px; list-style: none; color: rgb(51, 51, 51); font-family: Helvetica, Tahoma, Arial, sans-serif; font-size: 14px; line-height: 24px; ">\r\n	那么，这种为如此之多的网络流量提供支持的编程语言是否就会这样悄无声息的消失呢？</p>\r\n<p style="margin: 0px 0px 1.5em; padding: 0px; list-style: none; color: rgb(51, 51, 51); font-family: Helvetica, Tahoma, Arial, sans-serif; font-size: 14px; line-height: 24px; ">\r\n	如果古特曼斯对此有话要说的话，那么答案肯定就是否定的。VentureBeat就PHP及其未来的问题与他进行了对话，结果是他比以往任何时候都更加看好这种编程语言，尤其是说到即将推出的移动版PHP时就更是如此。</p>\r\n<p style="margin: 0px 0px 1.5em; padding: 0px; list-style: none; color: rgb(51, 51, 51); font-family: Helvetica, Tahoma, Arial, sans-serif; font-size: 14px; line-height: 24px; ">\r\n	<strong>攫取份额</strong></p>\r\n<p style="margin: 0px 0px 1.5em; padding: 0px; list-style: none; color: rgb(51, 51, 51); font-family: Helvetica, Tahoma, Arial, sans-serif; font-size: 14px; line-height: 24px; ">\r\n	&ldquo;所有动态语言现在都正在从Java和.NET那里攫取份额。&rdquo;古特曼斯说道。&ldquo;我们正在从中获得很大好处。&rdquo;</p>\r\n<p style="margin: 0px 0px 1.5em; padding: 0px; list-style: none; color: rgb(51, 51, 51); font-family: Helvetica, Tahoma, Arial, sans-serif; font-size: 14px; line-height: 24px; ">\r\n	因此，Ruby on Rails或Node.js等更加时髦的技术并不特别令古特曼斯感到困扰。心理份额当然是很好的，但市场份额更好。而古特曼斯所重点关注的就是市场份额数据，尤其是在企业用户中占据的市场份额。</p>\r\n<p style="margin: 0px 0px 1.5em; padding: 0px; list-style: none; color: rgb(51, 51, 51); font-family: Helvetica, Tahoma, Arial, sans-serif; font-size: 14px; line-height: 24px; ">\r\n	&ldquo;从成熟的观点来看，&rdquo;古特曼斯说道，&ldquo;我认为就目前而言，其他任何动态语言都不具备完整的工具组。我们的竞争对手是Java 和.NET&hellip;&hellip;而永远都不是是其他的动态语言。&rdquo;</p>\r\n<p style="margin: 0px 0px 1.5em; padding: 0px; list-style: none; color: rgb(51, 51, 51); font-family: Helvetica, Tahoma, Arial, sans-serif; font-size: 14px; line-height: 24px; ">\r\n	虽然古特曼斯喜欢Ruby on Rails正在做的事情，并认为PHP能从中学习和借鉴某些东西，但他同时指出，PHP对WordPress、Drupal和Magento等解决方案能提供重大的支持。&ldquo;与八年以前相比，现在我们已经变得更好&hellip;&hellip;在今天，我们是唯一能真正进入主流企业的编程语言。&rdquo;古特曼斯说道。&ldquo;我们确实相信，PHP的动量和规模将会继续下去。我们不认为现在PHP正在放慢速度。&rdquo;</p>\r\n<p style="margin: 0px 0px 1.5em; padding: 0px; list-style: none; color: rgb(51, 51, 51); font-family: Helvetica, Tahoma, Arial, sans-serif; font-size: 14px; line-height: 24px; ">\r\n	古特曼斯的言辞带有公司创始人的那种热忱；当然，还有其他一些公司也正在迎合与PHP相关的企业需求，但Zend仍旧是最大和最知名的PHP产品和服务提供商之一，从其起源来看尤其是如此。</p>\r\n<p style="margin: 0px 0px 1.5em; padding: 0px; list-style: none; color: rgb(51, 51, 51); font-family: Helvetica, Tahoma, Arial, sans-serif; font-size: 14px; line-height: 24px; ">\r\n	据最近发布的一份研究报告显示，有三分之二的开发者将一半的时间花在PHP身上。另据Rails开发者马可&middot;盖尔（Marc Gayle）最近发布的研究报告显示，分类信息网站Craigslist上有一半的开发者职位需要PHP开发者。当我与盖尔交谈时，他猜测其理由可能在于PHP拥有超级流行的内容管理系统。&ldquo;我觉得，那让结果产生了偏移。&rdquo;他说道。&ldquo;但我不能确定。&rdquo;</p>\r\n<p style="margin: 0px 0px 1.5em; padding: 0px; list-style: none; color: rgb(51, 51, 51); font-family: Helvetica, Tahoma, Arial, sans-serif; font-size: 14px; line-height: 24px; ">\r\n	<strong>移动版即将问世</strong></p>\r\n<p style="margin: 0px 0px 1.5em; padding: 0px; list-style: none; color: rgb(51, 51, 51); font-family: Helvetica, Tahoma, Arial, sans-serif; font-size: 14px; line-height: 24px; ">\r\n	在说到移动应用的问题时，古特曼斯支持JavaScript缔造者布兰登&middot;艾奇（Brendan Eich）等人的说法，坚定地相信网络和网络语言最终将会赶上来，击败本地化的编程语言。</p>\r\n<p style="margin: 0px 0px 1.5em; padding: 0px; list-style: none; color: rgb(51, 51, 51); font-family: Helvetica, Tahoma, Arial, sans-serif; font-size: 14px; line-height: 24px; ">\r\n	但古特曼斯暗示，PHP和Zend将提供客户端应用开发工具。他拒绝就此发表更多的言论，仅表示他将在10月底召开的Zend大会上宣布所有细节信息。但是，听起来像是PHP将会推出某种程度上的移动版。就目前而言，移动版PHP将是什么样子以及将如何交付都仍旧还是个谜。但古特曼斯表示，移动版PHP将有助于这种编程语言继续实现增长。这一点可以说是毋庸置疑。</p>\r\n<p style="margin: 0px 0px 1.5em; padding: 0px; list-style: none; color: rgb(51, 51, 51); font-family: Helvetica, Tahoma, Arial, sans-serif; font-size: 14px; line-height: 24px; ">\r\n	本文来自：<a href="http://tech.qq.com/a/20121004/000007.htm" style="cursor: pointer; color: rgb(0, 102, 204); text-decoration: none; " target="_blank">腾讯科技</a></p>\r\n', '', 1, 1, '', '2012-10-20', '2012-10-20 10:27:55', '2012-10-20 10:30:27', '0000-00-00 00:00:00', 0, 20);
INSERT INTO `newsinfo` VALUES (21, 5, 0, 1, '谷歌市值超越微软沃尔玛 成美第三大上市公司', '谷歌市值达2490.80美元，仅仅位居苹果和埃克森美孚之后。而微软和沃尔玛市值分别为2472.36亿美元和2489.40美元。', '<p style="margin: 0px 0px 1.5em; padding: 0px; list-style: none; color: rgb(51, 51, 51); font-family: Helvetica, Tahoma, Arial, sans-serif; font-size: 14px; line-height: 24px; text-align: center; ">\r\n	<img alt="谷歌市值超越微软沃尔玛 成美第四大上市公司" src="http://img1.gtimg.com/tech/pics/hv1/226/18/1160/75433816.jpg" style="vertical-align: middle; border: none; " /></p>\r\n<p style="margin: 0px 0px 1.5em; padding: 0px; list-style: none; color: rgb(51, 51, 51); font-family: Helvetica, Tahoma, Arial, sans-serif; font-size: 14px; line-height: 24px; text-align: center; ">\r\n	谷歌(微博)周一股价走势图（腾讯科技配图）</p>\r\n<p style="margin: 0px 0px 1.5em; padding: 0px; list-style: none; color: rgb(51, 51, 51); font-family: Helvetica, Tahoma, Arial, sans-serif; font-size: 14px; line-height: 24px; text-align: center; ">\r\n	<img alt="谷歌市值超越微软沃尔玛 成美第四大上市公司" src="http://img1.gtimg.com/tech/pics/hv1/228/18/1160/75433818.jpg" style="vertical-align: middle; border: none; " /></p>\r\n<p style="margin: 0px 0px 1.5em; padding: 0px; list-style: none; color: rgb(51, 51, 51); font-family: Helvetica, Tahoma, Arial, sans-serif; font-size: 14px; line-height: 24px; text-align: center; ">\r\n	沃尔玛周一股价走势图（腾讯科技配图）</p>\r\n<p style="margin: 0px 0px 1.5em; padding: 0px; list-style: none; color: rgb(51, 51, 51); font-family: Helvetica, Tahoma, Arial, sans-serif; font-size: 14px; line-height: 24px; ">\r\n	北京时间10月2日消息，谷歌股价周五在纳斯达克证券市场常规交易中报收于761.78美元，市值达2490.80美元，超越微软和沃尔玛成为美国第三大市值上市公司，后者市值分别为2472.36亿美元和2489.40美元，与此同时，谷歌也成为了全球第二大科技公司。</p>\r\n<p style="margin: 0px 0px 1.5em; padding: 0px; list-style: none; color: rgb(51, 51, 51); font-family: Helvetica, Tahoma, Arial, sans-serif; font-size: 14px; line-height: 24px; ">\r\n	受投资人对谷歌斥资125亿美元收购摩托罗拉移动以及移动搜索广告价格顾虑的逐渐减退，谷歌股价在第三季度累计涨幅已经达到30%，创出7年来的季度最大涨幅。</p>\r\n<p style="margin: 0px 0px 1.5em; padding: 0px; list-style: none; color: rgb(51, 51, 51); font-family: Helvetica, Tahoma, Arial, sans-serif; font-size: 14px; line-height: 24px; ">\r\n	美国投资公司Wedge Partners分析师马丁&middot;普科宁(Martin Pyykkonen)称：&ldquo;PC硬件业务明显正面临困境。从发展趋势来看，这种过渡是相当明确的，那就是朝着云和网络的方向发展。&rdquo;</p>\r\n<p style="margin: 0px 0px 1.5em; padding: 0px; list-style: none; color: rgb(51, 51, 51); font-family: Helvetica, Tahoma, Arial, sans-serif; font-size: 14px; line-height: 24px; ">\r\n	标准普尔500指数在今年第三季度上涨6.2%，而谷歌股价的涨幅几乎是达到了该指数涨幅的五倍。谷歌股价在第三季度的大幅飙升，也让这家公司的市值超越微软和沃尔玛，成为美国第三大市值上市公司，仅仅位居苹果和埃克森美孚之后。</p>\r\n<p style="margin: 0px 0px 1.5em; padding: 0px; list-style: none; color: rgb(51, 51, 51); font-family: Helvetica, Tahoma, Arial, sans-serif; font-size: 14px; line-height: 24px; ">\r\n	根据FactSet提供的数据显示，今年6月份，谷歌的动态市盈率达到了历史最低水平，至少是该公司自2004年进行首次公开招股以来的最低水平。在过去的两年时间里，谷歌的动态市盈率一直在标准普尔500指数科技股当中垫底。投资人当前关注着谷歌能否维持其动能的迹象。谷歌股东则希望谷歌的搜索广告费用能进一步稳定，夏天时已经有所改观。</p>\r\n<p style="margin: 0px 0px 1.5em; padding: 0px; list-style: none; color: rgb(51, 51, 51); font-family: Helvetica, Tahoma, Arial, sans-serif; font-size: 14px; line-height: 24px; ">\r\n	另外一个关注的焦点是谷歌如何管理摩托罗拉移动的成本。谷歌在2011年宣布斥资125亿美元收购摩托罗拉移动，该交易在今年年初已经完成。佩尔森表示，&ldquo;夏天时市场中曾有太多的顾虑。依据我们的观点，这只是短期的噪音。最大的担忧是每点击成本趋势和对摩托罗拉移动的整合，硬件业务如何影响谷歌的利润率。&rdquo;</p>\r\n<p style="margin: 0px 0px 1.5em; padding: 0px; list-style: none; color: rgb(51, 51, 51); font-family: Helvetica, Tahoma, Arial, sans-serif; font-size: 14px; line-height: 24px; ">\r\n	每点击成本被投资者密切关注，它指的是广告主为每次谷歌广告点击付的钱，在夏天之前的几个季度，每点击成本一直在下降。一些人认为，下降预示着移动广告市场的利润率比传统在线广告低。不过，第二季度谷歌的每点击成本比前一季度上涨了1%。Canaccord Genuity的分析师迈克尔&middot;格雷厄姆（Michael Graham）表示，&ldquo;最大的担心是移动广告会不会真的发展放缓。&rdquo;</p>\r\n<p style="margin: 0px 0px 1.5em; padding: 0px; list-style: none; color: rgb(51, 51, 51); font-family: Helvetica, Tahoma, Arial, sans-serif; font-size: 14px; line-height: 24px; ">\r\n	谷歌在8月表示，将对摩托罗拉移动裁员大约20%，为这家移动设备制造商进行瘦身。谷歌的这一做法也对提升公司股价做出了贡献。</p>\r\n<p style="margin: 0px 0px 1.5em; padding: 0px; list-style: none; color: rgb(51, 51, 51); font-family: Helvetica, Tahoma, Arial, sans-serif; font-size: 14px; line-height: 24px; ">\r\n	对投资人而言，谷歌与苹果之间的业务竞争依然是一个问题。苹果最近决定在最新的iOS操作系统中用自己的地图服务替代谷歌地图，就是两家公司在移动计算市场竞争加剧的又一例证。上周五，苹果首席执行官蒂姆&middot;库克（Tim Cook）就苹果地图应用的质量向用户进行了道歉。</p>\r\n<p style="margin: 0px 0px 1.5em; padding: 0px; list-style: none; color: rgb(51, 51, 51); font-family: Helvetica, Tahoma, Arial, sans-serif; font-size: 14px; line-height: 24px; ">\r\n	分析师格雷厄姆表示，&ldquo;苹果在获得硬件营收上做得相当出色，从历史来看，苹果没有关注将使用率货币化。不过从目前的情况来看，苹果想做一些尝试，让使用率更商业化一些。&rdquo;</p>\r\n<p style="margin: 0px 0px 1.5em; padding: 0px; list-style: none; color: rgb(51, 51, 51); font-family: Helvetica, Tahoma, Arial, sans-serif; font-size: 14px; line-height: 24px; ">\r\n	来自：<a href="http://tech.qq.com/a/20121002/000016.htm" style="cursor: pointer; color: rgb(0, 102, 204); text-decoration: none; " target="_blank">腾讯科技</a></p>\r\n', '', 1, 1, '', '2012-03-01', '2012-10-20 10:29:51', '2012-10-31 14:47:13', '0000-00-00 00:00:00', 0, 21);
INSERT INTO `newsinfo` VALUES (22, 15, 0, 1, '高清！3D大图！谷歌地图再次迎来升级', '北京时间9月29日消息，在苹果CEO Tim Cook就糟糕的地图表现向客户致歉的时候，谷歌再次悄然对谷歌地图进行升级，它在其地图官方博客上宣布谷歌地图将加入更多的高清晰图像和45的3D视图。 现在用户可以在谷歌地图上看到地球上17个城市、112个国家和地区的高分辨率航空和卫星图像。此外，谷歌地图还为...', '<p style="margin: 0px 0px 1.5em; padding: 0px; list-style: none; color: rgb(51, 51, 51); font-family: Helvetica, Tahoma, Arial, sans-serif; font-size: 14px; line-height: 24px; text-align: center; ">\r\n	<img alt="" src="http://articles.csdn.net/uploads/allimg/120929/119_120929075345_1.jpg" style="vertical-align: middle; border: 0px solid; cursor: pointer; " /></p>\r\n<p style="margin: 0px 0px 1.5em; padding: 0px; list-style: none; color: rgb(51, 51, 51); font-family: Helvetica, Tahoma, Arial, sans-serif; font-size: 14px; line-height: 24px; ">\r\n	北京时间<a href="http://techcrunch.com/2012/09/28/google-maps-now-with-more-high-res-satellite-and-45-aerial-imagery/" style="cursor: pointer; color: rgb(0, 102, 204); text-decoration: none; " target="_blank">9月29日消息</a>，在苹果CEO Tim Cook就糟糕的地图表现<a href="http://www.csdn.net/article/2012-09-29/2810502-letter-from-tim-cook-on-maps" style="cursor: pointer; color: rgb(0, 102, 204); text-decoration: none; " target="_blank">向客户致歉的时候</a>，谷歌再次悄然对谷歌地图进行升级，它在其地图官方博客上宣布谷歌地图将加入更多的高清晰图像和45&deg;的3D视图。</p>\r\n<p style="margin: 0px 0px 1.5em; padding: 0px; list-style: none; color: rgb(51, 51, 51); font-family: Helvetica, Tahoma, Arial, sans-serif; font-size: 14px; line-height: 24px; ">\r\n	现在用户可以在谷歌地图上看到地球上17个城市、112个国家和地区的高分辨率航空和卫星图像。此外，谷歌地图还为51座城市提供全新的45&deg;3D地图，这些城市包括美国的37座城市和14个海外城市。</p>\r\n<p style="margin: 0px 0px 1.5em; padding: 0px; list-style: none; color: rgb(51, 51, 51); font-family: Helvetica, Tahoma, Arial, sans-serif; font-size: 14px; line-height: 24px; ">\r\n	从效果图来看，这些利用高空搜集的航拍图片以及运用自动化技术得到的三维数据，让谷歌地图显示3D图像的能力得到大大提高。另外需要指出的时候，从谷歌官方博客公布的升级信息来看，此次谷歌地图升级的城市并非都是国际性大城市。从这我们也可以看出，谷歌打造的庞大、全新的3D地图服务，尚需更多的时间进一步全面覆盖。</p>\r\n<p style="margin: 0px 0px 1.5em; padding: 0px; list-style: none; color: rgb(51, 51, 51); font-family: Helvetica, Tahoma, Arial, sans-serif; font-size: 14px; line-height: 24px; text-align: center; ">\r\n	<img alt="" src="http://articles.csdn.net/uploads/allimg/120929/119_120929080317_1.jpg" style="vertical-align: middle; border: 0px solid; cursor: pointer; " /></p>\r\n<p style="margin: 0px 0px 1.5em; padding: 0px; list-style: none; color: rgb(51, 51, 51); font-family: Helvetica, Tahoma, Arial, sans-serif; font-size: 14px; line-height: 24px; text-align: center; ">\r\n	谷歌地图海底街景</p>\r\n<p style="margin: 0px 0px 1.5em; padding: 0px; list-style: none; color: rgb(51, 51, 51); font-family: Helvetica, Tahoma, Arial, sans-serif; font-size: 14px; line-height: 24px; ">\r\n	虽然此次升级范围不大，但笔者一直在想谷歌到底是有意还是无意？自从苹果宣布iOS 6将采用自家地图之后，谷歌地图变得越来越棒。本周早些时候，谷歌地图新推出了<a href="http://www.csdn.net/article/2012-09-26/2810353" style="cursor: pointer; color: rgb(0, 102, 204); text-decoration: none; " target="_blank">&ldquo;海底街景&rdquo;模式</a>，而今天谷歌地图的更新不仅带来了新的图像数据，也带来了全新的用户体验。</p>\r\n<p style="margin: 0px 0px 1.5em; padding: 0px; list-style: none; color: rgb(51, 51, 51); font-family: Helvetica, Tahoma, Arial, sans-serif; font-size: 14px; line-height: 24px; ">\r\n	<strong>最后：</strong>在今年六月份谷歌3D地图发布会上，谷歌地图工程副总裁Brian McClendon曾表示，谷歌已经租用一队专业的飞机来为公司收集图片和数据，因此谷歌有信心并计划在今年年底实现对大城市高达3亿的用户实现3D地图覆盖。结合7月份谷歌对地图组成部分升级以及这次数据升级来看，笔者相信谷歌一定能实现这一承诺，另外鉴于苹果地图糟糕的表现，笔者也相信谷歌地图将借此再次征服用户。</p>\r\n', '', 1, 1, '', '2012-10-20', '2012-10-20 10:31:57', '2012-10-20 10:33:20', '0000-00-00 00:00:00', 0, 22);
INSERT INTO `newsinfo` VALUES (23, 5, 0, 1, '程序员不满订票难 自建12306开源项目组', '国庆前，12306 再次站到风口浪尖上，因为系统崩溃而买不到火车票的人们纷纷在网上吐槽。当程序员也订不到火车票，后果就不止吐槽那么简单。', '<p style="margin: 0px 0px 1.5em; padding: 0px; list-style: none; color: rgb(51, 51, 51); font-family: Helvetica, Tahoma, Arial, sans-serif; font-size: 14px; line-height: 24px; ">\r\n	27 日下午 3:02，网友@caoz 发表了一条微博(见下图)，很快该微博就被转发了上万次：</p>\r\n<p style="margin: 0px 0px 1.5em; padding: 0px; list-style: none; color: rgb(51, 51, 51); font-family: Helvetica, Tahoma, Arial, sans-serif; font-size: 14px; line-height: 24px; text-align: center; ">\r\n	<img alt="" src="http://articles.csdn.net/uploads/allimg/120930/89_120930090633_1.png" style="vertical-align: middle; border: 0px solid; cursor: pointer; " /></p>\r\n<p style="margin: 0px 0px 1.5em; padding: 0px; list-style: none; color: rgb(51, 51, 51); font-family: Helvetica, Tahoma, Arial, sans-serif; font-size: 14px; line-height: 24px; ">\r\n	随后，各种专业吐槽和评论，让人们从专业角度了解到 12306 在技术层面上还有很多需要改进的地方。然而，程序员的脚步不止于此。同一天晚上 10 ：34，网友@大学001 发了这么一条微博：</p>\r\n<p style="margin: 0px 0px 1.5em; padding: 0px; list-style: none; color: rgb(51, 51, 51); font-family: Helvetica, Tahoma, Arial, sans-serif; font-size: 14px; line-height: 24px; ">\r\n	为了程序猿可以顺利在 12306 预订到火车票，我建议成立 12306NG 开源项目组。有兴趣参加的请转起来！我负责筹资并以一个程序猿老兵名义奉献不止&hellip;</p>\r\n<p style="margin: 0px 0px 1.5em; padding: 0px; list-style: none; color: rgb(51, 51, 51); font-family: Helvetica, Tahoma, Arial, sans-serif; font-size: 14px; line-height: 24px; ">\r\n	28 日凌晨 1:38，12306NG.org 注册成功，并接受报名。@大学001 表示：&ldquo;这将是项目组自己的网站，完全公益！我们将通过此网站发布项目所有成果，包括源代码、技术方案、各类文档等。此网站也是我们项目组讨论、协作、分享的地方。&rdquo;下午 5:07，12306NG 开源项目组官方微博发了第一条微博，表示项目组开始筹备。</p>\r\n<p style="margin: 0px 0px 1.5em; padding: 0px; list-style: none; color: rgb(51, 51, 51); font-family: Helvetica, Tahoma, Arial, sans-serif; font-size: 14px; line-height: 24px; ">\r\n	今天，@12306NG开源项目组 发表微博，公布项目进度。现在，项目已吸纳 10 多名程序员，涵盖数据库、大并发、高性能、分布式架构等多领域。而项目范围日益清晰，技术框架渐现眉目。</p>\r\n<p style="margin: 0px 0px 1.5em; padding: 0px; list-style: none; color: rgb(51, 51, 51); font-family: Helvetica, Tahoma, Arial, sans-serif; font-size: 14px; line-height: 24px; ">\r\n	@大学001 在新浪微博上的认证身份为京东商城副总裁李大学，但他声明：此事与京东无关，纯属个人行为。</p>\r\n<p style="margin: 0px 0px 1.5em; padding: 0px; list-style: none; color: rgb(51, 51, 51); font-family: Helvetica, Tahoma, Arial, sans-serif; font-size: 14px; line-height: 24px; ">\r\n	现在，12306NG 开源项目组论坛上《【需求分析】12306NG 的需求总汇》一帖已有44 楼，用户活跃地讨论交流对于 12306 的设想。</p>\r\n<p style="margin: 0px 0px 1.5em; padding: 0px; list-style: none; color: rgb(51, 51, 51); font-family: Helvetica, Tahoma, Arial, sans-serif; font-size: 14px; line-height: 24px; ">\r\n	李大学认为，在中国，社区力量能够挑战商业组织，中国经济已经从资源争夺转向技术驱动，属于程序员的时代来了。他希望程序员们能做到：不抱怨，去改变，从我做起。</p>\r\n<p style="margin: 0px 0px 1.5em; padding: 0px; list-style: none; color: rgb(51, 51, 51); font-family: Helvetica, Tahoma, Arial, sans-serif; font-size: 14px; line-height: 24px; ">\r\n	NG 是 Next Generation 的意思。《建设一个靠谱的火车票网上订购系统》一文写道：&ldquo;如果我们能够设计建造一套，稳定而高效的铁路订票系统，不仅解决了中国老百姓的实际问题，而且在全球高科技业界，也是一大亮点，而且是贴着中国标签的前沿科技的亮点。&rdquo;现实也许是，最后铁道部并没采纳项目组的方案，但我们可以看到，正是由于网络的开放性，才能聚集民间智慧，推动社会进步。至少，参与其中的程序员能将受益于彼此的想法，而铁道部技术人员也能从中借鉴。最终受益的是老百姓。</p>\r\n<p style="margin: 0px 0px 1.5em; padding: 0px; list-style: none; color: rgb(51, 51, 51); font-family: Helvetica, Tahoma, Arial, sans-serif; font-size: 14px; line-height: 24px; ">\r\n	&ldquo;中国程序猿们站起来，火车上的民工们才能坐下去！&rdquo;</p>\r\n<p style="margin: 0px 0px 1.5em; padding: 0px; list-style: none; color: rgb(51, 51, 51); font-family: Helvetica, Tahoma, Arial, sans-serif; font-size: 14px; line-height: 24px; ">\r\n	&mdash;&mdash;@大学001</p>\r\n<p style="margin: 0px 0px 1.5em; padding: 0px; list-style: none; color: rgb(51, 51, 51); font-family: Helvetica, Tahoma, Arial, sans-serif; font-size: 14px; line-height: 24px; ">\r\n	我想，很快，这一条将位于&ldquo;找程序员当男朋友的十大好处&rdquo;这一类排行榜榜首。</p>\r\n', '', 1, 1, '', '2012-06-02', '2012-10-20 10:33:23', '2012-10-31 14:46:47', '0000-00-00 00:00:00', 0, 23);
INSERT INTO `newsinfo` VALUES (24, 7, 0, 1, 'iPhone 5 Web流量超越Galaxy S III', '苹果iPhone 5问世之后就引起了不少争议，比如有人抨击它创新不足有人认为这是务实。无论怎样，iPhone5在销量上还是非常惊人的。近日，有统计机构表示，iPhone 5在网络流量方面已经超过三星推出的主打机型Galaxy S III。', '<p style="margin: 0px 0px 1.5em; padding: 0px; list-style: none; color: rgb(51, 51, 51); font-family: Helvetica, Tahoma, Arial, sans-serif; font-size: 14px; line-height: 24px; text-align: center; ">\r\n	<span style="font-family: 微软雅黑; "><img alt="" src="http://articles.csdn.net/uploads/allimg/121015/130_121015145555_1.jpg" style="vertical-align: middle; border: 0px solid; cursor: pointer; " /></span></p>\r\n<p style="margin: 0px 0px 1.5em; padding: 0px; list-style: none; color: rgb(51, 51, 51); font-family: Helvetica, Tahoma, Arial, sans-serif; font-size: 14px; line-height: 24px; ">\r\n	<span style="font-family: 微软雅黑; ">北京时间10月15日消息，据<a href="http://allthingsd.com/20121012/three-weeks-in-and-iphone-5-already-dominating-the-mobile-web/?refcat=mobile" style="cursor: pointer; color: rgb(0, 102, 204); text-decoration: none; " target="_blank">AllthingsD报道</a>，iPhone 5刚刚上市销售不到三周，就已经在Web流量方面超过对手三星Galaxy S III，而后者已经上市销售三个月了。</span></p>\r\n<p style="margin: 0px 0px 1.5em; padding: 0px; list-style: none; color: rgb(51, 51, 51); font-family: Helvetica, Tahoma, Arial, sans-serif; font-size: 14px; line-height: 24px; ">\r\n	<span style="font-family: 微软雅黑; ">据互联网广告分析公司<a href="http://insights.chitika.com/2012/iphone-5-galaxy-s-iii-study/" style="cursor: pointer; color: rgb(0, 102, 204); text-decoration: none; " target="_blank">Chitika透露</a>，据数据统计显示，现在iPhone 5的Web流量份额已经超过了三星的Galaxy S III。</span></p>\r\n<p style="margin: 0px 0px 1.5em; padding: 0px; list-style: none; color: rgb(51, 51, 51); font-family: Helvetica, Tahoma, Arial, sans-serif; font-size: 14px; line-height: 24px; text-align: center; ">\r\n	<span style="font-family: 微软雅黑; "><img alt="" src="http://articles.csdn.net/uploads/allimg/121015/130_121015154502_1.jpg" style="vertical-align: middle; border: 0px solid; cursor: pointer; " /></span></p>\r\n<p style="margin: 0px 0px 1.5em; padding: 0px; list-style: none; color: rgb(51, 51, 51); font-family: Helvetica, Tahoma, Arial, sans-serif; font-size: 14px; line-height: 24px; text-align: center; ">\r\n	<span style="font-family: 微软雅黑; ">Galaxy S III问世以来，表现不俗</span></p>\r\n<p style="margin: 0px 0px 1.5em; padding: 0px; list-style: none; color: rgb(51, 51, 51); font-family: Helvetica, Tahoma, Arial, sans-serif; font-size: 14px; line-height: 24px; ">\r\n	<span style="font-family: 微软雅黑; ">根据移动广告网络数据显示，Galaxy S III的销售非常强劲，在今年8月份美国本土的销售中，它超过了iPhone 4S。</span></p>\r\n<p style="margin: 0px 0px 1.5em; padding: 0px; list-style: none; color: rgb(51, 51, 51); font-family: Helvetica, Tahoma, Arial, sans-serif; font-size: 14px; line-height: 24px; ">\r\n	<span style="font-family: 微软雅黑; ">&ldquo;无论如何，iPhone 5在仅仅推出18天之后，就能在Web流量方面超过Galaxy S III，非常不错。&rdquo;Chitika表示，&ldquo;iPhone 5破纪录的销售数字、4G网络浏览速度对网络使用的促进这两点是最有可能造成iPhone 5超越Galaxy S III的原因。&rdquo;</span></p>\r\n<p style="margin: 0px 0px 1.5em; padding: 0px; list-style: none; color: rgb(51, 51, 51); font-family: Helvetica, Tahoma, Arial, sans-serif; font-size: 14px; line-height: 24px; text-align: center; ">\r\n	<span style="font-family: 微软雅黑; "><img alt="" src="http://articles.csdn.net/uploads/allimg/121015/130_121015154552_1.jpg" style="vertical-align: middle; border: 0px solid; cursor: pointer; " /></span></p>\r\n<p style="margin: 0px 0px 1.5em; padding: 0px; list-style: none; color: rgb(51, 51, 51); font-family: Helvetica, Tahoma, Arial, sans-serif; font-size: 14px; line-height: 24px; text-align: center; ">\r\n	<span style="font-family: 微软雅黑; ">iPhone 5虽然争论不止，但销售数字不容忽视</span></p>\r\n<p style="margin: 0px 0px 1.5em; padding: 0px; list-style: none; color: rgb(51, 51, 51); font-family: Helvetica, Tahoma, Arial, sans-serif; font-size: 14px; line-height: 24px; ">\r\n	<span style="font-family: 微软雅黑; ">Chitika还指出，企业可能希望能够确保自己的广告同时登陆两个手机中，但这仍然是需要进行比较，iPhone 5的表现要更好，&ldquo;iPhone用户是最活跃的，最适合移动网络营销的用户群体。&rdquo;</span></p>\r\n', '', 1, 1, '', '2012-10-20', '2012-10-20 10:37:10', '2012-10-20 10:40:04', '0000-00-00 00:00:00', 0, 24);
INSERT INTO `newsinfo` VALUES (25, 15, 0, 1, 'Adobe Reader引入云存储，更新获Google Play奖金', '10月15日，Adobe公布了同步更新Android和iOS平台上的Reader软件的一些细节。其中最引人注意的是，增加了将文件存储到Acrobat.com的云服务。其允许用户查看和编辑文件，在移动终端和桌面间无缝移动。', '<p style="margin: 0px 0px 1.5em; padding: 0px; list-style: none; color: rgb(51, 51, 51); font-family: Helvetica, Tahoma, Arial, sans-serif; font-size: 14px; line-height: 24px; ">\r\n	【CSDN云计算快讯】10月15日，Adobe公布了同步更新Android和iOS平台上的Reader软件的一些细节。其中最引人注意的是，增加了将文件存储到Acrobat.com的云服务。其允许用户查看和编辑文件，在移动终端和桌面间无缝移动。比如Google Docs，Google Drive等。此外，Reader Mobile还获得了FormsCentral的数据支持，改进了选择和突出亚洲文本设计，以及移动文件权限管理和安全水印支持。此次更新在Android平台上还有一个大的优势，就是在使用这些软件新服务的时候还能进行通过Google Play获得一定的奖金。iPhone用户，则需要等待苹果的批准，才能在App Store中得到更新。</p>\r\n<p style="margin: 0px 0px 1.5em; padding: 0px; list-style: none; color: rgb(51, 51, 51); font-family: Helvetica, Tahoma, Arial, sans-serif; font-size: 14px; line-height: 24px; text-align: center; ">\r\n	<img alt="" src="http://articles.csdn.net/uploads/allimg/121016/139_121016155533_1_lit.jpg" style="vertical-align: middle; border: 0px solid; cursor: pointer; " /></p>\r\n<p style="margin: 0px 0px 1.5em; padding: 0px; list-style: none; color: rgb(51, 51, 51); font-family: Helvetica, Tahoma, Arial, sans-serif; font-size: 14px; line-height: 24px; text-align: center; ">\r\n	原文链接：<a href="http://www.engadget.com/2012/10/15/adobe-reader-update-for-android-and-ios-adds-cloud-storage/" style="cursor: pointer; color: rgb(0, 102, 204); text-decoration: none; " target="_blank">adobe-reade</a>r-<a href="http://www.engadget.com/2012/10/15/adobe-reader-update-for-android-and-ios-adds-cloud-storage/" style="cursor: pointer; color: rgb(0, 102, 204); text-decoration: none; ">update-for-android-and-ios</a></p>\r\n', '', 1, 1, '', '2012-10-20', '2012-10-20 10:40:09', '2012-10-20 10:43:02', '0000-00-00 00:00:00', 0, 25);
INSERT INTO `newsinfo` VALUES (26, 15, 0, 1, '世界20强之一—NCAR天气超级计算机今日终上线', 'IBM为美大气研究中心研制的1.5千万亿次的超级计算机今日上线，该超级计算机将用于气象研究领域，以弥补美国大气研究中心在超级计算机的落后低位。该计算机将有足够的力量跻身世界前20，并大量使用可持续能源。', '<p style="margin: 0px 0px 1.5em; padding: 0px; list-style: none; color: rgb(51, 51, 51); font-family: Helvetica, Tahoma, Arial, sans-serif; font-size: 14px; line-height: 24px; text-align: center; ">\r\n	<img alt="" src="http://articles.csdn.net/uploads/allimg/121016/155I02921-0.jpg" style="vertical-align: middle; border: none; " /></p>\r\n<p style="margin: 0px 0px 1.5em; padding: 0px; list-style: none; color: rgb(51, 51, 51); font-family: Helvetica, Tahoma, Arial, sans-serif; font-size: 14px; line-height: 24px; ">\r\n	怀俄明州今天打开了它的大门，释放出了一个强大的计算机&mdash;位于夏延的NCAR怀俄明超级计算中心（NCAR-Wyoming Supercomputing Center），科技人员可以利用该计算机开展气候变化研究。</p>\r\n<p style="margin: 0px 0px 1.5em; padding: 0px; list-style: none; color: rgb(51, 51, 51); font-family: Helvetica, Tahoma, Arial, sans-serif; font-size: 14px; line-height: 24px; ">\r\n	该超级计算机由IBM研制，性能可以达到每秒1.6千万亿次浮点计算，将有足够的力量跻身世界前20名。其主要的组件包括一个巨大的中央文件和数据存储系统，一个高性能计算集群和一个可视化数据的系统。</p>\r\n<p style="margin: 0px 0px 1.5em; padding: 0px; list-style: none; color: rgb(51, 51, 51); font-family: Helvetica, Tahoma, Arial, sans-serif; font-size: 14px; line-height: 24px; ">\r\n	这个超级计算机将帮助人们改变了解自然世界的方式，为社会提供巨大的利益。它可以更好地理解龙卷风和飓风，或破译引起地磁暴的力量，黄石超级计算机和NWSC将带来更好的预测，并更好地保护公众的经济。</p>\r\n<p style="margin: 0px 0px 1.5em; padding: 0px; list-style: none; color: rgb(51, 51, 51); font-family: Helvetica, Tahoma, Arial, sans-serif; font-size: 14px; line-height: 24px; text-align: center; ">\r\n	<img alt="" src="http://articles.csdn.net/uploads/allimg/121016/155I01636-1.jpg" style="vertical-align: middle; border: none; " /></p>\r\n<p style="margin: 0px 0px 1.5em; padding: 0px; list-style: none; color: rgb(51, 51, 51); font-family: Helvetica, Tahoma, Arial, sans-serif; font-size: 14px; line-height: 24px; ">\r\n	NCAR怀俄明超级计算中心的设计和施工是&ldquo;面向未来&rdquo;的，提供灵活的扩展性，以便能够适应超级计算技术的发展。</p>\r\n<p style="margin: 0px 0px 1.5em; padding: 0px; list-style: none; color: rgb(51, 51, 51); font-family: Helvetica, Tahoma, Arial, sans-serif; font-size: 14px; line-height: 24px; ">\r\n	位于夏延北商业区的153000平方英尺的数据中心将向美国科学家提供先进的计算服务。大多数研究人员将通过互联网与远程控制中心进行交互。</p>\r\n<p style="margin: 0px 0px 1.5em; padding: 0px; list-style: none; color: rgb(51, 51, 51); font-family: Helvetica, Tahoma, Arial, sans-serif; font-size: 14px; line-height: 24px; ">\r\n	NCAR设施因它的可持续设计被LEED授予了一个黄金认证。该中心充分利用夏延的海拔和凉爽、干燥的气候，它全年使用新鲜的空气来冷却服务器，显著地减少了设备的能源消耗。</p>\r\n<p style="margin: 0px 0px 1.5em; padding: 0px; list-style: none; color: rgb(51, 51, 51); font-family: Helvetica, Tahoma, Arial, sans-serif; font-size: 14px; line-height: 24px; ">\r\n	中心至少10%的能源是由附近的Happy Jack风力发电场提供的。NCAR表示在未来将继续探索可再生能源，提高可再生能源的使用比例。</p>\r\n<p style="margin: 0px 0px 1.5em; padding: 0px; list-style: none; color: rgb(51, 51, 51); font-family: Helvetica, Tahoma, Arial, sans-serif; font-size: 14px; line-height: 24px; ">\r\n	本文来自：<a href="http://www.datacenterknowledge.com/archives/2012/10/15/ncar-weather-supercomputer-comes-online-today/" style="cursor: pointer; color: rgb(0, 102, 204); text-decoration: none; " target="_blank">DCK</a></p>\r\n', '', 1, 1, '', '2012-10-20', '2012-10-20 11:58:28', '2012-10-20 11:59:15', '0000-00-00 00:00:00', 0, 26);
INSERT INTO `newsinfo` VALUES (27, 7, 0, 1, 'Google TV再次升级 新增购买租赁电影电视功能', '今日，谷歌升级了Google TV，用户可从Google Play商店中购买电影、电视节目和音乐观看。', '<p style="margin: 0px 0px 1.5em; padding: 0px; list-style: none; color: rgb(51, 51, 51); font-family: Helvetica, Tahoma, Arial, sans-serif; font-size: 14px; line-height: 24px; text-align: center; ">\r\n	<img alt="" src="http://articles.csdn.net/uploads/allimg/121009/89_121009112346_1.png" style="vertical-align: middle; border: 0px solid; cursor: pointer; " /></p>\r\n<p style="margin: 0px 0px 1.5em; padding: 0px; list-style: none; color: rgb(51, 51, 51); font-family: Helvetica, Tahoma, Arial, sans-serif; font-size: 14px; line-height: 24px; ">\r\n	<span style="font-family: 微软雅黑; ">今日起，Google TV用户就可以从Google Play商店中购买或租赁电影、电视节目和音乐，然后同步到自己的Google TV上观看。</span></p>\r\n<p style="margin: 0px 0px 1.5em; padding: 0px; list-style: none; color: rgb(51, 51, 51); font-family: Helvetica, Tahoma, Arial, sans-serif; font-size: 14px; line-height: 24px; ">\r\n	<span style="font-family: 微软雅黑; ">据报告显示，Google Play商店拥有超过10万个来自不同电影制片公司的视频内容，其中包括六个主流电影制片公司和众多小型制片公司。最近，谷歌与二十世界福克斯电影制片公司（20th Century Fox）合作，新增600个视频内容，包括最新上映的一些电影，如普罗米修斯。用户可以通过移动设备或是Google TV来观看这些购买或租赁的视频。</span></p>\r\n<p style="margin: 0px 0px 1.5em; padding: 0px; list-style: none; color: rgb(51, 51, 51); font-family: Helvetica, Tahoma, Arial, sans-serif; font-size: 14px; line-height: 24px; ">\r\n	<span style="font-family: 微软雅黑; ">无论用户使用Google TV服务是通过谷歌机顶盒或是Goolge TV，都可以从Google TV或电影类应用找到这些内容。而且Goolge Play还提供推荐功能，推荐来自不同渠道的视频节目，甚至包括其竞争对手亚马逊河Netflix。</span></p>\r\n<p style="margin: 0px 0px 1.5em; padding: 0px; list-style: none; color: rgb(51, 51, 51); font-family: Helvetica, Tahoma, Arial, sans-serif; font-size: 14px; line-height: 24px; ">\r\n	<span style="font-family: 微软雅黑; ">今天，谷歌发表博文称，&ldquo;Google Play是一个给用户去寻找、分享自己最喜爱的内容的场所。还可从YouTube、Tv&amp;Movies、搜索和Chrome网络电视为Google TV添加数以百计的娱乐项目。&rdquo;除此之外，还为开发者额外提供自动更新、订阅计费以及智能应用更新功能。</span></p>\r\n<p style="margin: 0px 0px 1.5em; padding: 0px; list-style: none; color: rgb(51, 51, 51); font-family: Helvetica, Tahoma, Arial, sans-serif; font-size: 14px; line-height: 24px; ">\r\n	<span style="font-family: 微软雅黑; ">谷歌认为Google TV是一个尚未成功的平台。早期，由于该设备销售量处于低谷，让硬件制造商大受打击。同时，Google TV和电影类应用也没有被用户接受，用户长期抱怨出现BUG并且受地理限制，影响可用性和功能。</span></p>\r\n<p style="margin: 0px 0px 1.5em; padding: 0px; list-style: none; color: rgb(51, 51, 51); font-family: Helvetica, Tahoma, Arial, sans-serif; font-size: 14px; line-height: 24px; ">\r\n	<span style="font-family: 微软雅黑; ">但今天，用户终于等到了期待已久的更新，谷歌采取购买和租赁内容的战略方针，确实是明智之举。这将帮他们突破低靡现状，但迎来的仍是一条阻碍重重的发展之路。</span></p>\r\n<p style="margin: 0px 0px 1.5em; padding: 0px; list-style: none; color: rgb(51, 51, 51); font-family: Helvetica, Tahoma, Arial, sans-serif; font-size: 14px; line-height: 24px; ">\r\n	<span style="font-family: 微软雅黑; ">原文链接：</span><a href="http://www.digitaltrends.com/home-theater/google-play-comes-to-google-tv/" style="cursor: pointer; color: rgb(0, 102, 204); text-decoration: none; " target="_blank"><span style="font-family: 微软雅黑; ">digitaltrends</span></a></p>\r\n', '', 1, 1, '', '2012-10-20', '2012-10-20 11:59:19', '2012-10-20 12:00:57', '0000-00-00 00:00:00', 0, 27);
INSERT INTO `newsinfo` VALUES (28, 5, 0, 1, '苹果、Facebook、谷歌、微软、Opera等科技巨头共推新Web标准资源平台', 'W3C最近推出了一个新网站，该网站成员公司目前囊括了苹果、Adobe、Facebook、谷歌、惠普、微软、Mozilla、诺基亚以及Opera等众多科技界巨头。该网站推出形式集合了Wiki、论坛及讨论组等，是一个新的Web标准资源平台。', '<p style="margin: 0px 0px 1.5em; padding: 0px; list-style: none; color: rgb(51, 51, 51); font-family: Helvetica, Tahoma, Arial, sans-serif; font-size: 14px; line-height: 24px; text-align: center; ">\r\n	<img alt="" src="http://articles.csdn.net/uploads/allimg/121009/130_121009073357_1.png" style="vertical-align: middle; border: 0px solid; cursor: pointer; " /></p>\r\n<p style="margin: 0px 0px 1.5em; padding: 0px; list-style: none; color: rgb(51, 51, 51); font-family: Helvetica, Tahoma, Arial, sans-serif; font-size: 14px; line-height: 24px; ">\r\n	<span style="font-family: 微软雅黑; ">北京时间10月9日消息，为了给所有开放Web技术创建&ldquo;权威资源&rdquo;，包括苹果、Adobe、Facebook、谷歌、惠普、微软、Mozilla、诺基亚以及Opera在内的众多科技界巨头已经加入W3C创建了一个名为&ldquo;</span><a href="http://www1.webplatform.org/" style="cursor: pointer; color: rgb(0, 102, 204); text-decoration: none; " target="_blank"><span style="font-family: 微软雅黑; ">Web Platform</span></a><span style="font-family: 微软雅黑; ">&rdquo;的新网站。</span></p>\r\n<p style="margin: 0px 0px 1.5em; padding: 0px; list-style: none; color: rgb(51, 51, 51); font-family: Helvetica, Tahoma, Arial, sans-serif; font-size: 14px; line-height: 24px; ">\r\n	<span style="font-family: 微软雅黑; ">这个新网站基于最新的HTML5、CSS3及其它Web标准来服务最重要的、最新的以及最有质量信息的一个独立资源，为技术领域提供web开发技巧及最佳实践参考资料。</span></p>\r\n<p style="margin: 0px 0px 1.5em; padding: 0px; list-style: none; color: rgb(51, 51, 51); font-family: Helvetica, Tahoma, Arial, sans-serif; font-size: 14px; line-height: 24px; ">\r\n	<span style="font-family: 微软雅黑; ">根据W3C信息显示，该网站也将显示个别技术的标准化及跨浏览器实现状态。</span></p>\r\n<p style="margin: 0px 0px 1.5em; padding: 0px; list-style: none; color: rgb(51, 51, 51); font-family: Helvetica, Tahoma, Arial, sans-serif; font-size: 14px; line-height: 24px; ">\r\n	<span style="font-family: 微软雅黑; ">该网站以Wiki的形式存在，允许员工代表每个成员公司添加他们自己的更新不断完善网站。该项目已经获得资助，并且已经有一个团队负责维护、保证网站良好运行（W3C的角色为网站策划人）。</span></p>\r\n<p style="margin: 0px 0px 1.5em; padding: 0px; list-style: none; color: rgb(51, 51, 51); font-family: Helvetica, Tahoma, Arial, sans-serif; font-size: 14px; line-height: 24px; ">\r\n	<span style="font-family: 微软雅黑; ">用户可以在</span><a href="http://talk.webplatform.org/forums/" style="cursor: pointer; color: rgb(0, 102, 204); text-decoration: none; " target="_blank"><span style="font-family: 微软雅黑; ">论坛</span></a><span style="font-family: 微软雅黑; ">中进行互动，还可以在网站的</span><a href="http://talk.webplatform.org/chat/" style="cursor: pointer; color: rgb(0, 102, 204); text-decoration: none; " target="_blank"><span style="font-family: 微软雅黑; ">特定IRC频道</span></a><span style="font-family: 微软雅黑; ">讨论自己的项目及编码技巧。</span></p>\r\n<p style="margin: 0px 0px 1.5em; padding: 0px; list-style: none; color: rgb(51, 51, 51); font-family: Helvetica, Tahoma, Arial, sans-serif; font-size: 14px; line-height: 24px; ">\r\n	<span style="font-family: 微软雅黑; ">所有发布到 Web Platform网站的文档都将遵循知识共享（creative commons）许可。虽然最初的内容都是由成员公司所提供，网站访问中也将会被鼓励利用Wiki分享代码示例、技巧以及其他相关信息。</span></p>\r\n<p style="margin: 0px 0px 1.5em; padding: 0px; list-style: none; color: rgb(51, 51, 51); font-family: Helvetica, Tahoma, Arial, sans-serif; font-size: 14px; line-height: 24px; ">\r\n	<span style="font-family: 微软雅黑; ">就如</span><a href="http://blogs.adobe.com/digitalmedia/tag/web-platform/" style="cursor: pointer; color: rgb(0, 102, 204); text-decoration: none; " target="_blank"><span style="font-family: 微软雅黑; ">Adobe所说</span></a><span style="font-family: 微软雅黑; ">：&ldquo;现在是时候进入网络社区帮助创建和维护最全面、最权威的Web技术参考资料了。所以，去瞧瞧，并开始做贡献吧！&rdquo;</span></p>\r\n', '', 1, 1, '', '2012-10-20', '2012-10-20 11:59:22', '2012-10-20 12:02:08', '0000-00-00 00:00:00', 0, 28);
INSERT INTO `newsinfo` VALUES (30, 15, 0, 1, '谷歌虚拟大脑技术将投入使用 多款产品受益', '谷歌虚拟大脑技术已进入投产阶段，这种实现人工智能的新方法将使一系列谷歌产品受益，其中包括安卓语音识别、谷歌语音搜索、谷歌汽车和谷歌眼镜等。', '<p style="margin: 0px 0px 1.5em; padding: 0px; list-style: none; color: rgb(51, 51, 51); font-family: Helvetica, Tahoma, Arial, sans-serif; font-size: 14px; line-height: 24px; text-align: center; ">\r\n	<img alt="" src="http://articles.csdn.net/uploads/allimg/121008/155_121008151715_1.jpg" style="vertical-align: middle; border: 0px solid; cursor: pointer; " /></p>\r\n<p style="margin: 0px 0px 1.5em; padding: 0px; list-style: none; color: rgb(51, 51, 51); font-family: Helvetica, Tahoma, Arial, sans-serif; font-size: 14px; line-height: 24px; ">\r\n	今年夏天谷歌发布的一款&ldquo;自学&rdquo;软件在人工智能领域具有划时代的意义：通过简单地观看YouTube视频自动学会如何识别出视频中的猫、人以及其他事物。这项技术的工作原理有点类似脑细胞的工作原理，现在技术已趋于成熟，将会被谷歌诸多产品使用。而语音识别就是最先受益的幸运儿。</p>\r\n<p style="margin: 0px 0px 1.5em; padding: 0px; list-style: none; color: rgb(51, 51, 51); font-family: Helvetica, Tahoma, Arial, sans-serif; font-size: 14px; line-height: 24px; ">\r\n	谷歌&ldquo;自学&rdquo;软件的工作原理模拟的是相互连接的脑细胞，这些脑细胞之间相互影响。这些&ldquo;神经网络&rdquo;一旦识别出数据，神经细胞间的相互关系就会发生改变。而这将使神经网络在接触数据时作出一些自动反应，从而形成反应机制。</p>\r\n<p style="margin: 0px 0px 1.5em; padding: 0px; list-style: none; color: rgb(51, 51, 51); font-family: Helvetica, Tahoma, Arial, sans-serif; font-size: 14px; line-height: 24px; text-align: center; ">\r\n	<img alt="" src="http://articles.csdn.net/uploads/allimg/121008/155_121008151802_1.jpg" style="vertical-align: middle; border: 0px solid; cursor: pointer; " /></p>\r\n<p style="margin: 0px 0px 1.5em; padding: 0px; list-style: none; color: rgb(51, 51, 51); font-family: Helvetica, Tahoma, Arial, sans-serif; font-size: 14px; line-height: 24px; ">\r\n	&ldquo;神经网络&rdquo;（虚拟大脑技术）在机器学习领域已经被广泛采用达数十年之久，如国际象棋软件和人脸识别软件。而谷歌工程师使虚拟大脑技术具有了更强的计算能力和自学能力。而这也将使虚拟大脑技术成功地走出实验室，从而更轻易地应用于商业。谷歌的虚拟大脑技术目前已经可以自行决定关注领域的数据特征，例如，颜色和特别形状是它们比较关心的。</p>\r\n<p style="margin: 0px 0px 1.5em; padding: 0px; list-style: none; color: rgb(51, 51, 51); font-family: Helvetica, Tahoma, Arial, sans-serif; font-size: 14px; line-height: 24px; text-align: center; ">\r\n	<img alt="" src="http://articles.csdn.net/uploads/allimg/121008/155_121008151741_1.png" style="vertical-align: middle; border: 0px solid; cursor: pointer; " /></p>\r\n<p style="margin: 0px 0px 1.5em; padding: 0px; list-style: none; color: rgb(51, 51, 51); font-family: Helvetica, Tahoma, Arial, sans-serif; font-size: 14px; line-height: 24px; ">\r\n	谷歌也在积极推进虚拟大脑技术商业化。目前谷歌正在使用虚拟大脑技术以使得语音识别更加精确。而语音识别技术对谷歌安卓手机操作系统来说是很关键的一项技术。语音识别技术也常用于谷歌语音搜索，iPhone用户也可以安装此应用。谷歌语音识别技术部门的一位负责人Vincent Vanhoucke表示，使用虚拟大脑技术使语音识别错误率减少了20%-25%。这也意味着，随着虚拟大脑技术的日益完善，谷歌语音识别的用户体验将大幅提升。目前此项新技术仅支持美式英语，Vincent Vanhoucke表示虚拟大脑技术将很快支持其他各语种及方言。</p>\r\n<p style="margin: 0px 0px 1.5em; padding: 0px; list-style: none; color: rgb(51, 51, 51); font-family: Helvetica, Tahoma, Arial, sans-serif; font-size: 14px; line-height: 24px; ">\r\n	除了谷歌语音识别类产品，虚拟大脑技术对谷歌图片搜索工具的改进也很显著。例如今后搜索图片将不再依赖图片周围的文本，而将重点集中于图片本身内容的识别。谷歌汽车和谷歌眼镜也会是受益者，虚拟大脑技术将使得以上产品更好的理解和感知真实世界中的数据。&nbsp;</p>\r\n<p style="margin: 0px 0px 1.5em; padding: 0px; list-style: none; color: rgb(51, 51, 51); font-family: Helvetica, Tahoma, Arial, sans-serif; font-size: 14px; line-height: 24px; ">\r\n	来源：<a href="http://www.technologyreview.com/news/429442/google-puts-its-virtual-brain-technology-to-work/" style="cursor: pointer; color: rgb(0, 102, 204); text-decoration: none; " target="_blank">Technology Review</a></p>\r\n', '', 1, 1, '', '2012-03-20', '2012-10-20 12:04:12', '2012-10-31 14:45:30', '0000-00-00 00:00:00', 0, 30);
INSERT INTO `newsinfo` VALUES (31, 7, 0, 1, 'Instagram两周年：1亿注册用户分享50亿张照片', 'Instagram作为移动互联网领域最火的应用之一不知不觉已经诞生了两年，仅用两年时间，用户数量已经达到1亿之多，分享图片数量已经达到了50亿张。并且，Instagram被Facebook以10亿美元（现金加股票支付方式）收购，在科技界引起了轩然大波。', '<p style="margin: 0px 0px 1.5em; padding: 0px; list-style: none; color: rgb(51, 51, 51); font-family: Helvetica, Tahoma, Arial, sans-serif; font-size: 14px; line-height: 24px; text-align: center; ">\r\n	<img alt="" src="http://articles.csdn.net/uploads/allimg/121008/130_121008090417_1.jpg" style="vertical-align: middle; border: 0px solid; cursor: pointer; " /></p>\r\n<p style="margin: 0px 0px 1.5em; padding: 0px; list-style: none; color: rgb(51, 51, 51); font-family: Helvetica, Tahoma, Arial, sans-serif; font-size: 14px; line-height: 24px; ">\r\n	<span style="font-family: 微软雅黑; ">两年以前，照片分享应用Instagram出现在移动互联网领域，并迅速席卷整个互联网。两年之后的现在，Instagram已经拥有了超过1亿注册用户，并拥有50亿张上传的照片。并且被Facebook以3亿美元现金加2300万股票的价格收购。</span></p>\r\n<p style="margin: 0px 0px 1.5em; padding: 0px; list-style: none; color: rgb(51, 51, 51); font-family: Helvetica, Tahoma, Arial, sans-serif; font-size: 14px; line-height: 24px; ">\r\n	<span style="font-family: 微软雅黑; ">在Instagram的又一个周年庆时期，我们和乐意来看看这个照片分享应用在这一行业中是如何幸存下来的，它的竞争对手多数已不复存在：PicPlz今年年初已经关闭、Hipstamatic几乎每个人都下岗了。当然，也有很多新的竞争者如雨后春笋般涌出，甚至由Instagram促成的一套生态系统已经逐渐形成，看看这些名单就知道了：Nitrogram、Keepsy、Postagram、Hatchcraft以及Instacanvas等。</span></p>\r\n<p style="margin: 0px 0px 1.5em; padding: 0px; list-style: none; color: rgb(51, 51, 51); font-family: Helvetica, Tahoma, Arial, sans-serif; font-size: 14px; line-height: 24px; ">\r\n	<span style="font-family: 微软雅黑; ">去年，创始人Kevin Systorm在接受纽约时报采访时表示，他认为Instagram生态系统类似于繁荣在Twitter与Facebook上的一些东西一样。他还认为，这些第三方应用将&ldquo;增强Instagram的势头&rdquo;，并会带来新的影响，就像FarmVille（类似开心农场一样的虚拟经营类游戏）对Facebook的影响一样。</span></p>\r\n<p style="margin: 0px 0px 1.5em; padding: 0px; list-style: none; color: rgb(51, 51, 51); font-family: Helvetica, Tahoma, Arial, sans-serif; font-size: 14px; line-height: 24px; ">\r\n	<span style="font-family: 微软雅黑; ">时间回到几个月前，Mark Zuckerberg宣布将会以10亿美元现金加股票的方式收购Instagram，在科技界中引起了轩然大波。而差不多同时，Facebook也推出了自己的照片分享应用，这让许多用户很困惑，但人们仍然坚持使用Instagram，并且Instagram越来越流行。</span></p>\r\n<p style="margin: 0px 0px 1.5em; padding: 0px; list-style: none; color: rgb(51, 51, 51); font-family: Helvetica, Tahoma, Arial, sans-serif; font-size: 14px; line-height: 24px; ">\r\n	<span style="font-family: 微软雅黑; ">就在上个月，这笔收购正式获得通过，Instagram也正式成为Facebook的一部分。目前已经有50亿张照片被上传到Instagram上&mdash;&mdash;这是一个了不起的壮举。这个数字意味着平均每天有超过500万张照片被传到应用上，但这个数字与Facebook的3亿张每天相比，Instagram仍有很长的路需要走。但是，对于一个运行用户用手机拍照、进行处理并能够上传到社交网络进行分享的应用来讲，拥有1亿注册用户并保持每月1000万用户增长率，表现已经非常优秀。</span></p>\r\n<p style="margin: 0px 0px 1.5em; padding: 0px; list-style: none; color: rgb(51, 51, 51); font-family: Helvetica, Tahoma, Arial, sans-serif; font-size: 14px; line-height: 24px; ">\r\n	<span style="font-family: 微软雅黑; ">一些报道表明Instagram在继续保持增长：8月份，AllthingD报道，根据comScore数据显示，在美国，智能手机用户访问Instagram的频率及时长已经超过Twitter。这份数据显示，Instagram每天拥有730万活跃用户，没人花费257分钟在该应用上。与此同时，Twitter每天拥有690万活跃用户，每用户花费时间为170分钟。</span></p>\r\n<p style="margin: 0px 0px 1.5em; padding: 0px; list-style: none; color: rgb(51, 51, 51); font-family: Helvetica, Tahoma, Arial, sans-serif; font-size: 14px; line-height: 24px; ">\r\n	<span style="font-family: 微软雅黑; ">明年的Instagram会是什么样的？目前他们已经开始完善Instagram并将推出3.0版本，新版本的Instagram具有全新的照片地图功能，这样用户将能够看到自己的照片带有地理标签数据。</span></p>\r\n<p style="margin: 0px 0px 1.5em; padding: 0px; list-style: none; color: rgb(51, 51, 51); font-family: Helvetica, Tahoma, Arial, sans-serif; font-size: 14px; line-height: 24px; ">\r\n	<span style="font-family: 微软雅黑; ">无论怎样，Instagram证明了自己。我们也希望在国内能够看到Instagram式的产品，Instagram式的成功。</span></p>\r\n<p style="margin: 0px 0px 1.5em; padding: 0px; list-style: none; color: rgb(51, 51, 51); font-family: Helvetica, Tahoma, Arial, sans-serif; font-size: 14px; line-height: 24px; ">\r\n	<span style="font-family: 微软雅黑; ">本文来自：</span><a href="http://thenextweb.com/insider/2012/10/06/happy-second-birthday-instagram/" style="cursor: pointer; color: rgb(0, 102, 204); text-decoration: none; " target="_blank"><span style="font-family: 微软雅黑; ">The Next Web</span></a></p>\r\n', '', 1, 1, '', '2012-10-20', '2012-10-20 12:05:01', '2012-10-20 12:05:48', '0000-00-00 00:00:00', 0, 31);
INSERT INTO `newsinfo` VALUES (32, 5, 0, 1, '天才黑客Kim Dotcom：Megaupload即将卷土重来', '今年1月，美国司法部门强制关闭了美国著名在线网络硬盘服务商Megaupload。但其创始人，著名天才黑客Kim Dotcom日前称新版Megaupload编码已完成90%，马上就能面世了。', '<p style="margin: 0px 0px 1.5em; padding: 0px; list-style: none; color: rgb(51, 51, 51); font-family: Helvetica, Tahoma, Arial, sans-serif; font-size: 14px; line-height: 24px; text-align: center; ">\r\n	<img alt="" src="http://articles.csdn.net/uploads/allimg/120924/155_120924155225_1.jpg" style="vertical-align: middle; border: 0px solid; cursor: pointer; " /></p>\r\n<p style="margin: 0px 0px 1.5em; padding: 0px; list-style: none; color: rgb(51, 51, 51); font-family: Helvetica, Tahoma, Arial, sans-serif; font-size: 14px; line-height: 24px; ">\r\n	今年一月美国政府宣布关闭著名在线网络硬盘服务商Megaupload，但其创始人 Kim Dotcom并没有就此&ldquo;金盘洗手&rdquo;。据国外媒体报道，这位天才黑客正在蓄势待发，以期实现完美的反戈一击。新的Megaupload 编码工作已完成90%，服务器也已准备就绪，最重要的是，连投资人也跃跃欲试了。如此看来，我们离新版Megaupload&ldquo;再现江湖&rdquo;的日子已经不远了。</p>\r\n<p style="margin: 0px 0px 1.5em; padding: 0px; list-style: none; color: rgb(51, 51, 51); font-family: Helvetica, Tahoma, Arial, sans-serif; font-size: 14px; line-height: 24px; ">\r\n	Megaupload被美国政府强制关闭的消息曾引发网络界的愤怒，美国黑客组织Anonymous为了表达愤怒曾一连攻击了美国司法部、美国电影协会、环球音乐集团等站点。Megaupload是世界上最大的网站之一，日访问量曾达5000万。今年一月美国政府不仅以拥有大量的侵犯著作权文件为由关闭了Megaupload，而且逮捕了网站的几位主要负责人，其中就包括Kim Dotcom。Megaupload虽深陷泥潭，但案件审理进展缓慢。Kim Dotcom虽在新西兰被捕，但2012年8月新西兰法院以证据不足为由，拒绝美国对引渡Kim Dotcom的要求。</p>\r\n<p style="margin: 0px 0px 1.5em; padding: 0px; list-style: none; color: rgb(51, 51, 51); font-family: Helvetica, Tahoma, Arial, sans-serif; font-size: 14px; line-height: 24px; text-align: center; ">\r\n	<img alt="" src="http://articles.csdn.net/uploads/allimg/120924/155_120924155912_1.png" style="vertical-align: middle; border: 0px solid; cursor: pointer; " /></p>\r\n<p style="margin: 0px 0px 1.5em; padding: 0px; list-style: none; color: rgb(51, 51, 51); font-family: Helvetica, Tahoma, Arial, sans-serif; font-size: 14px; line-height: 24px; ">\r\n	现在Kim Dotcom又要卷土重来了。之前他就对外宣成Megaupload会回来的，目前事情的进展比预想快得多。Kim Dotcom在Twitter上表示，新网站的编码已完成90%，其他准备工作也已就绪。虽然Megaupload的案子还没结，但投资人和合作伙伴似乎对此不以为意。</p>\r\n<p style="margin: 0px 0px 1.5em; padding: 0px; list-style: none; color: rgb(51, 51, 51); font-family: Helvetica, Tahoma, Arial, sans-serif; font-size: 14px; line-height: 24px; ">\r\n	Kim Dotcom近日一直在Twitter上为新的Megaupload造势，他表示新版Megaupload会比之前被关闭的Megaupload服务更好、规模更大。按Kim Dotcom的说法，新版Megaupload不仅仅是个文件分享平台，看来Kim Dotcom野心不小。他表示：</p>\r\n<blockquote style="margin: 0px 10px 0px 30px; padding: 0px 0px 0px 10px; list-style: none; font-family: Helvetica, Tahoma, Arial, sans-serif; font-size: 14px; line-height: 24px; border-left-width: 4px; border-left-style: solid; border-left-color: rgb(221, 221, 221); color: rgb(85, 85, 85); ">\r\n	<p style="margin: 0px 0px 1.5em; padding: 0px; list-style: none; ">\r\n		美国政府找错人了，我将颠覆整个世界。将权力返还给民众，我们要的是自由不要束缚。</p>\r\n</blockquote>\r\n<p style="margin: 0px 0px 1.5em; padding: 0px; list-style: none; color: rgb(51, 51, 51); font-family: Helvetica, Tahoma, Arial, sans-serif; font-size: 14px; line-height: 24px; ">\r\n	来源：<a href="http://torrentfreak.com/megaupload-readies-for-comeback-code-90-done-120923/" style="cursor: pointer; color: rgb(0, 102, 204); text-decoration: none; " target="_blank">TorrentFreak</a></p>\r\n', '', 1, 1, '', '2012-10-20', '2012-10-20 12:05:51', '2012-10-20 12:08:09', '0000-00-00 00:00:00', 0, 32);
INSERT INTO `newsinfo` VALUES (33, 5, 0, 1, '挖墙脚：苹果招募谷歌地图员工研发iOS地图', '苹果iOS 6地图服务自上线以来，各种抨击声不断，苹果方面表示希望用户能够给苹果一些时间，他们会努力完善地图服务。最近，有消息称苹果公司目前正在试图招募谷歌地图员工帮助自己开发iOS地图。并且已经有部分谷歌地图员工加入苹果。', '<p style="margin: 0px 0px 1.5em; padding: 0px; list-style: none; color: rgb(51, 51, 51); font-family: Helvetica, Tahoma, Arial, sans-serif; font-size: 14px; line-height: 24px; text-align: center; ">\r\n	<img alt="" src="http://articles.csdn.net/uploads/allimg/120924/130_120924082228_1.jpg" style="vertical-align: middle; border: 0px solid; cursor: pointer; " /></p>\r\n<p style="margin: 0px 0px 1.5em; padding: 0px; list-style: none; color: rgb(51, 51, 51); font-family: Helvetica, Tahoma, Arial, sans-serif; font-size: 14px; line-height: 24px; ">\r\n	<span style="font-family: 微软雅黑; ">北京时间9月24日消息，据<a href="http://techcrunch.com/2012/09/23/source-apple-aggressively-recruiting-ex-google-maps-staff-to-build-out-ios-maps/" style="cursor: pointer; color: rgb(0, 102, 204); text-decoration: none; " target="_blank">TechCrunch报道</a>，有消息称苹果公司目前正在试图招募谷歌地图员工帮助自己开发iOS地图。而面对苹果抛来的橄榄枝，谷歌地图的一些员工也有所动心，有些员工觉得这代表为苹果开发新产品的机会，而不再是只在为谷歌地图做些琐碎的更新。</span></p>\r\n<p style="margin: 0px 0px 1.5em; padding: 0px; list-style: none; color: rgb(51, 51, 51); font-family: Helvetica, Tahoma, Arial, sans-serif; font-size: 14px; line-height: 24px; ">\r\n	<span style="font-family: 微软雅黑; ">一名为提高谷歌地图欧洲覆盖率进行街景及第三方许可数据整合的谷歌合作商透露，在谷歌将注意力移向室内导航时，许多事情就变的不是那么有趣，不少工作人员就开始寻找其他工作机会。而这对于苹果来说，是绝好的机会。</span></p>\r\n<p style="margin: 0px 0px 1.5em; padding: 0px; list-style: none; color: rgb(51, 51, 51); font-family: Helvetica, Tahoma, Arial, sans-serif; font-size: 14px; line-height: 24px; ">\r\n	<span style="font-family: 微软雅黑; ">一名谷歌地图员工透露：</span></p>\r\n<blockquote style="margin: 0px 10px 0px 30px; padding: 0px 0px 0px 10px; list-style: none; font-family: Helvetica, Tahoma, Arial, sans-serif; font-size: 14px; line-height: 24px; border-left-width: 4px; border-left-style: solid; border-left-color: rgb(221, 221, 221); color: rgb(85, 85, 85); ">\r\n	<p style="margin: 0px 0px 1.5em; padding: 0px; list-style: none; ">\r\n		<span style="font-family: 微软雅黑; ">我身边的许多同事开始离职，有的是合同结束，有的是自己选择离开。一位同事了解了周围的GIS方面的工作，在苹果的一名招聘人员联系他后，他最终选择了苹果。他听到一些关于苹果打算开发自己的地图平台的传闻，而他有在谷歌的工作经验，所以很容易就被聘用了。苹果用自己的方式将他招募了，他现在是苹果的一名GIS分析师。</span></p>\r\n	<p style="margin: 0px 0px 1.5em; padding: 0px; list-style: none; ">\r\n		<span style="font-family: 微软雅黑; ">另一名同事是谷歌地图的一个项目负责人，在合同结束之后选择了离开，最近，一名苹果招聘人员正在积极联系他。职位听说是产品开发经理，薪酬是85000美元以上及其他必要的费用。目前他已经通过了两轮面试，入职似乎是板上钉钉的事情了。</span></p>\r\n</blockquote>\r\n<p style="margin: 0px 0px 1.5em; padding: 0px; list-style: none; color: rgb(51, 51, 51); font-family: Helvetica, Tahoma, Arial, sans-serif; font-size: 14px; line-height: 24px; ">\r\n	<span style="font-family: 微软雅黑; ">根据苹果公司公布的一份职位清单显示，苹果正在积极招募更多的人才加入他们的iOS地图团队。虽然苹果地图服务与谷歌地图服务之间有很大的差距，苹果有很长的路要走，但苹果建立真正的地图服务平台，与谷歌形成竞争是很有可能的。</span></p>\r\n<p style="margin: 0px 0px 1.5em; padding: 0px; list-style: none; color: rgb(51, 51, 51); font-family: Helvetica, Tahoma, Arial, sans-serif; font-size: 14px; line-height: 24px; ">\r\n	<span style="font-family: 微软雅黑; "><a href="http://www.csdn.net/article/2012-09-19/2810129-apples-maps-risk" style="cursor: pointer; color: rgb(0, 102, 204); text-decoration: none; " target="_blank">苹果iOS 6的地图服务自公布以来一直饱受诟病</a>，如果苹果希望建立一个强大的地图服务平台来对抗谷歌，那么他们有很多工作需要努力，所以他们去招募谷歌地图前员工及现员工并不令人惊讶。</span></p>\r\n', '', 1, 1, '', '2012-03-16', '2012-10-20 12:08:57', '2012-10-31 14:45:19', '0000-00-00 00:00:00', 0, 33);
INSERT INTO `newsinfo` VALUES (34, 7, 0, 1, '可离线阅读 维基百科增电子书导出功能', '据TNW报道，最近维基百科英文版增加了一个新功能——EPUB电子书导出功能。该功能使得用户可以整理和收藏维基百科中的文章，并生成一个免费的电子书，供用户在移动设备上阅读。据悉，维基百科除了支持EPUB外，导出的电子书还支持格式PDF和OpenOffice。', '<p style="margin: 0px 0px 1.5em; padding: 0px; list-style: none; color: rgb(51, 51, 51); font-family: Helvetica, Tahoma, Arial, sans-serif; font-size: 14px; line-height: 24px; text-align: center; ">\r\n	<img alt="" src="http://articles.csdn.net/uploads/allimg/120918/119_120918143449_1.jpg" style="vertical-align: middle; border: 0px solid; cursor: pointer; " /></p>\r\n<p style="margin: 0px 0px 1.5em; padding: 0px; list-style: none; color: rgb(51, 51, 51); font-family: Helvetica, Tahoma, Arial, sans-serif; font-size: 14px; line-height: 24px; ">\r\n	北京时间<a href="http://thenextweb.com/mobile/2012/09/18/wikimedia-enables-ebook-export-feature-wikipedia-offline-reading-pleasures/" style="cursor: pointer; color: rgb(0, 102, 204); text-decoration: none; " target="_blank">9月18日消息</a>，Wikimedia今天宣布，它已在维基百科上启用了一个新的功能：EPUB导出功能，这使得用户可以整理和收藏维基百科中的文章，并生成一个免费的电子书，供用户在移动设备上阅读。不过目前，这个功能仅限于英文版网站。</p>\r\n<p style="margin: 0px 0px 1.5em; padding: 0px; list-style: none; color: rgb(51, 51, 51); font-family: Helvetica, Tahoma, Arial, sans-serif; font-size: 14px; line-height: 24px; ">\r\n	那么，用户如何创建自己的个人电子书呢？首先点击位于维基百科左栏&ldquo;打印导出&rdquo;下&ldquo;创建一本书&rdquo;选项，从那里你可以编辑文章或某个完整的文章类别变成个人收藏，然后将它们导出，导出的电子书支持格式包括PDF、EPUB和OpenOffice。</p>\r\n<p style="margin: 0px 0px 1.5em; padding: 0px; list-style: none; color: rgb(51, 51, 51); font-family: Helvetica, Tahoma, Arial, sans-serif; font-size: 14px; line-height: 24px; ">\r\n	据悉，维基百科EPUB导出功能是由brainbot technologies公司开发，另外维基百科还和德国一家公司PediaPress合作推出图书业务，用户可自行选取维基百科的网站内容并打印成图书，为此Wikimedia称，PediaPress是维基百科按需印刷的官方合作伙伴。</p>\r\n<p style="margin: 0px 0px 1.5em; padding: 0px; list-style: none; color: rgb(51, 51, 51); font-family: Helvetica, Tahoma, Arial, sans-serif; font-size: 14px; line-height: 24px; text-align: center; ">\r\n	<img alt="" src="http://articles.csdn.net/uploads/allimg/120918/119_120918144618_1.jpg" style="vertical-align: middle; border: 0px solid; cursor: pointer; " /></p>\r\n<p style="margin: 0px 0px 1.5em; padding: 0px; list-style: none; color: rgb(51, 51, 51); font-family: Helvetica, Tahoma, Arial, sans-serif; font-size: 14px; line-height: 24px; ">\r\n	或许有的人会比较疑惑，仍然想知道维基百科为什么要支持制作电子书或印刷书籍。有人就此指出，维基百科此举是为了能够离线阅读！是的，虽然目前大多数移动设备可以时时刻刻地连接到互联网，但是在某些国家和某些情况下，维基百科依然和部分用户隔绝。</p>\r\n<p style="margin: 0px 0px 1.5em; padding: 0px; list-style: none; color: rgb(51, 51, 51); font-family: Helvetica, Tahoma, Arial, sans-serif; font-size: 14px; line-height: 24px; ">\r\n	Wikimedia基金会移动部门主管Tomasz Finc称，EPUB文件在脱机环境下使用很方便，用户几乎可以在任何一个平台上如同打开普通文件一样打开EPUB。</p>\r\n<p style="margin: 0px 0px 1.5em; padding: 0px; list-style: none; color: rgb(51, 51, 51); font-family: Helvetica, Tahoma, Arial, sans-serif; font-size: 14px; line-height: 24px; ">\r\n	<strong>结束语</strong></p>\r\n<p style="margin: 0px 0px 1.5em; padding: 0px; list-style: none; color: rgb(51, 51, 51); font-family: Helvetica, Tahoma, Arial, sans-serif; font-size: 14px; line-height: 24px; ">\r\n	就个人觉得，未来维基百科中文版如果可以支持导出EPUB电子书，对于用户而言这是很便捷的举措，用户可以在飞机上、地铁里离线阅读某类文章。另外，遭某些国家封锁的敏感词条，用户也可方便导出在其它设备上离线阅读。</p>\r\n', '', 1, 1, '', '2012-11-26', '2012-10-20 12:09:29', '2012-10-31 14:44:58', '0000-00-00 00:00:00', 0, 34);
INSERT INTO `newsinfo` VALUES (35, 5, 0, 1, '不要用IE！安全专家发现一处严重漏洞', '日前，计算机安全专家警告称，在IE7、8和9中，发现一个从未被发现的严重漏洞，只要访问某个恶意网站，就能使得攻击者获得与当前用户一样的权限。安全专家强烈建议互联网用户请暂时不要使用IE浏览器，微软同时也注意到这个攻击现象，目前它已建议客户部署相关防御工具。', '<p style="margin: 0px 0px 1.5em; padding: 0px; list-style: none; color: rgb(51, 51, 51); font-family: Helvetica, Tahoma, Arial, sans-serif; font-size: 14px; line-height: 24px; text-align: center; ">\r\n	<img alt="" src="http://articles.csdn.net/uploads/allimg/120918/119_120918082041_1.jpg" style="vertical-align: middle; border: 0px solid; cursor: pointer; " /></p>\r\n<p style="margin: 0px 0px 1.5em; padding: 0px; list-style: none; color: rgb(51, 51, 51); font-family: Helvetica, Tahoma, Arial, sans-serif; font-size: 14px; line-height: 24px; text-align: center; ">\r\n	在Windows 7 IE9中，一个成功运行的攻击</p>\r\n<p style="margin: 0px 0px 1.5em; padding: 0px; list-style: none; color: rgb(51, 51, 51); font-family: Helvetica, Tahoma, Arial, sans-serif; font-size: 14px; line-height: 24px; ">\r\n	北京时间<a href="http://news.cnet.com/8301-1009_3-57514457-83/new-internet-explorer-weakness-already-exploited-in-attacks/" style="cursor: pointer; color: rgb(0, 102, 204); text-decoration: none; " target="_blank">9月18日消息</a>，计算机安全专家警告称，在IE7、8和9中存在一个先前不为人知的安全漏洞，黑客利用该漏洞开发了一个被称为&ldquo;Poison Ivy&rdquo;的后门木马，使得黑客可以访问用户曾打开过的所有文件。</p>\r\n<p style="margin: 0px 0px 1.5em; padding: 0px; list-style: none; color: rgb(51, 51, 51); font-family: Helvetica, Tahoma, Arial, sans-serif; font-size: 14px; line-height: 24px; ">\r\n	安全博客专家Eric Romang首先披露了该漏洞，他在博客中写道，zero day（零天攻击）的现象越来越严重，在发现Java SE 7 Oday和aka CVE-2012-4681漏洞不到三周后，针对微软漏洞的攻击就早已存在。</p>\r\n<p style="margin: 0px 0px 1.5em; padding: 0px; list-style: none; color: rgb(51, 51, 51); font-family: Helvetica, Tahoma, Arial, sans-serif; font-size: 14px; line-height: 24px; ">\r\n	Eric Romang发现，在这次针对IE的攻击中，主要是使用Adobe Flash Player进行heap spray攻击，来绕开Windows系统中ASLR（Address Space Layout Randomization，即地址空间布局随机化）的保护。Eric Romang称，这个zero day漏洞，是先前从未被发现的。</p>\r\n<p style="margin: 0px 0px 1.5em; padding: 0px; list-style: none; color: rgb(51, 51, 51); font-family: Helvetica, Tahoma, Arial, sans-serif; font-size: 14px; line-height: 24px; text-align: center; ">\r\n	<img alt="" src="http://articles.csdn.net/uploads/allimg/120918/119_120918085549_1.jpg" style="vertical-align: middle; border: 0px solid; cursor: pointer; " /></p>\r\n<p style="margin: 0px 0px 1.5em; padding: 0px; list-style: none; color: rgb(51, 51, 51); font-family: Helvetica, Tahoma, Arial, sans-serif; font-size: 14px; line-height: 24px; text-align: center; ">\r\n	安全专家建议暂时不要使用IE浏览器</p>\r\n<p style="margin: 0px 0px 1.5em; padding: 0px; list-style: none; color: rgb(51, 51, 51); font-family: Helvetica, Tahoma, Arial, sans-serif; font-size: 14px; line-height: 24px; ">\r\n	目前，安全专家已经针对Windows XP、Vista和7中的IE开发出一个漏洞测试工具Metasploit模块，他们在博客Rapid7&#39;s SecurityStreet中称，只要访问一个恶意网站，电脑就会被控制，攻击者就会获得与当前使用者一样的权限。鉴于微软目前还没有发布这个漏洞的补丁，因此强烈建议互联网用户不要使用IE浏览器，请换用Chrome或Firefox等非IE核心的浏览器，直到微软发布漏洞补丁为止。</p>\r\n<p style="margin: 0px 0px 1.5em; padding: 0px; list-style: none; color: rgb(51, 51, 51); font-family: Helvetica, Tahoma, Arial, sans-serif; font-size: 14px; line-height: 24px; ">\r\n	安全专家称，目前该漏洞已被黑客用于恶意攻击，这势必会影响到41％的北美和32％的全球互联网用户（数据来源自：<a href="http://gs.statcounter.com/#browser_version-na-monthly-201208-201208-bar" style="cursor: pointer; color: rgb(0, 102, 204); text-decoration: none; " target="_blank">StatCounter</a>）。为此他们给安全社区提供了Metasploit模块，以便他们进行测试和发展反制措施。</p>\r\n<p style="margin: 0px 0px 1.5em; padding: 0px; list-style: none; color: rgb(51, 51, 51); font-family: Helvetica, Tahoma, Arial, sans-serif; font-size: 14px; line-height: 24px; ">\r\n	此外，微软也一直在调查此事，并提供了一些抵御攻击的建议，微软在电子邮件声明中称，微软已经知道这起针对性的攻击，可能会影响某些版本的Internet Explorer用户，但IE10不受这个问题影响。目前，微软已经建议客户部署Microsoft&#39;s Enhanced Mitigation Experience Toolkit (EMET) 3.0，据悉，它是一个防御工具，能够提供有效保护的同时，也不会影响Web浏览。</p>\r\n<p style="margin: 0px 0px 1.5em; padding: 0px; list-style: none; color: rgb(51, 51, 51); font-family: Helvetica, Tahoma, Arial, sans-serif; font-size: 14px; line-height: 24px; ">\r\n	微软称，他们将继续调查这一问题，并采取适当的进一步措施。</p>\r\n', '', 1, 1, '', '2012-01-11', '2012-10-20 12:10:40', '2012-10-31 14:44:47', '0000-00-00 00:00:00', 0, 35);
INSERT INTO `newsinfo` VALUES (36, 5, 0, 1, '什么！惠普又要重返智能手机市场', '几年惠普的战略，总是摇摆不定和犹豫不决，比如说是否分拆PC业务。而在2010年12亿收购Palm公司后，惠普推出多款基于webOS的智能手机，仅一年之后，惠普又宣布停止所有手机的运营。然后今天，惠普CEO Meg Whitman表示，惠普决定将重返智能手机市场。', '<p style="margin: 0px 0px 1.5em; padding: 0px; list-style: none; color: rgb(51, 51, 51); font-family: Helvetica, Tahoma, Arial, sans-serif; font-size: 14px; line-height: 24px; text-align: center; ">\r\n	<img alt="" src="http://articles.csdn.net/uploads/allimg/120917/119_120917090619_1.jpg" style="vertical-align: middle; border: 0px solid; cursor: pointer; " /></p>\r\n<p style="margin: 0px 0px 1.5em; padding: 0px; list-style: none; color: rgb(51, 51, 51); font-family: Helvetica, Tahoma, Arial, sans-serif; font-size: 14px; line-height: 24px; ">\r\n	北京时间<a href="http://gigaom.com/mobile/hp-wants-back-into-the-smartphone-market-it-abandoned/" style="cursor: pointer; color: rgb(0, 102, 204); text-decoration: none; " target="_blank">9月17日消息</a>，这总是一种似曾相识的情景，在惠普经过一系列举棋不定、犹豫不决后，惠普终于决定，它将再次重返手机市场。</p>\r\n<p style="margin: 0px 0px 1.5em; padding: 0px; list-style: none; color: rgb(51, 51, 51); font-family: Helvetica, Tahoma, Arial, sans-serif; font-size: 14px; line-height: 24px; ">\r\n	惠普CEO Meg Whitman告诉福克斯商业新闻称，惠普无法忽视智能手机市场，目前公司正在致力于发展智能手机业务。Meg Whitman称，惠普必须进军智能手机领域，因为世界上许多国家，智能手机都已成为人们手中的第一个计算设备，而惠普也恰好是一家计算技术公司。</p>\r\n<p style="margin: 0px 0px 1.5em; padding: 0px; list-style: none; color: rgb(51, 51, 51); font-family: Helvetica, Tahoma, Arial, sans-serif; font-size: 14px; line-height: 24px; ">\r\n	实际上，很多人不得不抨击惠普，因为它的表现实在有点没脑子，其实惠普早就进入智能手机市场，早在2010年4月惠普就以12亿美元收购了Palm公司，随后惠普推出过多款基于webOS的智能手机，然而令人惋惜的是，2011年8月惠普就宣布放弃了webOS手机的所有运营，后来惠普还对webOS进行开源和裁员Palm部门。</p>\r\n<p style="margin: 0px 0px 1.5em; padding: 0px; list-style: none; color: rgb(51, 51, 51); font-family: Helvetica, Tahoma, Arial, sans-serif; font-size: 14px; line-height: 24px; text-align: center; ">\r\n	<img alt="" src="http://articles.csdn.net/uploads/allimg/120917/119_120917090642_1.jpg" style="vertical-align: middle; border: 0px solid; cursor: pointer; " /></p>\r\n<p style="margin: 0px 0px 1.5em; padding: 0px; list-style: none; color: rgb(51, 51, 51); font-family: Helvetica, Tahoma, Arial, sans-serif; font-size: 14px; line-height: 24px; ">\r\n	而现在，整个世界都进入后PC时代，惠普不得不再次改变态度，重新进入智能手机领域。Meg Whitman表示，在进军智能手机业务上，惠普确实是走了一些弯路，但这次他们一定会确保它成功。</p>\r\n<p style="margin: 0px 0px 1.5em; padding: 0px; list-style: none; color: rgb(51, 51, 51); font-family: Helvetica, Tahoma, Arial, sans-serif; font-size: 14px; line-height: 24px; ">\r\n	惠普的智能手机会运行什么系统呢？webOS或是RIM的手机平台？Meg Whitman向福克斯商业新闻表示，显然不会是RIM的手机平台，同时惠普也不会全部或部分收购RIM公司的黑莓手机业务。不是RIM手机系统，那一定是webOS了，实际上这也不可能，因为惠普将webOS开源的同时，还停止了对webOS系统的研发，而现在又重走回头路，在惠普全新的智能手机上搭配webOS系统的可能性很小。有分析师指出，考虑到惠普和微软的密切关系，未来惠普智能手机使用Windows Phone 8的可能性最大。</p>\r\n<p style="margin: 0px 0px 1.5em; padding: 0px; list-style: none; color: rgb(51, 51, 51); font-family: Helvetica, Tahoma, Arial, sans-serif; font-size: 14px; line-height: 24px; ">\r\n	<strong>结束语：</strong></p>\r\n<p style="margin: 0px 0px 1.5em; padding: 0px; list-style: none; color: rgb(51, 51, 51); font-family: Helvetica, Tahoma, Arial, sans-serif; font-size: 14px; line-height: 24px; ">\r\n	其实很多人对未来惠普智能手机所处的境况所担忧。是的，惠普在智能手机发展策略上，已经错失了太多的时间和机遇。目前，智能手机已经大规模普及，美国的智能手机市场在过去几年虽然风头正劲，但目前增长也已开始放缓。此外在智能手机系统上，Android和iOS牢牢盘踞大部分市场份额，而微软的Windows Phone8系统，大家不用想都知道三星和诺基亚肯定是最大的Windows Phone设备制造商。可以说，惠普决定再次进军智能手机市场，这说起来容易，但做起来难。</p>\r\n', '', 1, 1, '', '2012-06-21', '2012-10-20 12:11:59', '2012-10-31 14:44:35', '0000-00-00 00:00:00', 0, 36);
INSERT INTO `newsinfo` VALUES (37, 7, 0, 1, '史蒂夫·鲍尔默：微软将走“设备+服务”路线', '近日，微软CEO Steve Ballmer开始讨论微软即将推出的平板电脑Surface及微软作为“设备+服务”公司的发展前景。无论是微软、Amazon、苹果还是谷歌，他们都在用自己的方式在走一条“硬件（设备）+内容（服务）”的道路，或许，这是未来十年科技公司的发展趋势。', '<p style="margin: 0px 0px 1.5em; padding: 0px; list-style: none; color: rgb(51, 51, 51); font-family: Helvetica, Tahoma, Arial, sans-serif; font-size: 14px; line-height: 24px; text-align: center; ">\r\n	<img alt="" src="http://articles.csdn.net/uploads/allimg/120917/130_120917090145_1.jpg" style="vertical-align: middle; border: 0px solid; cursor: pointer; " /></p>\r\n<p style="margin: 0px 0px 1.5em; padding: 0px; list-style: none; color: rgb(51, 51, 51); font-family: Helvetica, Tahoma, Arial, sans-serif; font-size: 14px; line-height: 24px; ">\r\n	<span style="font-family: 微软雅黑; ">2012年以来，微软CEO Steve Ballmer已经多次对Windows 8的发展进行过讨论，曾经还将其描述为&ldquo;微软Windows的复兴&rdquo;。但近日，这位直言不讳的微软掌舵人换了新话题，开始讨论微软即将推出的平板电脑Surface及微软作为&ldquo;设备+服务&rdquo;公司的发展前景。</span></p>\r\n<p style="margin: 0px 0px 1.5em; padding: 0px; list-style: none; color: rgb(51, 51, 51); font-family: Helvetica, Tahoma, Arial, sans-serif; font-size: 14px; line-height: 24px; ">\r\n	<span style="font-family: 微软雅黑; ">在接受西雅图时报采访时，Ballmer表示，从功能角度来看，他相信微软有一款非常具有竞争力的产品，也就是Surface平板电脑，并且他认为&ldquo;300到700或800美元的价格&rdquo;是一个合适的定价。</span></p>\r\n<p style="margin: 0px 0px 1.5em; padding: 0px; list-style: none; color: rgb(51, 51, 51); font-family: Helvetica, Tahoma, Arial, sans-serif; font-size: 14px; line-height: 24px; ">\r\n	<span style="font-family: 微软雅黑; ">但这并不是说Surface就不会有低价策略，比如通过订购微软Xbox音乐服务以一个较低的价格登场，但是微软显然是希望能够通过Surface获取一定的利润。</span></p>\r\n<p style="margin: 0px 0px 1.5em; padding: 0px; list-style: none; color: rgb(51, 51, 51); font-family: Helvetica, Tahoma, Arial, sans-serif; font-size: 14px; line-height: 24px; ">\r\n	<span style="font-family: 微软雅黑; ">Ballmer在今年六月就介绍了Surface，他曾向媒体指出，Surface将为即将推出的Windows 8推波助澜。同样，Ballmer在公开演讲中曾形容Surface是&ldquo;顶尖的设计&rdquo;，在10月26日上市之后将能够售出几百万台。</span></p>\r\n<p style="margin: 0px 0px 1.5em; padding: 0px; list-style: none; color: rgb(51, 51, 51); font-family: Helvetica, Tahoma, Arial, sans-serif; font-size: 14px; line-height: 24px; ">\r\n	<span style="font-family: 微软雅黑; "><strong>&ldquo;你们可能会把我们看作是&lsquo;设备+服务&rsquo;类的公司。&rdquo;</strong></span></p>\r\n<p style="margin: 0px 0px 1.5em; padding: 0px; list-style: none; color: rgb(51, 51, 51); font-family: Helvetica, Tahoma, Arial, sans-serif; font-size: 14px; line-height: 24px; ">\r\n	<span style="font-family: 微软雅黑; ">微软以Surface为先锋，令人瞠目结舌的进入了PC硬件市场，许多人都在质疑微软是否真的准备开始生产设备和硬件来配合自己的软件。Ballmer向西雅图时报透露，在未来微软或许会与现在有所不同。&ldquo;我想大家一致认为且期待我们的核心能力是软件研发，但大家将来可能会把我们看做是一个&lsquo;设备+服务&rsquo;类的公司。&rdquo;</span></p>\r\n<p style="margin: 0px 0px 1.5em; padding: 0px; list-style: none; color: rgb(51, 51, 51); font-family: Helvetica, Tahoma, Arial, sans-serif; font-size: 14px; line-height: 24px; ">\r\n	<span style="font-family: 微软雅黑; ">这意味着在未来十年左右时间中，微软将成为一个以设备为中心的公司。一直以来，微软都依赖其合作伙伴和原始设备制造商（OEM）为自己的软件生产硬件。但Ballmer承认，微软不会&ldquo;生产所有设备&rdquo;，所以人们不要妄下论断。</span></p>\r\n<p style="margin: 0px 0px 1.5em; padding: 0px; list-style: none; color: rgb(51, 51, 51); font-family: Helvetica, Tahoma, Arial, sans-serif; font-size: 14px; line-height: 24px; ">\r\n	<span style="font-family: 微软雅黑; ">无论是哪种方式，Ballmer之前对苹果的威胁在将来可能会成为事实，Ballmer曾说过微软不会&ldquo;留下任何未发现的空间给苹果公司。&rdquo;</span></p>\r\n<p style="margin: 0px 0px 1.5em; padding: 0px; list-style: none; color: rgb(51, 51, 51); font-family: Helvetica, Tahoma, Arial, sans-serif; font-size: 14px; line-height: 24px; ">\r\n	<span style="font-family: 微软雅黑; ">随着10月份即将到来，与Surface一起推向市场的Windows 8将完全揭开面纱，并且，在11月Windows Phone 8设备也将正式推出。在这一系列产品的背后，微软需要面对的是消费者给它带来的考验。如果Surface的广告是引导购买，那么从营销角度看，它正在朝着正确的方向发展。</span></p>\r\n<p style="margin: 0px 0px 1.5em; padding: 0px; list-style: none; color: rgb(51, 51, 51); font-family: Helvetica, Tahoma, Arial, sans-serif; font-size: 14px; line-height: 24px; ">\r\n	<span style="font-family: 微软雅黑; ">也许微软在未来十年内会靠办公室的一块80英寸Windows 8平板电脑说服我们：Anything is possible！</span></p>\r\n<p style="margin: 0px 0px 1.5em; padding: 0px; list-style: none; color: rgb(51, 51, 51); font-family: Helvetica, Tahoma, Arial, sans-serif; font-size: 14px; line-height: 24px; ">\r\n	<span style="font-family: 微软雅黑; "><strong>编者评：&ldquo;硬件（设备）+内容（服务）&rdquo;或为科技公司发展趋势</strong></span></p>\r\n<p style="margin: 0px 0px 1.5em; padding: 0px; list-style: none; color: rgb(51, 51, 51); font-family: Helvetica, Tahoma, Arial, sans-serif; font-size: 14px; line-height: 24px; ">\r\n	<span style="font-family: 微软雅黑; ">其实微软现在这样的一个战略思想并不是特立独行的，在上周CSDN发表的《</span><a href="http://www.csdn.net/article/2012-09-11/2809815-want-to-be-more-like-amazon-com" style="cursor: pointer; color: rgb(0, 102, 204); text-decoration: none; " target="_blank"><span style="font-family: 微软雅黑; ">不想成为苹果，只想做Amazon.com</span></a><span style="font-family: 微软雅黑; ">》一文中我们讲到，成为服务平台也是Amazon内容战略启示之一。&ldquo;硬件+内容（服务）&rdquo;是Amazon作为互联网公司探索出来的特殊道路，微软紧随其后或许代表了这一模式已经为大公司所接受。除了微软和Amazon，我们似乎看出苹果也可能走上这一道路，上周</span><span style="font-family: 微软雅黑; "><a href="http://www.csdn.net/article/2012-09-13/2809870-apple-introduce-iphone5" style="cursor: pointer; color: rgb(0, 102, 204); text-decoration: none; " target="_blank">苹果发布了新一代的iPhon</a></span><span style="font-family: 微软雅黑; "><a href="http://www.csdn.net/article/2012-09-13/2809870-apple-introduce-iphone5" style="cursor: pointer; color: rgb(0, 102, 204); text-decoration: none; " target="_blank">e</a>，iPhone 5在硬件及外观上较之上一代iPhone改变并不是非常突出，外界评论为&ldquo;创新不足&rdquo;。但我们能看到，苹果现在的产品更注重实用、注重服务，我们不能断言苹果也将走上&ldquo;硬件+服务&rdquo;的道路，但至少表明这条路的出现还是有迹可循的。除此之外，互联网巨头谷歌的&ldquo;谷歌眼镜&rdquo;虽然现在并未正式面世，但从前期曝光的一些信息来看，也是走着&ldquo;硬件（设备）+内容（服务）&rdquo;的道路。</span></p>\r\n<p style="margin: 0px 0px 1.5em; padding: 0px; list-style: none; color: rgb(51, 51, 51); font-family: Helvetica, Tahoma, Arial, sans-serif; font-size: 14px; line-height: 24px; ">\r\n	<span style="font-family: 微软雅黑; ">无论传统软件制造商微软，还是老牌电子商务巨头Amazon，还是靠硬件崛起的苹果，还是搜索巨头谷歌，他们都在用自己的方式在走一条&ldquo;<strong>硬件（设备）+内容（服务）</strong>&rdquo;的道路，或许，这是未来十年科技公司的发展趋势，也是许多科技公司不可躲开的一道槛。</span></p>\r\n', '', 1, 1, '', '2012-05-12', '2012-10-20 12:13:17', '2012-10-31 14:44:18', '0000-00-00 00:00:00', 0, 37);
INSERT INTO `newsinfo` VALUES (38, 7, 0, 1, '一周消息树：iPhone5发布 惊喜不再', '苹果公司于美国旧金山芳草地艺术中心召开新品发布会，会上推出了新一代手机iPhone 5和iPod系列，同时对iOS 6的新情况进行了展示……，其实上周除了引人瞩目的苹果新产品外，业界也有其他一些事情。在各位即将开始新一天工作的同时，让我们一起通过一周消息树，回顾下上周的热点资讯吧。', '<p style="margin: 0px 0px 1.5em; padding: 0px; list-style: none; color: rgb(51, 51, 51); font-family: Helvetica, Tahoma, Arial, sans-serif; font-size: 14px; line-height: 24px; ">\r\n	这周在美国旧金山芳草地艺术中心，苹果公司发布了新一代iPhone 手机，对于iPhone 5很多人都很失望，是的，只是简单地对硬件升级，因此在发布会结束后很多人再没之前对iPhone 4和iPhone 4s一样有莫名的冲动。乔布斯曾在发布iPhone 4时宣称，iPhone 4将领先其他手机厂商5年，如今正好5年，苹果江郎才尽了吗？</p>\r\n<p style="margin: 0px 0px 1.5em; padding: 0px; list-style: none; color: rgb(51, 51, 51); font-family: Helvetica, Tahoma, Arial, sans-serif; font-size: 14px; line-height: 24px; ">\r\n	<strong>1.&nbsp;</strong><a href="http://www.csdn.net/article/2012-09-10/2809788-spotify-browser" style="cursor: pointer; color: rgb(0, 102, 204); text-decoration: none; " target="_blank"><strong>在线音乐服务Spotify推浏览器版本</strong></a></p>\r\n<p style="margin: 0px 0px 1.5em; padding: 0px; list-style: none; color: rgb(51, 51, 51); font-family: Helvetica, Tahoma, Arial, sans-serif; font-size: 14px; line-height: 24px; text-align: center; ">\r\n	<img alt="" src="http://articles.csdn.net/uploads/allimg/120917/119_120917070715_1_lit.jpg" style="vertical-align: middle; border: 0px solid; cursor: pointer; " /></p>\r\n<p style="margin: 0px 0px 1.5em; padding: 0px; list-style: none; color: rgb(51, 51, 51); font-family: Helvetica, Tahoma, Arial, sans-serif; font-size: 14px; line-height: 24px; ">\r\n	很多朋友都喜欢在线听音乐，而在线音乐服务Spotify正准备推出基于浏览器的版本，虽然Spotify公司还没正式宣布推出浏览器版的Spotify，但已有消息人士已经证实。随着浏览器版本的推出，新版设计将更加关注音乐发现，包括关注有影响力者的收听习惯及播放列表，并且能够影响自己的朋友，推出浏览器版本将可以帮助Spotify在流媒体音乐服务领域继续成为关注焦点。</p>\r\n<p style="margin: 0px 0px 1.5em; padding: 0px; list-style: none; color: rgb(51, 51, 51); font-family: Helvetica, Tahoma, Arial, sans-serif; font-size: 14px; line-height: 24px; ">\r\n	扩展阅读：</p>\r\n<p style="margin: 0px 0px 1.5em; padding: 0px; list-style: none; color: rgb(51, 51, 51); font-family: Helvetica, Tahoma, Arial, sans-serif; font-size: 14px; line-height: 24px; ">\r\n	<a href="http://www.csdn.net/article/2012-06-26/2806895" style="cursor: pointer; color: rgb(0, 102, 204); text-decoration: none; " target="_blank">国内创业团队推个性音乐社交产品Jing.fm</a></p>\r\n<p style="margin: 0px 0px 1.5em; padding: 0px; list-style: none; color: rgb(51, 51, 51); font-family: Helvetica, Tahoma, Arial, sans-serif; font-size: 14px; line-height: 24px; ">\r\n	<a href="http://www.csdn.net/article/2012-07-17/2807428" style="cursor: pointer; color: rgb(0, 102, 204); text-decoration: none; " target="_blank">分享音乐现场化体验：Live Nation收购社交音乐服务Rexly</a></p>\r\n<p style="margin: 0px 0px 1.5em; padding: 0px; list-style: none; color: rgb(51, 51, 51); font-family: Helvetica, Tahoma, Arial, sans-serif; font-size: 14px; line-height: 24px; ">\r\n	<a href="http://www.csdn.net/article/2012-08-20/2808873" style="cursor: pointer; color: rgb(0, 102, 204); text-decoration: none; " target="_blank">Smule：音乐类移动应用开发背后的故事</a></p>\r\n<p style="margin: 0px 0px 1.5em; padding: 0px; list-style: none; color: rgb(51, 51, 51); font-family: Helvetica, Tahoma, Arial, sans-serif; font-size: 14px; line-height: 24px; ">\r\n	<strong>2.&nbsp;</strong><a href="http://www.csdn.net/article/2012-09-11/2809815-want-to-be-more-like-amazon-com" style="cursor: pointer; color: rgb(0, 102, 204); text-decoration: none; " target="_blank"><strong>不想成为苹果，只想做Amazon.com</strong></a></p>\r\n<p style="margin: 0px 0px 1.5em; padding: 0px; list-style: none; color: rgb(51, 51, 51); font-family: Helvetica, Tahoma, Arial, sans-serif; font-size: 14px; line-height: 24px; text-align: center; ">\r\n	<img alt="" src="http://articles.csdn.net/uploads/allimg/120917/119_120917070731_1_lit.jpg" style="vertical-align: middle; border: 0px solid; cursor: pointer; " /></p>\r\n<p style="margin: 0px 0px 1.5em; padding: 0px; list-style: none; color: rgb(51, 51, 51); font-family: Helvetica, Tahoma, Arial, sans-serif; font-size: 14px; line-height: 24px; ">\r\n	不论是手机还是平板，一旦有新品发布，业内都会习惯性的拿着他们与苹果的产品比较。在Amazon发布Kindle Fire HD之后，很多人也这样拿它与苹果比较，实际上Amazon并没有想成为另一个超越崇拜者苹果的公司。Kindle的推出也不是向苹果发出竞争讯号，事实上Amazon正在一条自己的路上全速前进，他们用优秀的设备留住用户，然后销售内容，以&ldquo;硬件+内容&rdquo;Amazon独特DNA的形式，做最独特的公司。</p>\r\n<p style="margin: 0px 0px 1.5em; padding: 0px; list-style: none; color: rgb(51, 51, 51); font-family: Helvetica, Tahoma, Arial, sans-serif; font-size: 14px; line-height: 24px; ">\r\n	扩展阅读：</p>\r\n<p style="margin: 0px 0px 1.5em; padding: 0px; list-style: none; color: rgb(51, 51, 51); font-family: Helvetica, Tahoma, Arial, sans-serif; font-size: 14px; line-height: 24px; ">\r\n	<a href="http://www.csdn.net/article/2012-09-06/2809605-Amazon" style="cursor: pointer; color: rgb(0, 102, 204); text-decoration: none; " target="_blank">亚马逊推智能手机 打造新的云生态系统</a></p>\r\n<p style="margin: 0px 0px 1.5em; padding: 0px; list-style: none; color: rgb(51, 51, 51); font-family: Helvetica, Tahoma, Arial, sans-serif; font-size: 14px; line-height: 24px; ">\r\n	<a href="http://www.csdn.net/article/2012-08-07/2808271" style="cursor: pointer; color: rgb(0, 102, 204); text-decoration: none; " target="_blank">与Zynga竞争？亚马逊推社交游戏Living Classics</a></p>\r\n<p style="margin: 0px 0px 1.5em; padding: 0px; list-style: none; color: rgb(51, 51, 51); font-family: Helvetica, Tahoma, Arial, sans-serif; font-size: 14px; line-height: 24px; ">\r\n	<a href="http://www.csdn.net/article/2012-07-09/2807186" style="cursor: pointer; color: rgb(0, 102, 204); text-decoration: none; " target="_blank">亚马逊成为谷歌和微软的竞争目标</a></p>\r\n<p style="margin: 0px 0px 1.5em; padding: 0px; list-style: none; color: rgb(51, 51, 51); font-family: Helvetica, Tahoma, Arial, sans-serif; font-size: 14px; line-height: 24px; ">\r\n	<strong>3.&nbsp;</strong><a href="http://www.csdn.net/article/2012-09-11/2809823" style="cursor: pointer; color: rgb(0, 102, 204); text-decoration: none; " target="_blank"><strong>Antisec公开的苹果UDID并非来自FBI？！</strong></a></p>\r\n<p style="margin: 0px 0px 1.5em; padding: 0px; list-style: none; color: rgb(51, 51, 51); font-family: Helvetica, Tahoma, Arial, sans-serif; font-size: 14px; line-height: 24px; text-align: center; ">\r\n	<img alt="" src="http://articles.csdn.net/uploads/allimg/120917/119_120917070805_1_lit.png" style="vertical-align: middle; border: 0px solid; cursor: pointer; " /></p>\r\n<p style="margin: 0px 0px 1.5em; padding: 0px; list-style: none; color: rgb(51, 51, 51); font-family: Helvetica, Tahoma, Arial, sans-serif; font-size: 14px; line-height: 24px; ">\r\n	苹果设备总是那么引人注意，今年继因安全问题禁用UDID后，近日又传出100万iPhone用户信息被黑客泄露。在FBI和苹果出面澄清后，一家名叫Blue Toad的出版公司终于出面承认此次泄漏的数据来自他们的数据库。他们技术人员对比了公司的数据库与泄露数据，发现相似度达到了98%，这无疑证明此次事件的最初受害者是Blue Toad，而Antisec对FBI的指责完全是哗众取宠，是欲借此事指责FBI在监视美国民众。</p>\r\n<p style="margin: 0px 0px 1.5em; padding: 0px; list-style: none; color: rgb(51, 51, 51); font-family: Helvetica, Tahoma, Arial, sans-serif; font-size: 14px; line-height: 24px; ">\r\n	扩展阅读：</p>\r\n<p style="margin: 0px 0px 1.5em; padding: 0px; list-style: none; color: rgb(51, 51, 51); font-family: Helvetica, Tahoma, Arial, sans-serif; font-size: 14px; line-height: 24px; ">\r\n	<a href="http://www.csdn.net/article/2012-09-05/2809556" style="cursor: pointer; color: rgb(0, 102, 204); text-decoration: none; " target="_blank">FBI回击：AntiSec黑客泄漏的数据都是假的</a></p>\r\n<p style="margin: 0px 0px 1.5em; padding: 0px; list-style: none; color: rgb(51, 51, 51); font-family: Helvetica, Tahoma, Arial, sans-serif; font-size: 14px; line-height: 24px; ">\r\n	<a href="http://www.csdn.net/article/2012-09-06/2809607" style="cursor: pointer; color: rgb(0, 102, 204); text-decoration: none; " target="_blank">苹果极力撇清 从未向FBI提供设备UDID</a></p>\r\n<p style="margin: 0px 0px 1.5em; padding: 0px; list-style: none; color: rgb(51, 51, 51); font-family: Helvetica, Tahoma, Arial, sans-serif; font-size: 14px; line-height: 24px; ">\r\n	<a href="http://www.csdn.net/article/2012-09-04/2809529-hackers-leak-1000001-iOS-device" style="cursor: pointer; color: rgb(0, 102, 204); text-decoration: none; " target="_blank">100万iPhone用户信息被黑客泄露！</a></p>\r\n<p style="margin: 0px 0px 1.5em; padding: 0px; list-style: none; color: rgb(51, 51, 51); font-family: Helvetica, Tahoma, Arial, sans-serif; font-size: 14px; line-height: 24px; ">\r\n	<a href="http://www.csdn.net/article/2012-03-26/313494" style="cursor: pointer; color: rgb(0, 102, 204); text-decoration: none; " target="_blank">出于隐私考虑，苹果拒绝应用访问UDID</a></p>\r\n<p style="margin: 0px 0px 1.5em; padding: 0px; list-style: none; color: rgb(51, 51, 51); font-family: Helvetica, Tahoma, Arial, sans-serif; font-size: 14px; line-height: 24px; ">\r\n	<strong>4.&nbsp;<a href="http://www.csdn.net/article/2012-09-12/2809844-another-siri-co-founder-leaves-apple" style="cursor: pointer; color: rgb(0, 102, 204); text-decoration: none; " target="_blank">另一Siri创始人Adam Cheyer离开苹果</a></strong></p>\r\n<p style="margin: 0px 0px 1.5em; padding: 0px; list-style: none; color: rgb(51, 51, 51); font-family: Helvetica, Tahoma, Arial, sans-serif; font-size: 14px; line-height: 24px; text-align: center; ">\r\n	<img alt="" src="http://articles.csdn.net/uploads/allimg/120917/119_120917070825_1_lit.jpg" style="vertical-align: middle; border: 0px solid; cursor: pointer; " /></p>\r\n<p style="margin: 0px 0px 1.5em; padding: 0px; list-style: none; color: rgb(51, 51, 51); font-family: Helvetica, Tahoma, Arial, sans-serif; font-size: 14px; line-height: 24px; ">\r\n	在苹果即将推出新一代iPhone时，Siri联合创始人Adam Cheyer离开苹果。据悉，Adam Cheyer离开主要是希望有更多的时间陪伴家人和把精力放在其他的项目上。去年十月，iPhone 4s上的Siri功能亮相不久，Siri之父Dag Kittlaus就因个人原因离开苹果，而现在Siri的另一位联合创始人也离开苹果，这两位创始人先后离开，Siri未来又将如何呢？</p>\r\n<p style="margin: 0px 0px 1.5em; padding: 0px; list-style: none; color: rgb(51, 51, 51); font-family: Helvetica, Tahoma, Arial, sans-serif; font-size: 14px; line-height: 24px; ">\r\n	扩展阅读：</p>\r\n<p style="margin: 0px 0px 1.5em; padding: 0px; list-style: none; color: rgb(51, 51, 51); font-family: Helvetica, Tahoma, Arial, sans-serif; font-size: 14px; line-height: 24px; ">\r\n	<a href="http://www.csdn.net/article/2012-08-10/2808466" style="cursor: pointer; color: rgb(0, 102, 204); text-decoration: none; " target="_blank">共同抗&ldquo;敌&rdquo;：中国公司成立语音联盟对抗Siri</a></p>\r\n<p style="margin: 0px 0px 1.5em; padding: 0px; list-style: none; color: rgb(51, 51, 51); font-family: Helvetica, Tahoma, Arial, sans-serif; font-size: 14px; line-height: 24px; ">\r\n	<a href="http://www.csdn.net/article/2012-06-05/2806339" style="cursor: pointer; color: rgb(0, 102, 204); text-decoration: none; " target="_blank">消息称：升级到iOS 6的iPad将可在今年秋天使用Siri全部功能</a></p>\r\n<p style="margin: 0px 0px 1.5em; padding: 0px; list-style: none; color: rgb(51, 51, 51); font-family: Helvetica, Tahoma, Arial, sans-serif; font-size: 14px; line-height: 24px; ">\r\n	<a href="http://www.csdn.net/article/2012-03-27/313554" style="cursor: pointer; color: rgb(0, 102, 204); text-decoration: none; " target="_blank">Siri发展趋势预测：主动发现用户感兴趣内容</a></p>\r\n<p style="margin: 0px 0px 1.5em; padding: 0px; list-style: none; color: rgb(51, 51, 51); font-family: Helvetica, Tahoma, Arial, sans-serif; font-size: 14px; line-height: 24px; ">\r\n	<strong>5.&nbsp;</strong><a href="http://www.csdn.net/article/2012-09-13/2809870-apple-introduce-iphone5" style="cursor: pointer; color: rgb(0, 102, 204); text-decoration: none; " target="_blank"><strong>iPhone 5发布，后乔布斯时代苹果乏善可陈</strong></a></p>\r\n<p style="margin: 0px 0px 1.5em; padding: 0px; list-style: none; color: rgb(51, 51, 51); font-family: Helvetica, Tahoma, Arial, sans-serif; font-size: 14px; line-height: 24px; text-align: center; ">\r\n	<img alt="" src="http://articles.csdn.net/uploads/allimg/120917/119_120917071224_1_lit.jpg" style="vertical-align: middle; border: 0px solid; cursor: pointer; " /></p>\r\n<p style="margin: 0px 0px 1.5em; padding: 0px; list-style: none; color: rgb(51, 51, 51); font-family: Helvetica, Tahoma, Arial, sans-serif; font-size: 14px; line-height: 24px; ">\r\n	美国当地时间9月12日上午10点，在旧金山芳草地艺术中心，苹果公司万众瞩目的新品发布会如期召开，此次发布会上，如人们所期待的那样，苹果公司推出了新一代手机产品iPhone 5。虽然新一代iPhone 5更薄、更轻、更快捷了，但发布会结束之后相信并不是所有人都如自己期待的那样满意。因为iPhone 5只是对iPhone 4S一个简单的整体升级，并没有其他特别出色的地方，因此笔者在想，乔布斯走了后的苹果，是不是真的江郎才尽了？各位，你们认为呢？</p>\r\n', '', 1, 1, '', '2012-10-01', '2012-10-20 12:14:10', '2012-10-31 14:46:31', '0000-00-00 00:00:00', 0, 38);
INSERT INTO `newsinfo` VALUES (39, 15, 0, 1, '西门子Wi-Fi定位技术 让你室内不再迷路', '在机场、商场等一些比较大的室内场合迷路了怎么办？没关系，西门子基于Wi-Fi指纹的高精度定位技术——Wi-Fi Positioning，让你室内不再迷路。相比传统的导航，西门子的技术不仅不需要担心信号遮挡问题，导航的精确度和响应时间都得到很大提升。', '<p style="margin: 0px 0px 1.5em; padding: 0px; list-style: none; color: rgb(51, 51, 51); font-family: Helvetica, Tahoma, Arial, sans-serif; font-size: 14px; line-height: 24px; text-align: center; ">\r\n	<img alt="" src="http://articles.csdn.net/uploads/allimg/120914/119_120914162703_1.JPG" style="vertical-align: middle; border: 0px solid; cursor: pointer; " /></p>\r\n<p style="margin: 0px 0px 1.5em; padding: 0px; list-style: none; color: rgb(51, 51, 51); font-family: Helvetica, Tahoma, Arial, sans-serif; font-size: 14px; line-height: 24px; text-align: center; ">\r\n	西门子Wi-Fi Positioning定位技术</p>\r\n<p style="margin: 0px 0px 1.5em; padding: 0px; list-style: none; color: rgb(51, 51, 51); font-family: Helvetica, Tahoma, Arial, sans-serif; font-size: 14px; line-height: 24px; ">\r\n	北京时间9月14日消息，虽然上周在南京举办的中国国际软件产品和信息服务博览会早已完美落幕，但展会各种高新技术所带来的震撼，仍然让人难以忘却。在这些高新技术中，让&ldquo;路痴&rdquo;记者最感兴趣的莫不过是西门子基于Wi-Fi指纹的高精度定位技术&mdash;&mdash;Wi-Fi Positioning。</p>\r\n<p style="margin: 0px 0px 1.5em; padding: 0px; list-style: none; color: rgb(51, 51, 51); font-family: Helvetica, Tahoma, Arial, sans-serif; font-size: 14px; line-height: 24px; ">\r\n	众人皆知，包括谷歌和百度室内导航地图主要是基于全球定位系统GPS、传统的Wi-Fi和手机信号发射塔来实现导航，GPS虽然是迄今为止最为成功的定位系统，但每次GPS完成定位都需要捕获至少4颗在轨卫星的信号，初始化时间长不说，在一些室内和高楼密布的城区等地方，信号遮挡严重，可用性也受到严重制约。</p>\r\n<p style="margin: 0px 0px 1.5em; padding: 0px; list-style: none; color: rgb(51, 51, 51); font-family: Helvetica, Tahoma, Arial, sans-serif; font-size: 14px; line-height: 24px; ">\r\n	另外传统的Wi-Fi定位技术对硬件有特殊要求，需要对额外的硬件设备或对在网Wi-Fi AP进行升级，以保证时间和角度的精确同步与测量，这使得升级费用比较大，维护也很困难。而依靠手机信号发射塔导航的缺点就更不用说了，精确度太差。</p>\r\n<p style="margin: 0px 0px 1.5em; padding: 0px; list-style: none; color: rgb(51, 51, 51); font-family: Helvetica, Tahoma, Arial, sans-serif; font-size: 14px; line-height: 24px; text-align: center; ">\r\n	<img alt="" src="http://articles.csdn.net/uploads/allimg/120914/119_120914162413_1.jpg" style="vertical-align: middle; border: 0px solid; cursor: pointer; " /></p>\r\n<p style="margin: 0px 0px 1.5em; padding: 0px; list-style: none; color: rgb(51, 51, 51); font-family: Helvetica, Tahoma, Arial, sans-serif; font-size: 14px; line-height: 24px; text-align: center; ">\r\n	Wi-Fi定位系统整体架构</p>\r\n<p style="margin: 0px 0px 1.5em; padding: 0px; list-style: none; color: rgb(51, 51, 51); font-family: Helvetica, Tahoma, Arial, sans-serif; font-size: 14px; line-height: 24px; text-align: center; ">\r\n	<img alt="" src="http://articles.csdn.net/uploads/allimg/120914/119_120914162808_1.jpg" style="vertical-align: middle; border: 0px solid; cursor: pointer; " /></p>\r\n<p style="margin: 0px 0px 1.5em; padding: 0px; list-style: none; color: rgb(51, 51, 51); font-family: Helvetica, Tahoma, Arial, sans-serif; font-size: 14px; line-height: 24px; text-align: center; ">\r\n	终端应用架构</p>\r\n<p style="margin: 0px 0px 1.5em; padding: 0px; list-style: none; color: rgb(51, 51, 51); font-family: Helvetica, Tahoma, Arial, sans-serif; font-size: 14px; line-height: 24px; ">\r\n	记者在西门子展台上了解到，基于Wi-Fi指纹的高精度定位技术&mdash;&mdash;Wi-Fi Postitioning则没有上述问题。它使用802.11b/g/n标准，在不需要增加额外硬件设备的情况下（如读卡器、天线等），就可以利用现有Wi-Fi无线网络实现导航。据西门子通信与传媒技术部门项目经理李晨介绍，他们采用了领先的定位算法，使得室内定位精度可以达到2至3米，室外定位精度达到5至10米（室外支持GPS）。</p>\r\n<p style="margin: 0px 0px 1.5em; padding: 0px; list-style: none; color: rgb(51, 51, 51); font-family: Helvetica, Tahoma, Arial, sans-serif; font-size: 14px; line-height: 24px; text-align: center; ">\r\n	<img alt="" src="http://articles.csdn.net/uploads/allimg/120914/119_120914162640_1.JPG" style="vertical-align: middle; border: 0px solid; cursor: pointer; " /></p>\r\n<p style="margin: 0px 0px 1.5em; padding: 0px; list-style: none; color: rgb(51, 51, 51); font-family: Helvetica, Tahoma, Arial, sans-serif; font-size: 14px; line-height: 24px; text-align: center; ">\r\n	演示设备</p>\r\n<p style="margin: 0px 0px 1.5em; padding: 0px; list-style: none; color: rgb(51, 51, 51); font-family: Helvetica, Tahoma, Arial, sans-serif; font-size: 14px; line-height: 24px; ">\r\n	李晨继续介绍称，他们还改进了定位搜索引擎，使得定位响应时间小于1秒。另外为了方便使用，西门子Wi-Fi Postitioning定位技术还整合了终端应用，用户可以基于手机和平板电脑向定位服务器上报扫描结果，并从定位服务器获取位置信息。李晨表示，西门子定位技术采用开放式体系结构设计，便于定制化开发，灵活的整合第三方应用。</p>\r\n<p style="margin: 0px 0px 1.5em; padding: 0px; list-style: none; color: rgb(51, 51, 51); font-family: Helvetica, Tahoma, Arial, sans-serif; font-size: 14px; line-height: 24px; ">\r\n	关于应用前景，除了实现室内导航外，李晨自豪地对记者表示，该技术可以运用于信息获取类应用、营销类应用、便民类和SNS社交网络类应用。具体比如，可通过移动终端获取对商户评价信息、基于位置优惠信息推送和停车场导引等。</p>\r\n<p style="margin: 0px 0px 1.5em; padding: 0px; list-style: none; color: rgb(51, 51, 51); font-family: Helvetica, Tahoma, Arial, sans-serif; font-size: 14px; line-height: 24px; ">\r\n	此外，这位西门子通信与传媒技术部门项目经理还指出，Wi-Fi Postitioning技术还可以采集指纹，对个人进行精确定位，这使得一些生产企业可以进行人员考勤和流动定位等。</p>\r\n<p style="margin: 0px 0px 1.5em; padding: 0px; list-style: none; color: rgb(51, 51, 51); font-family: Helvetica, Tahoma, Arial, sans-serif; font-size: 14px; line-height: 24px; ">\r\n	写到这，记者不禁想起之前的一篇报道，芬兰工程师利用室内地球磁场波动做了智能手机应用来进行室内导航，他们利用每一座建筑的地板和走廊能够构建一个独特磁场干扰的原理，通过测量确定一个位置生成地图，来实现室内导航。相比较西门子Wi-Fi Postitioning的定位技术，各位网友，你们觉得哪个更有应用前景呢？</p>\r\n', '', 1, 1, '', '2012-05-21', '2012-10-20 12:15:25', '2012-10-31 14:44:01', '0000-00-00 00:00:00', 0, 39);
INSERT INTO `newsinfo` VALUES (40, 15, 0, 1, '真的很酷！谷歌新增六度空间搜索', '要想和某个人认识怎么办，该怎么做呢？近日谷歌推出的一个新搜索算法——六度空间搜索，让人与人之间建立关系提供了便捷。只要在搜索框中输入两个人名，便可计算出两人的关系数多少，可以通过谁便可相识，使得人与人之间的联系可以就这么简单。', '<p style="margin: 0px 0px 1.5em; padding: 0px; list-style: none; color: rgb(51, 51, 51); font-family: Helvetica, Tahoma, Arial, sans-serif; font-size: 14px; line-height: 24px; text-align: center; ">\r\n	<img alt="" src="http://articles.csdn.net/uploads/allimg/120914/119_120914082206_1.jpg" style="vertical-align: middle; border: 0px solid; cursor: pointer; " /></p>\r\n<p style="margin: 0px 0px 1.5em; padding: 0px; list-style: none; color: rgb(51, 51, 51); font-family: Helvetica, Tahoma, Arial, sans-serif; font-size: 14px; line-height: 24px; ">\r\n	北京时间<a href="http://thenextweb.com/google/2012/09/13/six-degrees-of-kevin-bacon/" style="cursor: pointer; color: rgb(0, 102, 204); text-decoration: none; " target="_blank">9月14日消息</a>，谷歌今天新增一个搜索算法&mdash;&mdash;六度空间搜索，该搜索使得在搜索引擎中输入两个人名，就可以计算出两个人建立关系需要相隔多少人，以及通过谁建立关系。</p>\r\n<p style="margin: 0px 0px 1.5em; padding: 0px; list-style: none; color: rgb(51, 51, 51); font-family: Helvetica, Tahoma, Arial, sans-serif; font-size: 14px; line-height: 24px; ">\r\n	谷歌六度空间搜索来自数学领域一个猜想，该猜想名为Six Degrees of Separation。该理论指出，你和任何一个陌生人之间所间隔的人不会超过六个，也就是说，最多通过六个人你就能够认识任何一个陌生人，这是六度分割理论，也叫小世界理论。</p>\r\n<p style="margin: 0px 0px 1.5em; padding: 0px; list-style: none; color: rgb(51, 51, 51); font-family: Helvetica, Tahoma, Arial, sans-serif; font-size: 14px; line-height: 24px; ">\r\n	六度空间搜索是一个很有意思的搜索工具，比如我们可以搜索某个男演员和女演员之间的关系途径，也可以搜索某著名的演员和从未被提名奥斯卡奖演员之间的关系。</p>\r\n<p style="margin: 0px 0px 1.5em; padding: 0px; list-style: none; color: rgb(51, 51, 51); font-family: Helvetica, Tahoma, Arial, sans-serif; font-size: 14px; line-height: 24px; text-align: center; ">\r\n	<img alt="" src="http://articles.csdn.net/uploads/allimg/120914/119_120914082106_1.png" style="vertical-align: middle; border: 0px solid; cursor: pointer; " /></p>\r\n<p style="margin: 0px 0px 1.5em; padding: 0px; list-style: none; color: rgb(51, 51, 51); font-family: Helvetica, Tahoma, Arial, sans-serif; font-size: 14px; line-height: 24px; ">\r\n	简单的举个例子，如上图，我们搜索美国演员Bruce Willis（布鲁斯&middot;威利斯）和Kevin Bacon（凯文&middot;贝肯）之间的关系，在搜索框中键入Bacon number bruce Willis，谷歌直接显示结果为2。意思就是说这两个人如果要建立关系，只要通过2个人就可以认识。</p>\r\n<p style="margin: 0px 0px 1.5em; padding: 0px; list-style: none; color: rgb(51, 51, 51); font-family: Helvetica, Tahoma, Arial, sans-serif; font-size: 14px; line-height: 24px; ">\r\n	因为Bruce Willis和Bill Murray曾在电影《Moonrise Kingdom》（影名：月亮升起之国）中出演过角色，而Kevin Bacon又和Bill Murray在电影《Wild Things》（影名：野东西）中也出演过角色，通过谷歌搜索，我们可以明白，Bruce Willis要想和Kevin Bacon建立关系，只需让Bill Murray引荐下即可。</p>\r\n<p style="margin: 0px 0px 1.5em; padding: 0px; list-style: none; color: rgb(51, 51, 51); font-family: Helvetica, Tahoma, Arial, sans-serif; font-size: 14px; line-height: 24px; ">\r\n	这个新算法又再次展示了谷歌的技术能力，通过分析数十亿的人、地点和事物之间的联系，使得人与人之间的关系可以就这么简单（当然这也很可怕，让人肉更加彻底）。不得不说，这个搜索很棒，谷歌很酷！这至少比国内某度和某综合搜索强多了，同样是科技公司，你们还可以再&ldquo;娱乐&rdquo;一点吗？</p>\r\n', '', 1, 1, '', '2012-10-20', '2012-10-20 12:16:39', '2012-10-20 12:17:30', '0000-00-00 00:00:00', 0, 40);
INSERT INTO `newsinfo` VALUES (41, 15, 0, 1, '能携带的网络 Anyfi 150万建网络虚拟热点', '瑞典的Anyfi公司开发了一种信道技术，它打算用150万美元建立一个WiFi互联网络。据悉该技术它能利用私人无线访问点作为移动小”基站“，从而建立大规模虚拟无线热点。值得一提的是这种技术不是网络分享，只是使用了接入点网关的物理无线电，然后发送身份验证协议到用户家中网关上。', '<p style="margin: 0px 0px 1.5em; padding: 0px; list-style: none; color: rgb(51, 51, 51); font-family: Helvetica, Tahoma, Arial, sans-serif; font-size: 14px; line-height: 24px; text-align: center; ">\r\n	<img alt="" src="http://articles.csdn.net/uploads/allimg/120913/119_120913151955_1.jpg" style="vertical-align: middle; border: 0px solid; cursor: pointer; " /></p>\r\n<p style="margin: 0px 0px 1.5em; padding: 0px; list-style: none; color: rgb(51, 51, 51); font-family: Helvetica, Tahoma, Arial, sans-serif; font-size: 14px; line-height: 24px; text-align: center; ">\r\n	Anyfi让WiFi网络可以随身携带</p>\r\n<p style="margin: 0px 0px 1.5em; padding: 0px; list-style: none; color: rgb(51, 51, 51); font-family: Helvetica, Tahoma, Arial, sans-serif; font-size: 14px; line-height: 24px; ">\r\n	北京时间<a href="http://gigaom.com/mobile/anyfi-raises-1-5m-to-build-virtual-hotspot-networks/" style="cursor: pointer; color: rgb(0, 102, 204); text-decoration: none; " target="_blank">9月13日消息</a>，瑞典的一家创业公司Anyfi Network欲以150万美元构建一个庞大的WiFi互联网络。据悉，这家公司已开发一种信道技术，可以把任何私人访问点作为一个移动数据的小&ldquo;基站&rdquo;，使运营商可以轻松构建混合蜂窝WiFi网络，如同法国Free Mobile和日本软银一样。</p>\r\n<p style="margin: 0px 0px 1.5em; padding: 0px; list-style: none; color: rgb(51, 51, 51); font-family: Helvetica, Tahoma, Arial, sans-serif; font-size: 14px; line-height: 24px; ">\r\n	Anyfi的技术，可以打破物理广播和WiFi网络的约束，利用私人无线局域网上建大规模的虚拟无线热点。</p>\r\n<p style="margin: 0px 0px 1.5em; padding: 0px; list-style: none; color: rgb(51, 51, 51); font-family: Helvetica, Tahoma, Arial, sans-serif; font-size: 14px; line-height: 24px; ">\r\n	简单地讲，Anyfi Network可以让用户在任何一个点都能访问自家的无线网络。Anyfi Network高管称，用户在家里连接上WiFi后，一旦出门，它可以自动连接上任何一个出现的网络，而用户无需安装任何软件或人工登录，因为它可以自动找到用户的网络。</p>\r\n<p style="margin: 0px 0px 1.5em; padding: 0px; list-style: none; color: rgb(51, 51, 51); font-family: Helvetica, Tahoma, Arial, sans-serif; font-size: 14px; line-height: 24px; ">\r\n	需要特别指出的是，这不是无线网络分享。Anyfi Network的技术只是运用了某个接入点网关的物理无线电，然后发送身份验证协议到用户家中网关上。这从某种意义上来说，用户仍然使用的是家中的网络。因此Anyfi公司CTO Johan Almbladh形象地形容，这是一个可以随身携带的WiFi网络。</p>\r\n<p style="margin: 0px 0px 1.5em; padding: 0px; list-style: none; color: rgb(51, 51, 51); font-family: Helvetica, Tahoma, Arial, sans-serif; font-size: 14px; line-height: 24px; ">\r\n	因此Anyfi是有前途的一种解决方案，它可以让Anyfi作为中间人的形式去处理热点供应商和小区宽带运营商的经纪交易，这也使得Anyfi可以在没有硬件升级、不需要安装特别的手机客户端的情况下，创建大规模相互关联的WiFi网络。目前Anyfi已和两个运营商进行试验，其中之一就是North America。</p>\r\n<p style="margin: 0px 0px 1.5em; padding: 0px; list-style: none; color: rgb(51, 51, 51); font-family: Helvetica, Tahoma, Arial, sans-serif; font-size: 14px; line-height: 24px; ">\r\n	专门从事投资瑞典初创公司的Industrifonden基金，已领导了一轮900万瑞典克朗（约合137万美元）的投资。而Animi的天使投资者们正在进行剩下的100万瑞典克朗的投资。而在获得这些投资之前，Anyfi首席执行官Bj&ouml;rn Smedman提出了至少获得100万美元的投资。</p>\r\n<p style="margin: 0px 0px 1.5em; padding: 0px; list-style: none; color: rgb(51, 51, 51); font-family: Helvetica, Tahoma, Arial, sans-serif; font-size: 14px; line-height: 24px; ">\r\n	另外Anyfi并不是唯一获得关注的虚拟网络热点创业公司。比如无线电网状网络应用Open Garden刚结束200万美元的种子融资，而Devicescape早已建立了自己的虚拟网络热点，并已经开始吸引了运营商和设备制造商们的兴趣，这包括Bouygues无线、Republic无线和英特尔公司。最后，虽然笔者看好这种技术应用前景，但Anyfi发展之路漫漫而修远，仍需加快努力。</p>\r\n', '', 1, 1, '', '2012-08-20', '2012-10-20 12:17:33', '2012-10-31 14:43:48', '0000-00-00 00:00:00', 0, 41);
INSERT INTO `newsinfo` VALUES (43, 9, 0, 1, 'Microsoft, Google to do battle over patent royalty rates', '', 'Due to a reporting error, the story &quot;Microsoft, Google to do battle over patent royalty rates,&quot; which ran Monday, gave an incorrect time frame for when the jury portion of the trial will start. It is expected to start next spring.', '', 1, 1, '', '2012-11-15', '2012-11-15 09:24:35', '2012-11-15 09:25:07', '0000-00-00 00:00:00', 0, 43);
INSERT INTO `newsinfo` VALUES (44, 9, 0, 1, 'Microsoft patches critical flaws in Windows 8, Windows RT', '', '<span style="font: 12px/17px &quot;Helvetica Neue&quot;, Arial, Helvetica, sans-serif; text-align: left; color: rgb(0, 0, 0); text-transform: none; text-indent: 0px; letter-spacing: normal; word-spacing: 0px; float: none; display: inline !important; white-space: normal; orphans: 2; widows: 2; font-size-adjust: none; font-stretch: normal; background-color: rgb(255, 255, 255); -webkit-text-size-adjust: auto; -webkit-text-stroke-width: 0px;">In the story, &quot;Microsoft patches critical flaws in Windows 8, Windows RT,&quot; which was posted to the wire on Thursday, paragraph 13 has been deleted at the request of Computerworld. Kindly delete the paragraph if you have used the story</span>', '', 1, 1, '', '2012-11-15', '2012-11-15 09:25:38', '2012-11-15 09:28:09', '0000-00-00 00:00:00', 0, 44);
INSERT INTO `newsinfo` VALUES (45, 9, 0, 1, 'Use Facebook''s new Social Jobs app to find work', '', '<p style="font: 12px/17px &quot;Helvetica Neue&quot;, Arial, Helvetica, sans-serif; margin: 0px 0px 1.5em; padding: 0px; border: 0px currentColor; text-align: left; color: rgb(0, 0, 0); text-transform: none; text-indent: 0px; letter-spacing: normal; word-spacing: 0px; vertical-align: baseline; white-space: normal; orphans: 2; widows: 2; font-size-adjust: none; font-stretch: normal; background-color: rgb(255, 255, 255); -webkit-text-size-adjust: auto; -webkit-text-stroke-width: 0px;">\r\n	Looking for a job? Now you can leverage one of the sites that you use the most, Facebook, to help in your hunt.</p>\r\n<p style="font: 12px/17px &quot;Helvetica Neue&quot;, Arial, Helvetica, sans-serif; margin: 0px 0px 1.5em; padding: 0px; border: 0px currentColor; text-align: left; color: rgb(0, 0, 0); text-transform: none; text-indent: 0px; letter-spacing: normal; word-spacing: 0px; vertical-align: baseline; white-space: normal; orphans: 2; widows: 2; font-size-adjust: none; font-stretch: normal; background-color: rgb(255, 255, 255); -webkit-text-size-adjust: auto; -webkit-text-stroke-width: 0px;">\r\n	<a href="https://www.facebook.com/notes/social-jobs-partnership/social-jobs-partnership-application-now-live/404492336285577" style="margin: 0px; padding: 0px; border: 0px currentColor; color: rgb(0, 95, 126); font-family: inherit; font-size: 12px; font-style: inherit; font-weight: inherit; text-decoration: none; vertical-align: baseline;">Facebook</a><span class="Apple-converted-space">&nbsp;</span>on Wednesday rolled out its long-awaited<span class="Apple-converted-space">&nbsp;</span><a href="https://www.facebook.com/socialjobs/app_417814418282098" style="margin: 0px; padding: 0px; border: 0px currentColor; color: rgb(0, 95, 126); font-family: inherit; font-size: 12px; font-style: inherit; font-weight: inherit; text-decoration: none; vertical-align: baseline;">Social Jobs app</a><span class="Apple-converted-space">&nbsp;</span>for U.S. users, which has aggregated more than 1.7 million job listings from job search sites that were already using Facebook to reach recruits, including Jobvite, BranchOut, Work4Labs, and Monster.com.</p>\r\n<p style="font: 12px/17px &quot;Helvetica Neue&quot;, Arial, Helvetica, sans-serif; margin: 0px 0px 1.5em; padding: 0px; border: 0px currentColor; text-align: left; color: rgb(0, 0, 0); text-transform: none; text-indent: 0px; letter-spacing: normal; word-spacing: 0px; vertical-align: baseline; white-space: normal; orphans: 2; widows: 2; font-size-adjust: none; font-stretch: normal; background-color: rgb(255, 255, 255); -webkit-text-size-adjust: auto; -webkit-text-stroke-width: 0px;">\r\n	The social network first announced plans for a jobs app last October as a joint venture with the Labor Department. The two launched the Social Jobs Partnership, a group that includes the National Association of Colleges and Employers, the National Association of State Workforce Agencies, and the Direct Employers Association.</p>\r\n<p style="font: 12px/17px &quot;Helvetica Neue&quot;, Arial, Helvetica, sans-serif; margin: 0px 0px 1.5em; padding: 0px; border: 0px currentColor; text-align: left; color: rgb(0, 0, 0); text-transform: none; text-indent: 0px; letter-spacing: normal; word-spacing: 0px; vertical-align: baseline; white-space: normal; orphans: 2; widows: 2; font-size-adjust: none; font-stretch: normal; background-color: rgb(255, 255, 255); -webkit-text-size-adjust: auto; -webkit-text-stroke-width: 0px;">\r\n	U.S. Secretary of Labor Hilda Solis in a statement said &quot;the foundation of an industry-supported open-source job-posting schema&quot; is &quot;helping America get back to work.&quot;</p>\r\n<p style="font: 12px/17px &quot;Helvetica Neue&quot;, Arial, Helvetica, sans-serif; margin: 0px 0px 1.5em; padding: 0px; border: 0px currentColor; text-align: left; color: rgb(0, 0, 0); text-transform: none; text-indent: 0px; letter-spacing: normal; word-spacing: 0px; vertical-align: baseline; white-space: normal; orphans: 2; widows: 2; font-size-adjust: none; font-stretch: normal; background-color: rgb(255, 255, 255); -webkit-text-size-adjust: auto; -webkit-text-stroke-width: 0px;">\r\n	The national unemployment rate in October dipped below 8 percent for the first time since January 2009.</p>\r\n<p style="font: 12px/17px &quot;Helvetica Neue&quot;, Arial, Helvetica, sans-serif; margin: 0px 0px 1.5em; padding: 0px; border: 0px currentColor; text-align: left; color: rgb(0, 0, 0); text-transform: none; text-indent: 0px; letter-spacing: normal; word-spacing: 0px; vertical-align: baseline; white-space: normal; orphans: 2; widows: 2; font-size-adjust: none; font-stretch: normal; background-color: rgb(255, 255, 255); -webkit-text-size-adjust: auto; -webkit-text-stroke-width: 0px;">\r\n	Facebook says the app is a natural progression in social networking. NACE research indicates that 50 percent of employers already use Facebook to find new hires. Those employers said potential recruits can better use Facebook to find jobs by liking company pages and networking with contacts.</p>\r\n<p style="font: 12px/17px &quot;Helvetica Neue&quot;, Arial, Helvetica, sans-serif; margin: 0px 0px 1.5em; padding: 0px; border: 0px currentColor; text-align: left; color: rgb(0, 0, 0); text-transform: none; text-indent: 0px; letter-spacing: normal; word-spacing: 0px; vertical-align: baseline; white-space: normal; orphans: 2; widows: 2; font-size-adjust: none; font-stretch: normal; background-color: rgb(255, 255, 255); -webkit-text-size-adjust: auto; -webkit-text-stroke-width: 0px;">\r\n	&quot;Facebook is all about connecting people, and we&#39;re thrilled to see developers leveraging our platform to connect job seekers and prospective employers,&quot; Marne Levine, Facebook&#39;s vice president for global public policy, said in a statement. &quot;By allowing job seekers to view and share job openings based on personalized criteria, like location and industry, the Social Jobs Application builds on our broader effort to help people use social media to find jobs in the U.S.&quot;</p>\r\n<p style="font: 12px/17px &quot;Helvetica Neue&quot;, Arial, Helvetica, sans-serif; margin: 0px 0px 1.5em; padding: 0px; border: 0px currentColor; text-align: left; color: rgb(0, 0, 0); text-transform: none; text-indent: 0px; letter-spacing: normal; word-spacing: 0px; vertical-align: baseline; white-space: normal; orphans: 2; widows: 2; font-size-adjust: none; font-stretch: normal; background-color: rgb(255, 255, 255); -webkit-text-size-adjust: auto; -webkit-text-stroke-width: 0px;">\r\n	<strong style="font-weight: bold;">LinkedIn competitor?</strong></p>\r\n<p style="font: 12px/17px &quot;Helvetica Neue&quot;, Arial, Helvetica, sans-serif; margin: 0px 0px 1.5em; padding: 0px; border: 0px currentColor; text-align: left; color: rgb(0, 0, 0); text-transform: none; text-indent: 0px; letter-spacing: normal; word-spacing: 0px; vertical-align: baseline; white-space: normal; orphans: 2; widows: 2; font-size-adjust: none; font-stretch: normal; background-color: rgb(255, 255, 255); -webkit-text-size-adjust: auto; -webkit-text-stroke-width: 0px;">\r\n	It&#39;s unclear whether Facebook intends to ramp up competition with professional networking site LinkedIn, which has 175 million users compared to Facebook&#39;s 1 billion. LinkedIn offers paid accounts for both job hunters and recruiters. For now, Facebook&#39;s jobs app serves as a marketplace of other sites&#39; listings.</p>\r\n<p style="font: 12px/17px &quot;Helvetica Neue&quot;, Arial, Helvetica, sans-serif; margin: 0px 0px 1.5em; padding: 0px; border: 0px currentColor; text-align: left; color: rgb(0, 0, 0); text-transform: none; text-indent: 0px; letter-spacing: normal; word-spacing: 0px; vertical-align: baseline; white-space: normal; orphans: 2; widows: 2; font-size-adjust: none; font-stretch: normal; background-color: rgb(255, 255, 255); -webkit-text-size-adjust: auto; -webkit-text-stroke-width: 0px;">\r\n	LinkedIn recently<span class="Apple-converted-space">&nbsp;</span><a href="http://www.pcworld.com/article/2012146/linkedin-revamps-profile-seeks-higher-engagement.html" style="margin: 0px; padding: 0px; border: 0px currentColor; color: rgb(0, 95, 126); font-family: inherit; font-size: 12px; font-style: inherit; font-weight: inherit; text-decoration: none; vertical-align: baseline;">revamped its user profiles</a><span class="Apple-converted-space">&nbsp;</span>to make the site more visually appealing in an effort to compete with other social networks.</p>\r\n', '', 1, 1, '', '2012-11-15', '2012-11-15 09:28:13', '2012-11-15 09:28:57', '0000-00-00 00:00:00', 0, 45);

-- --------------------------------------------------------

-- 
-- 表的结构 `newspic`
-- 

CREATE TABLE `newspic` (
  `id_newspic` int(11) NOT NULL auto_increment,
  `id_newsinfo` int(11) NOT NULL,
  `id_hr` int(11) NOT NULL,
  `title` varchar(250) NOT NULL,
  `intro` text NOT NULL,
  `url` varchar(250) NOT NULL,
  `opicname` varchar(250) NOT NULL,
  `spicname` varchar(250) NOT NULL,
  `dele` int(1) NOT NULL default '1',
  `type` varchar(3) NOT NULL,
  `indate` datetime NOT NULL,
  `modate` datetime NOT NULL,
  `deldate` datetime NOT NULL,
  `browsecount` int(11) NOT NULL,
  PRIMARY KEY  (`id_newspic`)
) ENGINE=MyISAM DEFAULT CHARSET=utf8 AUTO_INCREMENT=1 ;

-- 
-- 导出表中的数据 `newspic`
-- 


-- --------------------------------------------------------

-- 
-- 表的结构 `pageset`
-- 

CREATE TABLE `pageset` (
  `id_pageset` int(11) NOT NULL auto_increment,
  `lang` int(1) NOT NULL default '1',
  `title` varchar(250) NOT NULL,
  `intro` text NOT NULL,
  `url` text NOT NULL,
  `pagetitle` text NOT NULL,
  `keywords` text NOT NULL,
  `description` text NOT NULL,
  `content` text NOT NULL,
  `location` int(2) NOT NULL default '1',
  `ordernum` int(11) NOT NULL,
  PRIMARY KEY  (`id_pageset`)
) ENGINE=MyISAM  DEFAULT CHARSET=utf8 AUTO_INCREMENT=17 ;

-- 
-- 导出表中的数据 `pageset`
-- 

INSERT INTO `pageset` VALUES (1, 1, '关于我们', '引领行业的先锋', '', '关于我们－手机模板科技', '', '', '<h3>\r\n	经过不断的试验，努力的改正错误，我们的客户在过去的几年逐步的增长。</h3>\r\n<p>\r\n	公司拥有领先的技术和经验，目前是引领该行业的先锋企业。经过不断的试验，努力的改正错误，我们的客户在过去的几年逐步的增长。上海手机模板信息科技有限公司是一家专注互联网技术服务的高新科技公司，公司成立以来已经在众多领域取得了骄人的成绩，同时我们与国际、国内众多ISP服务商、软件开发商及IT服务企业结为战略联盟和合作伙伴。<br />\r\n	<br />\r\n	手机模板科技的服务范围包括：互联网基础应用、网站建设、企事业信息管理系统、数据库开发、B/S软件研发等。<br />\r\n	<br />\r\n	我们的互联网技术服务范围已经涵盖互联网所涉及的全部服务与技术支持，如域名注册、企业邮局、邮件群发、网站空间、数据库、服务器租用托管业务、网站建设、营运咨询、管理维护等等。<br />\r\n	腾岩科技的服务范围包括：互联网基础应用、网站建设、企事业信息管理系统、数据库开发、B/S软件研发等。<br />\r\n	<br />\r\n	我们的互联网技术服务范围已经涵盖互联网所涉及的全部服务与技术支持，如域名注册、企业邮局、邮件群发、网站空间、数据库、服务器租用托管业务、网站建设、营运咨询、管理维护等等。<br />\r\n	<br />\r\n	手机模板科技专注以互联网领域的信息技术服务为公司的主要发展之路,使用户在享受信息科技发展最新成果的同时不断获得最大的收益。 一个能从别人的观念来看事情，能了解别人心灵活的人，永远不必为自己的前途担心。</p>\r\n<br />\r\n<br />\r\n', 2, 9);
INSERT INTO `pageset` VALUES (2, 1, '企业文化', '专业化产品和服务', '', '企业文化', '', '', '自信、自律，自立、自强客户：为客户提供高质量和最大价值的专业化产品和服务，以真诚和实力赢得客户的理解、尊重和支持。<br />\r\n<br />\r\n员工：信任员工的努力和奉献，承认员工的成就并提供相应回报，为员工创造良好的工作环境和发展前景。<br />\r\n<br />\r\n市场：为客户降低采购成本和风险，为客户投资提供切实保障。&nbsp;<br />\r\n<br />\r\n发展：追求永续发展的目标，并把它建立在客户满意的基础上。<br />\r\n<br />\r\n企业精神：自信、自律，自立、自强客户：为客户提供高质量和最大价值的专业化产品和服务，以真诚和实力赢得客户的理解、尊重和支持。', 2, 2);
INSERT INTO `pageset` VALUES (3, 1, '我们的发展历程', '2005年2月 成立团队', '', '发展历程', '', '', '<p>\r\n	2005年2月 成立团队<br />\r\n	2006年3月 成为商务中国最高级别代理-伙伴代理<br />\r\n	2006年8月 成为新网互联最高级别代理-合作伙伴<br />\r\n	2007年4月 与网宿科技股份有限公司展开合作<br />\r\n	2008年7月 与深圳市润迅移动通信服务有限公司展开合作<br />\r\n	2009年12月 上海腾岩科技信息有限公司成立<br />\r\n	2010年9月 经过多年调试和完善，正式推出网站后台管理系统<br />\r\n	2011年10月 成功代理网易 (NASDAQ: NTES)专业企业邮局<br />\r\n	2011年11月 与慧新信息科技有限公司展开合作<br />\r\n	2011年12月 成为香港联亚国际电讯有限公司最高级别代理-合作伙伴<br />\r\n	2012年10月 成为中国万网（HICHINA）核心代理</p>\r\n', 2, 3);
INSERT INTO `pageset` VALUES (4, 1, '总经理致辞', '公司的核心理念', '', '总经理致辞', '', '', '<p>\r\n	公司以发展、责任为公司的核心理念，以倡导环境和谐幸福，打造最具品质的生活为不懈追求的目标。永恒的品质可以无视时间的痕迹，在品质的历程上一线之隔就可以把成功与失败更替。今天的人们，已经非常了解自我的需求，其价值不在于每天的享用，更在于永久的魅力。我们深知，只有品质才是永恒弥久的信念。<br />\r\n	<br />\r\n	面对激烈的市场竟争环境，始终坚持求新求变，不断发展的经营的基本思想，主动实行前瞻性的战略转变。正是凭借着一大批艰苦创业、敬业开拓、团结奋进创造出一个又一个的佳绩，形成了自己独特的文化理念和经营管理方式。专业历程，打造着中高档品牌的典范，见证了中国信息产业的发展历程，见证并推动了中国信息行业的技术成长之路。<br />\r\n	<br />\r\n	今天，全新的创意与永久的品质使其脱颖而出，成为时代的新偶像。品质先，创新先，共赢先。真诚希望与国内外友人依托信息科技产业, 携手共创世界的幸福明天。公司以发展、责任为公司的核心理念，以倡导环境和谐幸福，打造最具品质的生活为不懈追求的目标。永恒的品质可以无视时间的痕迹，在品质的历程上一线之隔就可以把成功与失败更替。</p>\r\n', 2, 4);
INSERT INTO `pageset` VALUES (5, 1, '合作伙伴', '1 Oct 2012 成为万网核心经销商！', '', '合作伙伴', '', '', '<h2>\r\n	中国万网</h2>\r\n是国内首家通过ISO9001质量管理体系认证的互联网企业，并获得了AAA级（最高级别）信用等级评价，具有国家信息安全应急响应资质。中国万网是世界互联网名称与数字地址分配机构（ICANN）在中国的首批域名注册服务商，重要的合作伙伴。中国万网连续数年蝉联中国互联网络信息中心（CNNIC）五星级注册服务机构美誉。中国万网得到政府和社会的广泛认可，历年来获得表彰奖励达几百项。<br />\r\n<br />\r\n<h2>\r\n	联亚国际电讯有限公司联亚国际电讯有限公司</h2>\r\n（ACT INTERNATIONAL TELECOM LIMITED，以下简称：联亚国际）是一家著名的香港电讯企业。 2006年以来，为海内外客户提供包括语音增值业务、数据专线及互联网服务等各种电信增值业务，客户遍及欧洲、北美、台湾及东南亚等地。 经过多年的成功运营，联亚国际不仅积累了丰富的网络层交换及互联网维护经验，还汇聚了多位国内顶尖的linux/freeBSD/unix经验的系统工程师、微软认证工程师和网络安全技术人才，也包括一批拥有丰富行业经验和较高威望的专业人士。<br />\r\n<br />\r\n<br />\r\n<h2>\r\n	慧新信息科技有限公司</h2>\r\n公司成立于2011年，是一家新兴的集软件研发与销售为一体的高科技企业，专注于互联网开发客户和电子商务领域。我们拥有高效专业的研发团队和客服团队，可以快速的解决客户的问题，并为客户提供专业和精准 的售后服务。 公司致力于领先客户开发领域，并持续贯彻&ldquo;一流效用、相互信赖、优质服务、研发创新&rdquo;的品质政策，与国内数千家外贸公司合作，积极更新高效率客户开发方法并惯切与软件中，使公司的产品在国内市场上更具竞争力。 &ldquo;诚信合作，共创双赢&rdquo;是我们的最终目标。<br />\r\n<br />\r\n<h2>\r\n	北京新网互联科技有限公司</h2>\r\n历经8年坚实发展，北京新网互联科技有限公司致力于为企业提供一流的综合性网络营销服务，不断推出的基于互联网技术的创新应用产品，力求在为客户和合作伙伴创造价值的过程中实现自身价值。<br />\r\n<br />\r\n<p>\r\n	新网互联在北京、上海、广州、深圳、南京、杭州、成都、厦门以及青岛、沈阳、西安、武汉、郑州、重庆等全国主要城市均设有分支机构，此外新网互联在全国有累计超过万家合作伙伴，间接或直接提供的服务已经遍及全国。</p>\r\n<br />\r\n<br />\r\n<h2>\r\n	商务中国</h2>\r\n商务中国创立于2001年。通过业界独创的虚拟渠道管理体系VCP（Virtual Channel Provider），自创立于以来，始终坚持&ldquo;渠道为王&rdquo;的销售模式，通过不断的拓新产品，优化服务，与众多合作伙伴一起携手创造了逾十年辉煌的历史。 商务中国做为逾十年丰富经验的中国领先价值平台服务提供商，立足于通过提供综合的互联网服务，为客户搭建以企业综合效率提升为目的的价值平台。在新的征程中，商务中国高端云计算技术，将致力于更高效、更全面地为用户提供基于互联网、移动网络等的智能化应用服务。<br />\r\n<br />\r\n<h2>\r\n	网易 (NASDAQ: NTES)</h2>\r\n网易 (NASDAQ: NTES)是中国领先的互联网技术公司，邮件业务是网易公司的发展重点及重要基础服务。1997年11月，网易自主研发了国内首个全中文的免费电子邮件系统。时至今天，网易旗下电子邮箱用户总数已突破4亿，免费邮箱和收费邮箱市场占有率均稳居全国第一。 网易企业邮箱，采用业内顶尖技术，由具有丰富经验的专业团队开发运营，致力于为企业用户提供中国最专业的电子邮箱服务。<br />\r\n<br />\r\n<h2>\r\n	网宿科技股份有限公司</h2>\r\n网宿科技股份有限公司，最早成立于2000年1月，是国内领先的互联网业务平台服务提供商，主要向客户提供内容分发与加速、服务器托管、服务器租用等互联网业务平台解决方案，是国内最早开展IDC和CDN业务的厂商之一。2009年10月，网宿科技在深交所上市。 网宿科技在全国拥有北京、上海、广州、深圳等4个营销分公司以及位于厦门的研发中心，员工总数超过500人。目前公司服务的客户近2000家，是市场同类公司中拥有客户数量最多、行业覆盖面最广的公司之一。<br />\r\n<br />\r\n<h2>\r\n	深圳市润迅移动通信服务有限公司</h2>\r\n深圳市润迅移动通信服务有限公司，是润迅集团下属专门从事数据业务的事业部制单位，拥有&quot;IDC+ISP+ICP+SP&quot;等十几项国际、国内运营资质，同时具有雄厚的技术实力及丰富的网络资源，专门从事互联网数据通信业务。 润迅集团在世界各地都建有资源丰富的电信级枢纽机房。国内对外运营的机房有深圳、广州、上海、惠州、香港等几个大型数据中心，并与国内各大电信运营商互联互通，并且发展了多家国际客户，在业界享有盛名，引航行业市场。\r\n<p>\r\n	&nbsp;</p>\r\n', 0, 5);
INSERT INTO `pageset` VALUES (6, 1, '联系我们', '我们将竭诚为您服务！', '', '', '', '', '<h4>\r\n	公司地址</h4>\r\n<div>\r\n	上海市松江区创意科技园2503号101室</div>\r\n<div>\r\n	&nbsp;</div>\r\n<h4>\r\n	销售电话</h4>\r\n<div>\r\n	电话:021-37698888 传真:021-37698888 Email: info@mobi.com biz@mobi.com</div>\r\n<div>\r\n	&nbsp;</div>\r\n<h4>\r\n	付款方式</h4>\r\n<div>\r\n	银行汇款</div>\r\n<div>\r\n	公司名：上海手机模板信息科技有限公司 开户银行：中国邮政储蓄银行上海嘉定区支行</div>\r\n<div>\r\n	银行帐号：1002 9254 5440 0100 01 &nbsp;请在电汇凭证用途栏里注明汇款用途</div>\r\n<div>\r\n	&nbsp;</div>\r\n<div>\r\n	支付宝直接付款</div>\r\n<div>\r\n	支付宝号：pay@mobi.com&nbsp;</div>\r\n<div>\r\n	汇款人简短附言：请注明汇款用途。</div>\r\n<div>\r\n	&nbsp;</div>\r\n<h4>\r\n	索取发票</h4>\r\n<div>\r\n	财务信箱：finance@mobi.com</div>\r\n<div>\r\n	需提供发票抬头、发票项目、发票金额、收件人的地址、邮编、联系电话。</div>\r\n', 2, 6);
INSERT INTO `pageset` VALUES (7, 1, '解决方案', 'IT行业先进的解决方案', '', '', '', '', '<div class="summary" style="margin: 0px 0px 1.5em; padding: 5px 10px; list-style: none; background-color: rgb(247, 247, 247); color: rgb(51, 51, 51); font-family: Helvetica, Tahoma, Arial, sans-serif; font-size: 14px; line-height: 24px; text-align: left; ">\r\n	<strong>摘要：</strong>想为自己设计一款流行的App应用吗？来这就对了，本文将探讨一些技巧教你如何轻松创建iPhone App。关于创新和用户体验，在即将举办的移动开发者大会&bull;中国2012上我们有幸邀请到青蛙设计总监Ryan Rowe，一起来聆听大师带给我们的经验分享，吸取它们的创新理念为你的设计添砖加瓦。</div>\r\n<div class="con news_content" style="margin: 0px 0px 30px; padding: 0px; list-style: none; color: rgb(51, 51, 51); font-family: Helvetica, Tahoma, Arial, sans-serif; font-size: 14px; line-height: 24px; text-align: left; ">\r\n	<p style="margin: 0px 0px 1.5em; padding: 0px; list-style: none; ">\r\n		作为一名果粉，当你在访问App Store时你会发现有许许多多的应用。而这些应用是需要付费的，很多用户很愿意购买安装这些应用，因为这样能够带给他们更多的吸引力。因为没有可用的演示版本，用户只能通过一些现有的截图进行判断。那么这些截图能否帮助我们分析应用程序的可用性呢？你是否有考虑过要开发出一款流行的应用呢？</p>\r\n	<p style="margin: 0px 0px 1.5em; padding: 0px; list-style: none; ">\r\n		如果你正打算设计一款应用，那么你来对地方了。本文我们将探讨一些技巧教你如何创建iPhone App以及在创建应用时应该避免的一些错误认知。</p>\r\n	<p style="margin: 0px 0px 1.5em; padding: 0px; list-style: none; ">\r\n		<strong>一、找到强项</strong></p>\r\n	<p style="margin: 0px 0px 1.5em; padding: 0px; list-style: none; text-align: center; ">\r\n		<img alt="" src="http://articles.csdn.net/uploads/allimg/120919/94_120919103736_1.jpg" style="vertical-align: middle; border: 0px solid; cursor: pointer; " /></p>\r\n	<p style="margin: 0px 0px 1.5em; padding: 0px; list-style: none; ">\r\n		在开发iPhone App框架前，首先找到你的优势，这一点非常重要。也许你喜欢移动游戏应用，但是如果你没有足够的能力去设计这个，那么最好别去碰它。正所谓&ldquo;知之者不如乐之者，乐知者不如好之者&rdquo;。所以，找到你的优势所在，然后着手建立iPhone App。如果你是一名有创意者，那么你应该使你的设计更加赋有价值，比如让游戏爱好者可基于你的应用继续开发。</p>\r\n	<p style="margin: 0px 0px 1.5em; padding: 0px; list-style: none; ">\r\n		<strong>二、设计流程图</strong></p>\r\n	<p style="margin: 0px 0px 1.5em; padding: 0px; list-style: none; text-align: center; ">\r\n		<img alt="" src="http://articles.csdn.net/uploads/allimg/120919/94_120919103821_1.jpg" style="vertical-align: middle; border: 0px solid; cursor: pointer; " /></p>\r\n	<p style="margin: 0px 0px 1.5em; padding: 0px; list-style: none; ">\r\n		如果你想开发出一款很棒的iPhone App，在设计框架前，首先请明确思想。无论你的应用有多么简单，都应该有个流程图以便你的iPhone应用有个简单的指南和架构。</p>\r\n	<p style="margin: 0px 0px 1.5em; padding: 0px; list-style: none; ">\r\n		在设计流程图时还应该确保功能键设计在屏幕的顶部而非底部。如果没有流程图作为参照，那么当你设计时会思想混乱、乱成一团。</p>\r\n	<p style="margin: 0px 0px 1.5em; padding: 0px; list-style: none; ">\r\n		<strong>三、线框的重要性</strong></p>\r\n	<p style="margin: 0px 0px 1.5em; padding: 0px; list-style: none; text-align: center; ">\r\n		<img alt="" src="http://articles.csdn.net/uploads/allimg/120919/94_120919103849_1.png" style="vertical-align: middle; border: 0px solid; cursor: pointer; " /></p>\r\n	<p style="margin: 0px 0px 1.5em; padding: 0px; list-style: none; ">\r\n		贯穿应用程序整个设计最主要的两大元素便是：用户界面和友好的导航应用。当你在做UX 设计时，你需要分析应包含哪些功能。UI是整个应用设计中最具吸引力的部分。可以说这两大元素是重中之中。倘若有一个设计的不好，势必会影响整体设计。因此，在开始之前，应该更专注于线框。而线框恰恰意味着整个重点应该放在体验上而非用户界面。你可以使用插图也可以使用笔、纸进行构思。但有几点需要注意比如导航、视图模式等。</p>\r\n	<p style="margin: 0px 0px 1.5em; padding: 0px; list-style: none; ">\r\n		<strong>四、资金储备</strong></p>\r\n	<p style="margin: 0px 0px 1.5em; padding: 0px; list-style: none; ">\r\n		我们都知道设计一款简单的程序需要花费很多钱，如果你对自己的创意有信心，那么你需要有足够的资金作储备。也许产生一种想法就如同构建一款应用一样简单。前提是你需要有很好的开发者、设计师以及良好的营销策略。</p>\r\n	<p style="margin: 0px 0px 1.5em; padding: 0px; list-style: none; ">\r\n		构建一款应用整个过程前提是需要有好的创意，然而再让开发者、设计师以及QA工程师来执行。除非你有足够的资金储备否则无法启动该项目。因此，制定预算并且寻找风投也很重要。</p>\r\n	<p style="margin: 0px 0px 1.5em; padding: 0px; list-style: none; ">\r\n		<strong>五、Tappable区域的重要性</strong></p>\r\n	<p style="margin: 0px 0px 1.5em; padding: 0px; list-style: none; text-align: center; ">\r\n		<img alt="" src="http://articles.csdn.net/uploads/allimg/120919/94_120919103950_1.jpg" style="vertical-align: middle; border: 0px solid; cursor: pointer; " /></p>\r\n	<p style="margin: 0px 0px 1.5em; padding: 0px; list-style: none; ">\r\n		采用手指大小的tap会使你的应用更加易于使用。请记住人们使用触摸的需求量将会逐渐增多。依照苹果的建议，44&times;44px是最佳适宜范围。</p>\r\n	<p style="margin: 0px 0px 1.5em; padding: 0px; list-style: none; ">\r\n		Tappable区域可以无限制的扩展，但是如果在同一行中有多个按钮，那么你要确保所有按钮中的Tappable区域应该避免重叠；避免给用户造成任何混乱和失落感。</p>\r\n	<p style="margin: 0px 0px 1.5em; padding: 0px; list-style: none; ">\r\n		<strong>六、突出主要操作</strong></p>\r\n	<p style="margin: 0px 0px 1.5em; padding: 0px; list-style: none; text-align: center; ">\r\n		<img alt="" src="http://articles.csdn.net/uploads/allimg/120919/94_120919104037_1.png" style="vertical-align: middle; border: 0px solid; cursor: pointer; " /></p>\r\n	<p style="margin: 0px 0px 1.5em; padding: 0px; list-style: none; ">\r\n		在设计应用程序屏幕上，你需要把重点放在屏幕上。作为一名设计师/思考者/开发者 ，你该知道突出最主要的操作是构建应用程序的一大重点。</p>\r\n	<p style="margin: 0px 0px 1.5em; padding: 0px; list-style: none; ">\r\n		<strong>七、避免使用默认的按钮样式</strong></p>\r\n	<p style="margin: 0px 0px 1.5em; padding: 0px; list-style: none; text-align: center; ">\r\n		<img alt="" src="http://articles.csdn.net/uploads/allimg/120919/94_120919104113_1.jpg" style="vertical-align: middle; border: 0px solid; cursor: pointer; " /></p>\r\n	<p style="margin: 0px 0px 1.5em; padding: 0px; list-style: none; ">\r\n		我很诚恳的告诉你，默认按钮样式没有吸引力，如果你真想使用，那么你会面临着一个非常乏味的UI。</p>\r\n	<p style="margin: 0px 0px 1.5em; padding: 0px; list-style: none; ">\r\n		如果想让你的应用看起来很有吸引力，尝试设计下自定义按钮吧，相信用户会称赞整个布局的。设计一个按钮其实并不难，现在有很多教程供你学习。</p>\r\n	<p style="margin: 0px 0px 1.5em; padding: 0px; list-style: none; ">\r\n		<strong>八、增加额外的视图功能</strong></p>\r\n	<p style="margin: 0px 0px 1.5em; padding: 0px; list-style: none; text-align: center; ">\r\n		<img alt="" src="http://articles.csdn.net/uploads/allimg/120919/94_120919104022_1.png" style="vertical-align: middle; border: 0px solid; cursor: pointer; " /></p>\r\n	<p style="margin: 0px 0px 1.5em; padding: 0px; list-style: none; ">\r\n		如果你的应用有许多共享信息，那么添加额外的视图也是必要步骤。苹果公司就采用了这一特性，这样做的好处就是可以避免混乱。</p>\r\n	<p style="margin: 0px 0px 1.5em; padding: 0px; list-style: none; ">\r\n		<strong>九、应当避免的错误：</strong></p>\r\n	<p style="margin: 0px 0px 1.5em; padding: 0px; list-style: none; ">\r\n		除了以上所提到的这些，下面的几点，我们应当予以重视：</p>\r\n	<ul style="margin: 0px 0px 1em 20px; padding-right: 0px; padding-left: 0px; list-style: none; ">\r\n		<li style="margin: 0px; padding: 0px; list-style: disc; ">\r\n			设计永远不能决定功能；</li>\r\n		<li style="margin: 0px; padding: 0px; list-style: disc; ">\r\n			避免使用低分辨率；</li>\r\n		<li style="margin: 0px; padding: 0px; list-style: disc; ">\r\n			避免使用同样大小的动画图形；</li>\r\n		<li style="margin: 0px; padding: 0px; list-style: disc; ">\r\n			当用户等待应用加载时，避免使用空白屏幕；</li>\r\n		<li style="margin: 0px; padding: 0px; list-style: disc; ">\r\n			必须是原创，不要复制其他平台风格。</li>\r\n	</ul>\r\n</div>\r\n<br />\r\n', 2, 8);
INSERT INTO `pageset` VALUES (8, 1, '我们的客户', '不同行业共同的选择！', '', '', '', '', '', 2, 7);
INSERT INTO `pageset` VALUES (9, 0, 'About Us', 'TENGYAN TECH', '', 'About Us', '', '', '<h3>\r\n	After continuous trials, efforts to correct the error, and our customers in the past few years, the growth gradually.</h3>\r\n\r\n	The company has leading technology and experience to lead the industry pioneer. After continuous trials, efforts to correct the error, and our customers in the past few years, the growth gradually. The Shanghai Tang rock Information Technology Co., Ltd. is a high-tech company focusing on Internet technology services, has made ​​remarkable achievements in many fields since the company was founded, with our international and domestic the many ISP service providers, software developers, and IT service companies strategic alliance partners.<br />\r\n	<br />\r\n	Teng rocks range of technology services including: Internet-based applications, website construction, enterprises and information management systems, database development, B / S software research and development.<br />\r\n	<br />\r\n	Internet technology services range covers all Internet service and technical support, such as domain name registration, business offices, bulk mail, web space, database, server hosting business, website construction, operations consulting, management, maintenance, and so on.<br />\r\n	Teng rocks range of technology services including: Internet-based applications, website construction, enterprises and information management systems, database development, B / S software research and development.<br />\r\n	<br />\r\n	Internet technology range of services covers all Internet service and technical support, such as domain name registration, business offices, mass mailings, web space, database, server rental hosting business, website construction, operations consulting, management, maintenance, and so on.<br />\r\n	<br />\r\n	Teng Rock Technology focuses on the field of information technology services to the Internet, allowing users to enjoy the latest achievements of the development of information technology at the same time continue to get the maximum benefit for the company&acute;s main development path. From others the concept of looking at things, and to know the others heart flexible, and never have to worry about their own future.<br />\r\n	&nbsp;', 2, 1);
INSERT INTO `pageset` VALUES (10, 0, 'Solutions', 'Advanced solutions in IT industry', '', 'Solutions', '', '', '<div style="color: rgb(51, 51, 51); font-family: Helvetica, Tahoma, Arial, sans-serif; font-size: 14px; line-height: 24px; ">\r\n	English summary: design a popular App application for their own? That article will explore some tips to teach you how to easily create the iPhone App. &bull; on innovation and user experience at the upcoming Mobile Developers Conference China 2012 on we are honored to frog design director Ryan Rowe together to listen to the masters to bring our experience to share, learn from their innovative ideas for your design building blocks.</div>\r\n<div style="color: rgb(51, 51, 51); font-family: Helvetica, Tahoma, Arial, sans-serif; font-size: 14px; line-height: 24px; ">\r\n	English as a fruit powder, when you visit the App Store, you will find many applications. These applications is the need to pay a lot of users are willing to purchase and install these applications, because it can bring them more attractive. Because there is no demo version available, the user can only be judged by some existing screenshots. These screenshots could help us to analyze the availability of applications it? You have considered the need to develop a popular application?</div>\r\n<div style="color: rgb(51, 51, 51); font-family: Helvetica, Tahoma, Arial, sans-serif; font-size: 14px; line-height: 24px; ">\r\n	&nbsp;</div>\r\n<div style="color: rgb(51, 51, 51); font-family: Helvetica, Tahoma, Arial, sans-serif; font-size: 14px; line-height: 24px; ">\r\n	If you are going to design an application, then you have come to the right place. In this paper, we will explore some of the skills to teach you how to create iPhone App and create applications should avoid erroneous perception.</div>\r\n<div style="color: rgb(51, 51, 51); font-family: Helvetica, Tahoma, Arial, sans-serif; font-size: 14px; line-height: 24px; ">\r\n	&nbsp;</div>\r\n<div style="color: rgb(51, 51, 51); font-family: Helvetica, Tahoma, Arial, sans-serif; font-size: 14px; line-height: 24px; ">\r\n	First, find strengths</div>\r\n<div style="color: rgb(51, 51, 51); font-family: Helvetica, Tahoma, Arial, sans-serif; font-size: 14px; line-height: 24px; ">\r\n	&nbsp;</div>\r\n<div style="color: rgb(51, 51, 51); font-family: Helvetica, Tahoma, Arial, sans-serif; font-size: 14px; line-height: 24px; ">\r\n	Before the development of the iPhone App Framework, first find your strengths, and this is very important. Maybe you like mobile gaming applications, but if you do not have enough ability to design, best not to touch it. The saying goes, &quot;Those who know not the music, John Allen is not as good and those who. So, find your strengths, and then proceed to build iPhone App. If you are a creative person, then you should make your design more Fu valuable, such as game enthusiasts can continue to develop based on your application.</div>\r\n<div style="color: rgb(51, 51, 51); font-family: Helvetica, Tahoma, Arial, sans-serif; font-size: 14px; line-height: 24px; ">\r\n	&nbsp;</div>\r\n<div style="color: rgb(51, 51, 51); font-family: Helvetica, Tahoma, Arial, sans-serif; font-size: 14px; line-height: 24px; ">\r\n	Second, the design flow chart</div>\r\n<div style="color: rgb(51, 51, 51); font-family: Helvetica, Tahoma, Arial, sans-serif; font-size: 14px; line-height: 24px; ">\r\n	&nbsp;</div>\r\n<div style="color: rgb(51, 51, 51); font-family: Helvetica, Tahoma, Arial, sans-serif; font-size: 14px; line-height: 24px; ">\r\n	If you want to develop a great iPhone App, before the design framework, the first clear thinking. Whether your application is simple, there should be a flow chart for your iPhone applications with simple guidelines and framework.</div>\r\n<div style="color: rgb(51, 51, 51); font-family: Helvetica, Tahoma, Arial, sans-serif; font-size: 14px; line-height: 24px; ">\r\n	&nbsp;</div>\r\n<div style="color: rgb(51, 51, 51); font-family: Helvetica, Tahoma, Arial, sans-serif; font-size: 14px; line-height: 24px; ">\r\n	In the design flow also should be designed to ensure that the function keys at the top rather than the bottom of the screen. If there is no flow chart as a reference when you design ideological confusion and mess.</div>\r\n<div style="color: rgb(51, 51, 51); font-family: Helvetica, Tahoma, Arial, sans-serif; font-size: 14px; line-height: 24px; ">\r\n	&nbsp;</div>\r\n<div style="color: rgb(51, 51, 51); font-family: Helvetica, Tahoma, Arial, sans-serif; font-size: 14px; line-height: 24px; ">\r\n	, Wireframe importance of</div>\r\n<div style="color: rgb(51, 51, 51); font-family: Helvetica, Tahoma, Arial, sans-serif; font-size: 14px; line-height: 24px; ">\r\n	&nbsp;</div>\r\n<div style="color: rgb(51, 51, 51); font-family: Helvetica, Tahoma, Arial, sans-serif; font-size: 14px; line-height: 24px; ">\r\n	Throughout the entire design of the application the two most important elements is: the user interface and friendly navigation application. When you do UX design, you need to analyze what features should be included. UI is the most attractive part of the design of the entire application. It can be said that these two elements are heavy users. If there is a bad design, is bound to affect the overall design. Therefore, before you begin, you should focus more on the wireframe. Wireframe precisely means that the entire focus should be on the experience instead of the user interface. You can use the illustrations can also use a pen, paper conceived. But there are a few points to note such as navigation, view mode.</div>\r\n<div style="color: rgb(51, 51, 51); font-family: Helvetica, Tahoma, Arial, sans-serif; font-size: 14px; line-height: 24px; ">\r\n	&nbsp;</div>\r\n<div style="color: rgb(51, 51, 51); font-family: Helvetica, Tahoma, Arial, sans-serif; font-size: 14px; line-height: 24px; ">\r\n	Fourth, capital reserves</div>\r\n<div style="color: rgb(51, 51, 51); font-family: Helvetica, Tahoma, Arial, sans-serif; font-size: 14px; line-height: 24px; ">\r\n	&nbsp;</div>\r\n<div style="color: rgb(51, 51, 51); font-family: Helvetica, Tahoma, Arial, sans-serif; font-size: 14px; line-height: 24px; ">\r\n	We all know that a simple design procedures need to spend a lot of money, if you have confidence in their own creativity, then you need to have sufficient funds for reserves. Perhaps got the idea that it is as simple as to build an application. The premise is that you need to have good developers, designers, as well as a good marketing strategy.</div>\r\n<div style="color: rgb(51, 51, 51); font-family: Helvetica, Tahoma, Arial, sans-serif; font-size: 14px; line-height: 24px; ">\r\n	&nbsp;</div>\r\n<div style="color: rgb(51, 51, 51); font-family: Helvetica, Tahoma, Arial, sans-serif; font-size: 14px; line-height: 24px; ">\r\n	The entire process of building an application premise is the need to have a good idea, however, let the developers, designers and QA engineers to perform. Unless you have enough capital reserves otherwise unable to start the project. Therefore, develop a budget and looking for venture capital is also very important.</div>\r\n<div style="color: rgb(51, 51, 51); font-family: Helvetica, Tahoma, Arial, sans-serif; font-size: 14px; line-height: 24px; ">\r\n	&nbsp;</div>\r\n<div style="color: rgb(51, 51, 51); font-family: Helvetica, Tahoma, Arial, sans-serif; font-size: 14px; line-height: 24px; ">\r\n	, Tappable the importance of the region</div>\r\n<div style="color: rgb(51, 51, 51); font-family: Helvetica, Tahoma, Arial, sans-serif; font-size: 14px; line-height: 24px; ">\r\n	&nbsp;</div>\r\n<div style="color: rgb(51, 51, 51); font-family: Helvetica, Tahoma, Arial, sans-serif; font-size: 14px; line-height: 24px; ">\r\n	&nbsp;</div>\r\n<div style="color: rgb(51, 51, 51); font-family: Helvetica, Tahoma, Arial, sans-serif; font-size: 14px; line-height: 24px; ">\r\n	&nbsp;</div>\r\n<div style="color: rgb(51, 51, 51); font-family: Helvetica, Tahoma, Arial, sans-serif; font-size: 14px; line-height: 24px; ">\r\n	Tap of the finger size will make your applications easier to use. Keep in mind that people use touch demand will gradually increase. In accordance with Apple&#39;s proposal, 44 &times; 44px is best suitable range.</div>\r\n<div style="color: rgb(51, 51, 51); font-family: Helvetica, Tahoma, Arial, sans-serif; font-size: 14px; line-height: 24px; ">\r\n	&nbsp;</div>\r\n<div style="color: rgb(51, 51, 51); font-family: Helvetica, Tahoma, Arial, sans-serif; font-size: 14px; line-height: 24px; ">\r\n	The Tappable region can expand without limit, but if you have multiple buttons on the same line, then you want to ensure should the all buttons Tappable area to avoid overlapping; avoid any confusion and sense of loss caused to the user.</div>\r\n<div style="color: rgb(51, 51, 51); font-family: Helvetica, Tahoma, Arial, sans-serif; font-size: 14px; line-height: 24px; ">\r\n	&nbsp;</div>\r\n<div style="color: rgb(51, 51, 51); font-family: Helvetica, Tahoma, Arial, sans-serif; font-size: 14px; line-height: 24px; ">\r\n	, Highlighting major operation</div>\r\n<div style="color: rgb(51, 51, 51); font-family: Helvetica, Tahoma, Arial, sans-serif; font-size: 14px; line-height: 24px; ">\r\n	&nbsp;</div>\r\n<div style="color: rgb(51, 51, 51); font-family: Helvetica, Tahoma, Arial, sans-serif; font-size: 14px; line-height: 24px; ">\r\n	In the design of the application on the screen, you need to focus on the screen. As a designer / thinker / developer, you know that highlight the most important action is to build a major focus of the application.</div>\r\n<div style="color: rgb(51, 51, 51); font-family: Helvetica, Tahoma, Arial, sans-serif; font-size: 14px; line-height: 24px; ">\r\n	&nbsp;</div>\r\n<div style="color: rgb(51, 51, 51); font-family: Helvetica, Tahoma, Arial, sans-serif; font-size: 14px; line-height: 24px; ">\r\n	Avoid using the default button style</div>\r\n<div style="color: rgb(51, 51, 51); font-family: Helvetica, Tahoma, Arial, sans-serif; font-size: 14px; line-height: 24px; ">\r\n	&nbsp;</div>\r\n<div style="color: rgb(51, 51, 51); font-family: Helvetica, Tahoma, Arial, sans-serif; font-size: 14px; line-height: 24px; ">\r\n	I am sincerely tell you, the default button style is not attractive, if you really want to use, then you will be faced with a very boring UI.</div>\r\n<div style="color: rgb(51, 51, 51); font-family: Helvetica, Tahoma, Arial, sans-serif; font-size: 14px; line-height: 24px; ">\r\n	&nbsp;</div>\r\n<div style="color: rgb(51, 51, 51); font-family: Helvetica, Tahoma, Arial, sans-serif; font-size: 14px; line-height: 24px; ">\r\n	If you want your application to look very attractive, try to design custom button, I believe that the user would like to praise the entire layout. Design a button is actually not difficult, and there are now a lot of tutorials for you to learn.</div>\r\n<div style="color: rgb(51, 51, 51); font-family: Helvetica, Tahoma, Arial, sans-serif; font-size: 14px; line-height: 24px; ">\r\n	&nbsp;</div>\r\n<div style="color: rgb(51, 51, 51); font-family: Helvetica, Tahoma, Arial, sans-serif; font-size: 14px; line-height: 24px; ">\r\n	Eight add additional view</div>\r\n<div style="color: rgb(51, 51, 51); font-family: Helvetica, Tahoma, Arial, sans-serif; font-size: 14px; line-height: 24px; ">\r\n	&nbsp;</div>\r\n<div style="color: rgb(51, 51, 51); font-family: Helvetica, Tahoma, Arial, sans-serif; font-size: 14px; line-height: 24px; ">\r\n	If your application has a lot of sharing of information, and then add an additional view is also a necessary step. Apple used this feature, and the benefits of doing so is to avoid confusion.</div>\r\n<div style="color: rgb(51, 51, 51); font-family: Helvetica, Tahoma, Arial, sans-serif; font-size: 14px; line-height: 24px; ">\r\n	&nbsp;</div>\r\n<div style="color: rgb(51, 51, 51); font-family: Helvetica, Tahoma, Arial, sans-serif; font-size: 14px; line-height: 24px; ">\r\n	Nine, the error should be avoided:</div>\r\n<div style="color: rgb(51, 51, 51); font-family: Helvetica, Tahoma, Arial, sans-serif; font-size: 14px; line-height: 24px; ">\r\n	&nbsp;</div>\r\n<div style="color: rgb(51, 51, 51); font-family: Helvetica, Tahoma, Arial, sans-serif; font-size: 14px; line-height: 24px; ">\r\n	In addition to those mentioned above, the following points, we should be given to:</div>\r\n<div style="color: rgb(51, 51, 51); font-family: Helvetica, Tahoma, Arial, sans-serif; font-size: 14px; line-height: 24px; ">\r\n	&nbsp;</div>\r\n<div style="color: rgb(51, 51, 51); font-family: Helvetica, Tahoma, Arial, sans-serif; font-size: 14px; line-height: 24px; ">\r\n	The design can never determine the function;</div>\r\n<div style="color: rgb(51, 51, 51); font-family: Helvetica, Tahoma, Arial, sans-serif; font-size: 14px; line-height: 24px; ">\r\n	Avoid the use of low-resolution;</div>\r\n<div style="color: rgb(51, 51, 51); font-family: Helvetica, Tahoma, Arial, sans-serif; font-size: 14px; line-height: 24px; ">\r\n	To avoid using the same size of the animated graphics;</div>\r\n<div style="color: rgb(51, 51, 51); font-family: Helvetica, Tahoma, Arial, sans-serif; font-size: 14px; line-height: 24px; ">\r\n	Avoid the use of a blank screen when users wait for applications to load;</div>\r\n<div style="color: rgb(51, 51, 51); font-family: Helvetica, Tahoma, Arial, sans-serif; font-size: 14px; line-height: 24px; ">\r\n	Must be original, do not copy the style of other platforms.</div>\r\n', 2, 0);
INSERT INTO `pageset` VALUES (11, 0, 'Our customers', 'Common choice !', '', 'Our customers', '', '', '', 2, 0);
INSERT INTO `pageset` VALUES (12, 0, 'Contact Us', 'Happy to serve you!', '', 'Contact Us', '', '', '<div id="trans-result-content" lang="EN-US" xml:lang="EN-US">\r\n	<h3 src="公司地址">\r\n		<span leftzone="2|12" rightzone="0|12" space="1|\r\n">Company address</span></h3>\r\n	<p src="上海市松江区叶榭双高广场2503室">\r\n		<span leftzone="18|9" rightzone="0|9" space="">Shanghai</span><span leftzone="27|9" rightzone="9|9" space="0| "> Songjiang District</span><span leftzone="36|6" rightzone="18|6" space="0| "> Agricultural</span><span leftzone="42|6" rightzone="24|6" space="0| "> double</span><span leftzone="48|6" rightzone="30|6" space="0| "> square</span><span leftzone="54|7" rightzone="36|7" space="0| ,1|\r\n"> 2503 rooms</span></p>\r\n	<h3 src="销售电话">\r\n		<span leftzone="66|12" rightzone="0|12" space="1|\r\n">Sales call</span></h3>\r\n	<p src="电话:021-37691017 传真:021-37691567 Email: info@ty-sh.com biz@ty-sh.com">\r\n		<span leftzone="82|26" rightzone="0|26" space="">Phone: 021-37691017 Fax</span><span leftzone="108|1" rightzone="26|1" space="">:</span><span leftzone="109|12" rightzone="27|12" space="0| "> 021-37691567</span><span leftzone="122|6" rightzone="40|6" space="0| "> Email:</span><span leftzone="129|14" rightzone="47|14" space="0| "> info@ty-sh.com</span><span leftzone="144|13" rightzone="62|13" space="0| ,1|\r\n"> biz@ty-sh.com</span></p>\r\n	<p src="付款方式">\r\n		<span leftzone="162|12" rightzone="0|12" space="1|\r\n">Mode of payment</span></p>\r\n	<h3 src="银行汇款">\r\n		<span leftzone="178|12" rightzone="0|12" space="1|\r\n">Bank remittance</span></h3>\r\n	<p src="公司名：上海腾岩信息科技有限公司 开户银行：中国邮政储蓄银行上海嘉定区支行">\r\n		<span leftzone="192|9" rightzone="0|9" space="">Company name</span><span leftzone="201|3" rightzone="9|3" space="">:</span><span leftzone="204|12" rightzone="12|12" space="0| "> Shanghai Tang Yan</span><span leftzone="216|24" rightzone="24|24" space="0| "> Mdt InfoTech Ltd</span><span leftzone="241|15" rightzone="49|15" space="0| "> Bank:</span><span leftzone="256|6" rightzone="64|6" space="0| "> China</span><span leftzone="262|12" rightzone="70|12" space="0| "> Postal Savings</span><span leftzone="274|12" rightzone="82|12" space="0| "> Bank Shanghai</span><span leftzone="286|9" rightzone="94|9" space="0| "> Jiading District</span><span leftzone="295|6" rightzone="103|6" space="0| ,1|\r\n"> Branch</span></p>\r\n	<p src="银行帐号：1002 9254 5440 0100 01  请在电汇凭证用途栏里注明汇款用途">\r\n		<span leftzone="303|12" rightzone="0|12" space="">Bank account number</span><span leftzone="315|3" rightzone="12|3" space="">:</span><span leftzone="318|22" rightzone="15|22" space="0| "> 100292545440010001</span><span leftzone="342|6" rightzone="39|6" space="0| "> please</span><span leftzone="348|12" rightzone="45|12" space="0| "> TT voucher</span><span leftzone="360|6" rightzone="57|6" space="0| "> use</span><span leftzone="366|6" rightzone="63|6" space="0| "> column</span><span leftzone="372|12" rightzone="69|12" space="0| "> remittance</span><span leftzone="384|6" rightzone="81|6" space="0| ,1|\r\n"> application</span></p>\r\n	<p src="支付宝直接付款">\r\n		<span leftzone="395|9" rightzone="0|9" space="">Pay treasure</span><span leftzone="404|12" rightzone="9|12" space="0| ,1|\r\n"> directly.</span></p>\r\n	<p src="支付宝号：koko@ty-sh.com ">\r\n		<span leftzone="418|6" rightzone="0|6" space="">Pay</span><span leftzone="424|6" rightzone="6|6" space="0| "> Name</span><span leftzone="430|3" rightzone="12|3" space="">:</span><span class="highlight" leftzone="433|14" rightzone="15|14" space="0| ,1|\r\n"> koko@ty-sh.com</span></p>\r\n	<p src="汇款人简短附言：请注明汇款用途。">\r\n		<span leftzone="450|9" rightzone="0|9" space="">The remitter</span><span leftzone="459|6" rightzone="9|6" space="0| "> brief</span><span leftzone="465|6" rightzone="15|6" space="0| "> postscript</span><span leftzone="471|3" rightzone="21|3" space="">:</span><span leftzone="474|9" rightzone="24|9" space="0| "> Please specify the</span><span leftzone="483|12" rightzone="33|12" space="0| "> purpose of remittance</span><span leftzone="495|3" rightzone="45|3" space="1|\r\n">.</span></p>\r\n	<h3 src="索取发票">\r\n		<span leftzone="503|12" rightzone="0|12" space="1|\r\n">Ask for a receipt</span></h3>\r\n	<p src="财务信箱：finance@ty-sh.com">\r\n		<span leftzone="519|6" rightzone="0|6" space="">Financial</span><span leftzone="525|6" rightzone="6|6" space="0| "> mail</span><span leftzone="531|3" rightzone="12|3" space="">:</span><span leftzone="534|17" rightzone="15|17" space="0| ,1|\r\n"> finance@ty-sh.com</span></p>\r\n	<p src="需提供发票抬头、发票项目、发票金额、收件人的地址、邮编、联系电话。">\r\n		<span leftzone="553|9" rightzone="0|9" space="">Must provide the</span><span leftzone="562|12" rightzone="9|12" space="0| "> invoice</span><span leftzone="574|3" rightzone="21|3" space="">,</span><span leftzone="577|6" rightzone="24|6" space="0| "> invoice</span><span leftzone="589|3" rightzone="36|3" space="">,</span><span leftzone="592|12" rightzone="39|12" space="0| "> invoice value</span><span leftzone="583|6" rightzone="30|6" space="0| "> project</span><span leftzone="604|3" rightzone="51|3" space="">,</span><span leftzone="607|18" rightzone="54|18" space="0| "> the recipient&#39;s address</span><span leftzone="625|3" rightzone="72|3" space="">,</span><span leftzone="628|6" rightzone="75|6" space="0| "> zip code</span><span leftzone="634|3" rightzone="81|3" space="">,</span><span leftzone="637|12" rightzone="84|12" space="0| "> telephone</span><span leftzone="649|3" rightzone="96|3" space="1|\r\n">.</span></p>\r\n</div>\r\n<br />', 2, 0);
INSERT INTO `pageset` VALUES (13, 0, 'Partners', '1 Oct 2012 core dealers HICHINA!', '', 'Partners-TYSH', '', '', '<h2>\r\n	HICHINA</h2>\r\n<p>\r\n	Is the first to pass the ISO9001 quality management system certification of Internet companies, and get AAA (the highest level) credit rating with the qualification of the national information security emergency response. China million net names and figures of the World Internet Assigned Numbers Authority (ICANN) first domain name registration service provider in China, it is important partners. China million net reelected for several consecutive years China Internet Network Information Center (CNNIC), the five-star registration services reputation. China million net widely recognized by government and society, recognition awards over the years won hundreds of items.</p>\r\n<h2>\r\n	ACT INTERNATIONAL TELECOM LIMITED</h2>\r\n<div>\r\n	&nbsp;</div>\r\n<div>\r\n	(Hereinafter referred to as: Tristate international) is a leading telecommunications companies in Hong Kong. Since 2006 for customers at home and abroad to provide a variety of value-added telecom services, including voice value-added services, dedicated data lines and Internet services to customers throughout Europe, North America, Taiwan and Southeast Asia. After years of successful operation, the United Asia International has not only accumulated a rich network layer switching and Internet maintenance experience also brought together a number of the top linux / freeBSD / unix experienced systems engineers, Microsoft Certified engineers and network security and technical personnel, also including a group of professionals with extensive industry experience and a higher prestige.</div>\r\n<div>\r\n	&nbsp;</div>\r\n<div>\r\n	&nbsp;</div>\r\n<h2>\r\n	The Huixin Information Technology Co., Ltd.</h2>\r\n<div>\r\n	&nbsp;</div>\r\n<div>\r\n	The company was founded in 2011, is a new set of software development and sales as one of the high-tech enterprise, specializing in internet development customers and e-commerce. We have efficient and professional R &amp; D team and customer service team can quickly resolve customer problems, and provide customers with professional and precise service. The company is committed to leading the field of customer development, and continue to implement the &quot;first-class utility, mutual trust, quality service, the quality of the research and innovation policy, cooperation with domestic thousands of foreign trade companies, actively update customers to develop highly efficient method and the usual cut and software , the company&#39;s products more competitive in the domestic market. &quot;Sincere cooperation, create a win-win situation&quot; is our ultimate goal.</div>\r\n<div>\r\n	&nbsp;</div>\r\n<h2>\r\n	Beijing Innovative Linkage Technology Co., Ltd.</h2>\r\n<div>\r\n	&nbsp;</div>\r\n<div>\r\n	After eight years of solid development, Beijing Innovative Linkage Technology Co., Ltd. is committed to providing enterprise-class integrated online marketing services, has introduced the innovative application of products based on Internet technology, and strive to achieve in the process of creating value for customers and partners. their own values.</div>\r\n<div>\r\n	&nbsp;</div>\r\n<div>\r\n	Innovative Linkage with offices in Beijing, Shanghai, Guangzhou, Shenzhen, Nanjing, Hangzhou, Chengdu, Xiamen and Qingdao, Shenyang, Xi&#39;an, Wuhan, Zhengzhou, Chongqing and other major cities, in addition to Xinwanghulian in the country has accumulated more than 10,000 partners, indirectly or directly provide services throughout the country.</div>\r\n<div>\r\n	&nbsp;</div>\r\n<h2>\r\n	Business China</h2>\r\n<div>\r\n	&nbsp;</div>\r\n<div>\r\n	Business China was founded in 2001. Own stand since the industry&#39;s original virtual channel management system VCP (Virtual Channel Provider), and always adhere to the &quot;channel is king&quot; sales model, through the extension of new products, continued optimization services, and many partners work together to create more than decade glorious history. The Business China as a rich experience of over ten years of China&#39;s leading value platform service providers, based on the by providing a comprehensive Internet service for customers to build the value of the platform for the purpose of integrated enterprise efficiency. New journey, the the Business Chinese high-end cloud computing technology, will work more efficiently, and to provide users with a more comprehensive intelligent application of Internet-based mobile network services.</div>\r\n<div>\r\n	&nbsp;</div>\r\n<h2>\r\n	NetEase (NASDAQ: NTES)</h2>\r\n<div>\r\n	&nbsp;</div>\r\n<div>\r\n	NetEase (NASDAQ: NTES) is China&#39;s leading Internet technology company, the mail business NetEase&#39;s development priorities and basic services. In November 1997, Netease, independent research and development of the first Chinese free e-mail system. Until today, the total number of NetEase email users has exceeded 400 million, and free e-mail and toll-mail market share ranked the first place. Netease Mail, using industry-leading technology, developed and operated by a highly experienced professional team is committed to providing enterprise users with the most professional e-mail service.</div>\r\n<div>\r\n	&nbsp;</div>\r\n<h2>\r\n	ChinaNetCenter Co., Ltd.</h2>\r\n<div>\r\n	&nbsp;</div>\r\n<div>\r\n	Network places Technology Co., Ltd., was founded in January 2000, is a leading Internet service provider business platform to provide customers with content distribution and acceleration, server hosting, server rental and Internet business platform solutions, is the first to carry out the business of the IDC and CDN vendors. In October 2009 ChinaNetCenter listed in the Shenzhen Stock Exchange. The country has ChinaNetCenter Beijing, Shanghai, Guangzhou, Shenzhen, and 4 the marketing branch as well as R &amp; D center in Xiamen, employs more than 500 people. The company services customers in recent 2000, customers have the largest number of similar companies in the market, the industry most extensive coverage of one of the companies.</div>\r\n<div>\r\n	&nbsp;</div>\r\n<h2>\r\n	Motion Mobile Communications Services Limited, Shenzhen</h2>\r\n<div>\r\n	&nbsp;</div>\r\n<div>\r\n	Shenzhen China Motion Mobile Communications Services Limited, a the CM Group subsidiary specializing in data services division system units, with &quot;IDC + ISP + ICP + SP&quot; more than a dozen international and domestic operations, qualification, and has a strong technical strength and wealth of network resources, specializing in Internet data communication services. CM Group around the world are resource-rich telecommunications hub in the engine room. The engine room of the domestic foreign operations of several large data centers in Shenzhen, Guangzhou, Shanghai, Huizhou, Hong Kong, and interoperable with major domestic telecom operators interconnect, and the development of a number of international customers, reputation in the industry, pilotage industry market.</div>\r\n', 2, 0);
INSERT INTO `pageset` VALUES (14, 0, 'Manager Speech', 'The core of the company', '', 'Manager Speech-TYSH', '', '', '<p>\r\n	Development responsibility for the company&acute;s core philosophy, to advocating harmonious and happy environment, to create the most quality of life for the relentless pursuit of the goal. The eternal quality can ignore the traces of time, in the quality of the course, a fine line between success and failure can be the replacement. People today have been very understanding of the needs of the self, and its value is to enjoy every day, but also because the permanent charm. We know that the quality is the eternal indemnity and long-belief.<br />\r\n	<br />\r\n	Always adhere to the newness and change the face of fierce market competition environment, the basic idea of the evolving business initiative to implement a forward-looking strategic change. It is by virtue of the large number of hard work, dedication to open up, and forge ahead in unity to create success one after another, formed its own unique cultural ideas and management methods. Professional course, to build a model of high-end brands, witnessed the course of development of China&acute;s information industry to witness and promote the growth of China&acute;s information industry.<br />\r\n	<br />\r\n	Today, new ideas, and a permanent quality make it stand out, to become the new idol of the era. Quality first, innovation first, win-win first. Sincerely hope that relying on the information technology industry, with domestic and foreign friends to join hands in creating a world of happiness tomorrow. Development responsibility for the company&acute;s core philosophy, to advocating harmonious and happy environment, to create the most quality of life for the relentless pursuit of the goal. The eternal quality can ignore the traces of time, in the quality of the course, a fine line between success and failure can be the replacement.</p>\r\n', 2, 0);
INSERT INTO `pageset` VALUES (15, 0, 'History', 'February 2005 established team', '', 'History-TYSH', '', '', '<p>\r\n	Established in February 2005 the team<br />\r\n	March 2006 to become the business agent of China&#39;s highest level - partner agency<br />\r\n	Xinwanghulian highest level agent in August 2006 - partner<br />\r\n	Cooperation<br />\r\n	with ChinaNetCenter Co., Ltd. in April 2007 July 2008, the mobile communication service and Shenzhen China Motion Limited cooperation<br />\r\n	Shanghai Tang Yan Co., Ltd. was established in December 2009<br />\r\n	September 2010, after years of debugging and improved the formal launch of the website background management system<br />\r\n	October 2011 successfully represented NetEase (NASDAQ: NTES) professional enterprise post office<br />\r\n	The<br />\r\n	cooperation with Huixin Information Technology Co., Ltd. in November 2011 December 2011, Hong Kong Telecom International Limited Tristate highest level proxy - partners<br />\r\n	October 2012 to become China million net (HICHINA) core agency</p>\r\n', 2, 0);
INSERT INTO `pageset` VALUES (16, 0, 'Corporate Culture', 'Specialized services', '', 'Corporate Culture-TYSH', '', '', 'Self-confidence, self-discipline, self-reliance, self-improvement customers: specialized products and services to provide customers with high quality and maximum value, in good faith and strength to win customers understanding, respect and support.<br />\r\n<br />\r\nStaff: trust the efforts and dedication of the staff, to recognize the achievements of the staff and provide the appropriate return for employees to create a good working environment and development prospects.<br />\r\n<br />\r\nMarket: customers reduce procurement costs and risks, and provide practical guarantee for customer investment.<br />\r\n<br />\r\nDevelopment: the pursuit of the goal of sustainable development, and to establish it on the basis of customer satisfaction.<br />\r\n<br />\r\nEnterprise spirit: self-confidence, self-discipline, self-reliance, self-improvement customers: specialized products and services to provide customers with high quality and maximum value, in good faith and strength to win the customer&acute;s understanding, respect and support.', 2, 0);

-- --------------------------------------------------------

-- 
-- 表的结构 `pagesetpic`
-- 

CREATE TABLE `pagesetpic` (
  `id_pagesetpic` int(11) NOT NULL auto_increment,
  `id_pageset` int(11) NOT NULL,
  `id_hr` int(11) NOT NULL,
  `title` varchar(250) NOT NULL,
  `intro` text NOT NULL,
  `url` varchar(250) NOT NULL,
  `opicname` varchar(250) NOT NULL,
  `spicname` varchar(250) NOT NULL,
  `dele` int(1) NOT NULL default '1',
  `type` varchar(3) NOT NULL,
  `indate` datetime NOT NULL,
  `modate` datetime NOT NULL,
  `deldate` datetime NOT NULL,
  `browsecount` int(11) NOT NULL,
  PRIMARY KEY  (`id_pagesetpic`)
) ENGINE=MyISAM  DEFAULT CHARSET=utf8 AUTO_INCREMENT=46 ;

-- 
-- 导出表中的数据 `pagesetpic`
-- 

INSERT INTO `pagesetpic` VALUES (36, 8, 1, '', '', '', '1351221641.jpg', '', 1, 'JPG', '2012-10-26 11:20:41', '0000-00-00 00:00:00', '0000-00-00 00:00:00', 0);
INSERT INTO `pagesetpic` VALUES (37, 2, 1, '', '', '', '1351221669.png', '', 1, 'PNG', '2012-10-26 11:21:09', '0000-00-00 00:00:00', '0000-00-00 00:00:00', 0);
INSERT INTO `pagesetpic` VALUES (30, 1, 1, '', '', '/about/about.php?pageid=1', '1351219588.jpg', '', 1, 'JPG', '2012-10-26 10:46:28', '0000-00-00 00:00:00', '0000-00-00 00:00:00', 0);
INSERT INTO `pagesetpic` VALUES (31, 1, 1, '', '', '/about/about.php?pageid=2', '1351219672.png', '', 1, 'PNG', '2012-10-26 10:47:52', '0000-00-00 00:00:00', '0000-00-00 00:00:00', 0);
INSERT INTO `pagesetpic` VALUES (32, 1, 1, '', '', '/about/about.php?pageid=3', '1351219680.jpg', '', 1, 'JPG', '2012-10-26 10:48:00', '0000-00-00 00:00:00', '0000-00-00 00:00:00', 0);
INSERT INTO `pagesetpic` VALUES (33, 7, 1, '', '', '', '1351219997.png', '', 1, 'PNG', '2012-10-26 10:53:17', '0000-00-00 00:00:00', '0000-00-00 00:00:00', 0);
INSERT INTO `pagesetpic` VALUES (34, 7, 1, '', '', '', '1351220004.jpg', '', 1, 'JPG', '2012-10-26 10:53:24', '0000-00-00 00:00:00', '0000-00-00 00:00:00', 0);
INSERT INTO `pagesetpic` VALUES (35, 7, 1, '', '', '', '1351220009.jpg', '', 1, 'JPG', '2012-10-26 10:53:29', '0000-00-00 00:00:00', '0000-00-00 00:00:00', 0);
INSERT INTO `pagesetpic` VALUES (38, 10, 1, '', '', '', '1352861117.png', '', 1, 'PNG', '2012-11-14 10:45:17', '0000-00-00 00:00:00', '0000-00-00 00:00:00', 0);
INSERT INTO `pagesetpic` VALUES (39, 10, 1, '', '', '', '1352861126.jpg', '', 1, 'JPG', '2012-11-14 10:45:26', '0000-00-00 00:00:00', '0000-00-00 00:00:00', 0);
INSERT INTO `pagesetpic` VALUES (40, 10, 1, '', '', '', '1352861136.jpg', '', 1, 'JPG', '2012-11-14 10:45:36', '0000-00-00 00:00:00', '0000-00-00 00:00:00', 0);
INSERT INTO `pagesetpic` VALUES (41, 11, 1, '', '', '', '1352861411.jpg', '', 1, 'JPG', '2012-11-14 10:50:11', '0000-00-00 00:00:00', '0000-00-00 00:00:00', 0);
INSERT INTO `pagesetpic` VALUES (42, 13, 1, '', '', '', '1355825289.png', '', 1, 'PNG', '2012-12-18 18:08:09', '0000-00-00 00:00:00', '0000-00-00 00:00:00', 0);
INSERT INTO `pagesetpic` VALUES (43, 13, 1, '', '', '', '1355825297.png', '', 1, 'PNG', '2012-12-18 18:08:17', '0000-00-00 00:00:00', '0000-00-00 00:00:00', 0);
INSERT INTO `pagesetpic` VALUES (44, 9, 1, '', '', '', '1355825379.jpg', '', 1, 'JPG', '2012-12-18 18:09:39', '0000-00-00 00:00:00', '0000-00-00 00:00:00', 0);
INSERT INTO `pagesetpic` VALUES (45, 9, 1, '', '', '', '1355825387.png', '', 1, 'PNG', '2012-12-18 18:09:47', '0000-00-00 00:00:00', '0000-00-00 00:00:00', 0);

-- --------------------------------------------------------

-- 
-- 表的结构 `pavy1`
-- 

CREATE TABLE `pavy1` (
  `id_pavy1` int(11) NOT NULL auto_increment,
  `id_hr` int(11) NOT NULL,
  `lang` int(1) NOT NULL default '1',
  `product_visit` int(1) NOT NULL default '0',
  `store_visit` int(1) NOT NULL default '0',
  `news_visit` int(1) NOT NULL default '0',
  `hr_visit` int(1) NOT NULL default '0',
  `pavy_visit` int(1) NOT NULL default '0',
  `data_visit` int(1) NOT NULL default '0',
  `siteset_visit` int(1) NOT NULL default '0',
  `level` int(1) NOT NULL default '0',
  `indate` datetime NOT NULL,
  `modate` datetime NOT NULL,
  `deldate` datetime NOT NULL,
  PRIMARY KEY  (`id_pavy1`)
) ENGINE=MyISAM  DEFAULT CHARSET=utf8 AUTO_INCREMENT=30 ;

-- 
-- 导出表中的数据 `pavy1`
-- 

INSERT INTO `pavy1` VALUES (28, 1, 1, 1, 0, 1, 1, 1, 0, 1, 0, '2011-01-29 18:08:13', '0000-00-00 00:00:00', '0000-00-00 00:00:00');

-- --------------------------------------------------------

-- 
-- 表的结构 `pavy2`
-- 

CREATE TABLE `pavy2` (
  `id_pvay2` int(11) NOT NULL auto_increment,
  `id_hr` int(11) NOT NULL,
  `id_backmenu` int(11) NOT NULL,
  `lang` int(1) NOT NULL default '1',
  `browseprem` int(1) NOT NULL default '0',
  `addprem` int(1) NOT NULL default '0',
  `editprem` int(1) NOT NULL default '0',
  `deleprem` int(1) NOT NULL default '0',
  `display` int(1) NOT NULL default '1',
  `level` int(1) NOT NULL default '0',
  `state` int(1) NOT NULL default '1',
  `indate` datetime NOT NULL,
  `modate` datetime NOT NULL,
  `deldate` datetime NOT NULL,
  PRIMARY KEY  (`id_pvay2`)
) ENGINE=MyISAM  DEFAULT CHARSET=utf8 AUTO_INCREMENT=265 ;

-- 
-- 导出表中的数据 `pavy2`
-- 

INSERT INTO `pavy2` VALUES (246, 1, 46, 1, 1, 1, 1, 1, 1, 0, 1, '2011-01-29 18:08:13', '0000-00-00 00:00:00', '0000-00-00 00:00:00');
INSERT INTO `pavy2` VALUES (245, 1, 41, 1, 1, 1, 1, 1, 1, 0, 1, '2011-01-29 18:08:13', '0000-00-00 00:00:00', '0000-00-00 00:00:00');
INSERT INTO `pavy2` VALUES (244, 1, 39, 1, 1, 1, 1, 1, 1, 0, 1, '2011-01-29 18:08:13', '0000-00-00 00:00:00', '0000-00-00 00:00:00');
INSERT INTO `pavy2` VALUES (243, 1, 22, 1, 1, 1, 1, 1, 1, 0, 1, '2011-01-29 18:08:13', '0000-00-00 00:00:00', '0000-00-00 00:00:00');
INSERT INTO `pavy2` VALUES (242, 1, 21, 1, 1, 1, 1, 1, 1, 0, 1, '2011-01-29 18:08:13', '0000-00-00 00:00:00', '0000-00-00 00:00:00');
INSERT INTO `pavy2` VALUES (241, 1, 20, 1, 0, 0, 0, 0, 1, 0, 1, '2011-01-29 18:08:13', '0000-00-00 00:00:00', '0000-00-00 00:00:00');
INSERT INTO `pavy2` VALUES (240, 1, 19, 1, 0, 0, 0, 0, 1, 0, 1, '2011-01-29 18:08:13', '0000-00-00 00:00:00', '0000-00-00 00:00:00');
INSERT INTO `pavy2` VALUES (239, 1, 18, 1, 0, 0, 0, 0, 0, 0, 1, '2011-01-29 18:08:13', '0000-00-00 00:00:00', '0000-00-00 00:00:00');
INSERT INTO `pavy2` VALUES (238, 1, 17, 1, 1, 1, 1, 1, 1, 0, 1, '2011-01-29 18:08:13', '0000-00-00 00:00:00', '0000-00-00 00:00:00');
INSERT INTO `pavy2` VALUES (237, 1, 16, 1, 1, 1, 1, 1, 1, 0, 1, '2011-01-29 18:08:13', '0000-00-00 00:00:00', '0000-00-00 00:00:00');
INSERT INTO `pavy2` VALUES (236, 1, 15, 1, 1, 1, 1, 1, 1, 0, 1, '2011-01-29 18:08:13', '0000-00-00 00:00:00', '0000-00-00 00:00:00');
INSERT INTO `pavy2` VALUES (235, 1, 47, 1, 1, 1, 1, 1, 1, 0, 1, '2011-01-29 18:08:13', '0000-00-00 00:00:00', '0000-00-00 00:00:00');
INSERT INTO `pavy2` VALUES (234, 1, 8, 1, 1, 1, 1, 1, 1, 0, 1, '2011-01-29 18:08:13', '0000-00-00 00:00:00', '0000-00-00 00:00:00');
INSERT INTO `pavy2` VALUES (233, 1, 9, 1, 1, 1, 1, 1, 1, 0, 1, '2011-01-29 18:08:13', '0000-00-00 00:00:00', '0000-00-00 00:00:00');
INSERT INTO `pavy2` VALUES (263, 1, 49, 1, 0, 0, 0, 0, 0, 0, 1, '2012-02-26 20:27:41', '0000-00-00 00:00:00', '0000-00-00 00:00:00');
INSERT INTO `pavy2` VALUES (247, 1, 48, 1, 1, 1, 1, 1, 1, 0, 1, '2011-03-09 16:42:50', '0000-00-00 00:00:00', '0000-00-00 00:00:00');
INSERT INTO `pavy2` VALUES (264, 1, 50, 1, 0, 0, 0, 0, 1, 0, 1, '2012-06-15 10:47:05', '0000-00-00 00:00:00', '0000-00-00 00:00:00');

-- --------------------------------------------------------

-- 
-- 表的结构 `post`
-- 

CREATE TABLE `post` (
  `id_post` int(11) NOT NULL auto_increment,
  `post` varchar(25) NOT NULL,
  `lang` int(1) NOT NULL default '1',
  PRIMARY KEY  (`id_post`)
) ENGINE=MyISAM  DEFAULT CHARSET=utf8 AUTO_INCREMENT=10 ;

-- 
-- 导出表中的数据 `post`
-- 

INSERT INTO `post` VALUES (1, '普通员工', 1);
INSERT INTO `post` VALUES (2, '物料收发员', 1);
INSERT INTO `post` VALUES (3, 'IQC', 1);
INSERT INTO `post` VALUES (4, '仓库主管', 1);
INSERT INTO `post` VALUES (5, '采购主管', 1);
INSERT INTO `post` VALUES (6, '销售主管', 1);
INSERT INTO `post` VALUES (7, '副总经理', 1);
INSERT INTO `post` VALUES (8, '总经理', 1);
INSERT INTO `post` VALUES (9, '网站管理员', 1);

-- --------------------------------------------------------

-- 
-- 表的结构 `productdir`
-- 

CREATE TABLE `productdir` (
  `id_proddir` int(11) NOT NULL auto_increment,
  `lang` int(1) NOT NULL,
  `name` varchar(50) NOT NULL default '1',
  `intro` text NOT NULL,
  `dele` int(1) NOT NULL default '1',
  `dirurl` varchar(50) NOT NULL,
  `fatherid` int(11) NOT NULL,
  `level` int(1) NOT NULL,
  `ordernum` int(11) NOT NULL,
  PRIMARY KEY  (`id_proddir`)
) ENGINE=MyISAM  DEFAULT CHARSET=utf8 AUTO_INCREMENT=41 ;

-- 
-- 导出表中的数据 `productdir`
-- 

INSERT INTO `productdir` VALUES (1, 1, '品牌服装', '', 1, '', 0, 1, 2);
INSERT INTO `productdir` VALUES (2, 1, '精品男装', '', 1, '', 1, 2, 2);
INSERT INTO `productdir` VALUES (14, 1, '户外运动', '', 1, '', 11, 2, 14);
INSERT INTO `productdir` VALUES (3, 1, '精致女装', '', 1, '', 1, 2, 3);
INSERT INTO `productdir` VALUES (13, 1, '趣味长裤', '', 1, '', 11, 2, 13);
INSERT INTO `productdir` VALUES (4, 1, '品牌童装', '', 1, '', 1, 2, 4);
INSERT INTO `productdir` VALUES (12, 1, '宝宝上衣', '', 1, '', 11, 2, 12);
INSERT INTO `productdir` VALUES (5, 1, '外贸出口', '', 1, '', 1, 2, 5);
INSERT INTO `productdir` VALUES (11, 1, '冬款童装', '', 1, '', 0, 1, 11);
INSERT INTO `productdir` VALUES (6, 0, 'Outdoor sports', '', 1, '', 0, 1, 44);
INSERT INTO `productdir` VALUES (7, 0, 'Sportswear', '', 1, '', 6, 2, 7);
INSERT INTO `productdir` VALUES (8, 0, 'Sports shoes', '', 1, '', 6, 2, 8);
INSERT INTO `productdir` VALUES (9, 0, 'Email', '', 0, '', 6, 2, 9);
INSERT INTO `productdir` VALUES (10, 0, 'Hosting', '', 0, '', 6, 2, 10);
INSERT INTO `productdir` VALUES (15, 1, '秋冬女装', '', 1, '', 0, 1, 15);
INSERT INTO `productdir` VALUES (16, 1, '羽绒服', '', 1, '', 15, 2, 16);
INSERT INTO `productdir` VALUES (17, 1, '呢大衣', '', 1, '', 15, 2, 17);
INSERT INTO `productdir` VALUES (18, 1, '棉衣棉服', '', 1, '', 15, 2, 18);
INSERT INTO `productdir` VALUES (19, 1, '秋冬男装', '', 1, '', 0, 1, 19);
INSERT INTO `productdir` VALUES (20, 1, '时尚男装', '', 1, '', 19, 2, 20);
INSERT INTO `productdir` VALUES (21, 1, '商务正装', '', 1, '', 19, 2, 21);
INSERT INTO `productdir` VALUES (22, 1, '户外运动', '', 1, '', 0, 1, 22);
INSERT INTO `productdir` VALUES (23, 1, '运动服', '', 1, '', 22, 2, 23);
INSERT INTO `productdir` VALUES (24, 1, '运动鞋', '', 1, '', 22, 2, 24);
INSERT INTO `productdir` VALUES (25, 0, 'Winter Men', '', 1, '', 0, 1, 43);
INSERT INTO `productdir` VALUES (26, 0, 'Fashion', '', 1, '', 25, 2, 26);
INSERT INTO `productdir` VALUES (34, 0, 'Fun trousers', '', 1, '', 32, 2, 34);
INSERT INTO `productdir` VALUES (27, 0, 'Business suits', '', 1, '', 25, 2, 27);
INSERT INTO `productdir` VALUES (28, 0, 'Winter Women', '', 1, '', 0, 1, 42);
INSERT INTO `productdir` VALUES (29, 0, 'Down', '', 1, '', 28, 2, 29);
INSERT INTO `productdir` VALUES (30, 0, 'Wool coat', '', 1, '', 28, 2, 30);
INSERT INTO `productdir` VALUES (31, 0, 'Cotton padded', '', 1, '', 28, 2, 31);
INSERT INTO `productdir` VALUES (32, 0, 'Children', '', 1, '', 0, 1, 41);
INSERT INTO `productdir` VALUES (33, 0, 'Baby T-shirt', '', 1, '', 32, 2, 33);
INSERT INTO `productdir` VALUES (35, 0, 'Outdoor sports', '', 1, '', 32, 2, 35);
INSERT INTO `productdir` VALUES (36, 0, 'Brand clothing', '', 1, '', 0, 1, 36);
INSERT INTO `productdir` VALUES (37, 0, 'Men''s boutique', '', 1, '', 36, 2, 37);
INSERT INTO `productdir` VALUES (38, 0, 'Exquisite ladies', '', 1, '', 36, 2, 38);
INSERT INTO `productdir` VALUES (39, 0, 'Brand children''s clothing', '', 1, '', 36, 2, 39);
INSERT INTO `productdir` VALUES (40, 0, 'Exports', '', 1, '', 36, 2, 40);

-- --------------------------------------------------------

-- 
-- 表的结构 `productinfo`
-- 

CREATE TABLE `productinfo` (
  `id_prodinfo` int(11) NOT NULL auto_increment,
  `id_proddir` int(11) NOT NULL,
  `id_hr` int(11) NOT NULL,
  `lang` int(1) NOT NULL default '1',
  `title` varchar(250) NOT NULL,
  `intro` text NOT NULL,
  `content` longtext NOT NULL,
  `tag` text NOT NULL,
  `dele` int(1) NOT NULL default '1',
  `isnew` int(1) NOT NULL default '1',
  `indate` datetime NOT NULL,
  `modate` datetime NOT NULL,
  `deldate` datetime NOT NULL,
  `browsecount` int(11) NOT NULL,
  `ordernum` int(11) NOT NULL,
  PRIMARY KEY  (`id_prodinfo`)
) ENGINE=MyISAM  DEFAULT CHARSET=utf8 AUTO_INCREMENT=47 ;

-- 
-- 导出表中的数据 `productinfo`
-- 

INSERT INTO `productinfo` VALUES (1, 3, 0, 1, '2012秋冬新款促销高领打底衫', '毛衣套头百搭修身T恤雪纺衫女装', '<p >\r\n	<img align="absMiddle" data-ks-lazyloaded="true" src="http://img04.taobaocdn.com/imgextra/i4/497244433/T2xGh9XotbXXXXXXXX_!!497244433.jpg" style="border: 0px; vertical-align: top; float: none; margin: 0px; padding: 0px; " /><img align="absMiddle" data-ks-lazyloaded="true" src="http://img04.taobaocdn.com/imgextra/i4/497244433/T2kbuhXoFbXXXXXXXX_!!497244433.jpg" style="border: 0px; vertical-align: top; float: none; margin: 0px; padding: 0px; " /><img align="absMiddle" data-ks-lazyloaded="true" src="http://img03.taobaocdn.com/imgextra/i3/497244433/T2oDaAXkhbXXXXXXXX_!!497244433.jpg" style="border: 0px; vertical-align: top; float: none; margin: 0px; padding: 0px; " /><img align="absMiddle" data-ks-lazyloaded="true" src="http://img02.taobaocdn.com/imgextra/i2/497244433/T2KZSHXX4bXXXXXXXX_!!497244433.jpg" style="border: 0px; vertical-align: top; float: none; margin: 0px; padding: 0px; " /><img align="absMiddle" data-ks-lazyloaded="true" src="http://img04.taobaocdn.com/imgextra/i4/497244433/T2lSVwXXpOXXXXXXXX_!!497244433.jpg" style="border: 0px; vertical-align: top; float: none; margin: 0px; padding: 0px; " /><img align="absMiddle" data-ks-lazyloaded="true" src="http://img02.taobaocdn.com/imgextra/i2/497244433/T2PEWoXXdcXXXXXXXX_!!497244433.jpg" style="border: 0px; vertical-align: top; float: none; margin: 0px; padding: 0px; " /><img align="absMiddle" data-ks-lazyloaded="true" src="http://img03.taobaocdn.com/imgextra/i3/497244433/T2ecGAXglbXXXXXXXX_!!497244433.jpg" style="border: 0px; vertical-align: top; float: none; margin: 0px; padding: 0px; " /><img align="absMiddle" data-ks-lazyloaded="true" src="http://img01.taobaocdn.com/imgextra/i1/497244433/T2whKfXmVbXXXXXXXX_!!497244433.jpg" style="border: 0px; vertical-align: top; float: none; margin: 0px; padding: 0px; " /><img align="absMiddle" data-ks-lazyloaded="true" src="http://img01.taobaocdn.com/imgextra/i1/497244433/T27kuKXbdXXXXXXXXX_!!497244433.jpg" style="border: 0px; vertical-align: top; float: none; margin: 0px; padding: 0px; " /><img align="absMiddle" data-ks-lazyloaded="true" src="http://img04.taobaocdn.com/imgextra/i4/497244433/T2EyuGXX4bXXXXXXXX_!!497244433.jpg" style="border: 0px; vertical-align: top; float: none; margin: 0px; padding: 0px; " /><img align="absMiddle" data-ks-lazyloaded="true" src="http://img03.taobaocdn.com/imgextra/i3/497244433/T2apKjXdNbXXXXXXXX_!!497244433.jpg" style="border: 0px; vertical-align: top; float: none; margin: 0px; padding: 0px; " /><img align="absMiddle" data-ks-lazyloaded="true" src="http://img01.taobaocdn.com/imgextra/i1/497244433/T2uyWDXfxbXXXXXXXX_!!497244433.jpg" style="border: 0px; vertical-align: top; float: none; margin: 0px; padding: 0px; " /><img align="absMiddle" data-ks-lazyloaded="true" src="http://img02.taobaocdn.com/imgextra/i2/497244433/T2JQamXXVcXXXXXXXX_!!497244433.jpg" style="border: 0px; vertical-align: top; float: none; margin: 0px; padding: 0px; " /><img align="absMiddle" data-ks-lazyloaded="true" src="http://img03.taobaocdn.com/imgextra/i3/497244433/T2mZ9tXb4bXXXXXXXX_!!497244433.jpg" style="border: 0px; vertical-align: top; float: none; margin: 0px; padding: 0px; " /><img align="absMiddle" data-ks-lazyloaded="true" src="http://img03.taobaocdn.com/imgextra/i3/497244433/T20ApFXlhNXXXXXXXX_!!497244433.jpg" style="border: 0px; vertical-align: top; float: none; margin: 0px; padding: 0px; " /><img align="absMiddle" data-ks-lazyloaded="true" src="http://img02.taobaocdn.com/imgextra/i2/497244433/T2OEpEXedNXXXXXXXX_!!497244433.jpg" style="border: 0px; vertical-align: top; float: none; margin: 0px; padding: 0px; " /><img align="absMiddle" data-ks-lazyloaded="true" src="http://img01.taobaocdn.com/imgextra/i1/497244433/T2XOeEXbdbXXXXXXXX_!!497244433.jpg" style="border: 0px; vertical-align: top; float: none; margin: 0px; padding: 0px; " /><img align="absMiddle" data-ks-lazyloaded="true" src="http://img03.taobaocdn.com/imgextra/i3/497244433/T2oN1nXiVbXXXXXXXX_!!497244433.jpg" style="border: 0px; vertical-align: top; float: none; margin: 0px; padding: 0px; " /><img align="absMiddle" data-ks-lazyloaded="true" src="http://img04.taobaocdn.com/imgextra/i4/497244433/T2.hXFXfBNXXXXXXXX_!!497244433.jpg" style="border: 0px; vertical-align: top; float: none; margin: 0px; padding: 0px; " /><img align="absMiddle" data-ks-lazyloaded="true" src="http://img01.taobaocdn.com/imgextra/i1/497244433/T2B.uJXkNaXXXXXXXX_!!497244433.jpg" style="border: 0px; vertical-align: top; float: none; margin: 0px; padding: 0px; " /></p>\r\n\r\n<br />', '', 1, 1, '2012-10-31 10:40:47', '2012-10-31 13:26:02', '0000-00-00 00:00:00', 0, 1);
INSERT INTO `productinfo` VALUES (2, 3, 0, 1, '衣香丽影2012秋冬装新款甜美', '牛角扣毛呢大衣风衣外套', '<p>\r\n	<img data-ks-lazyloaded="true" src="http://img04.taobaocdn.com/imgextra/i4/452325706/T2Vh1QXjRXXXXXXXXX_!!452325706.jpg" /><img data-ks-lazyloaded="true" src="http://img01.taobaocdn.com/imgextra/i1/452325706/T2oUSNXhRaXXXXXXXX_!!452325706.jpg" /><img data-ks-lazyloaded="true" src="http://img01.taobaocdn.com/imgextra/i1/452325706/T2NpGRXXhXXXXXXXXX_!!452325706.jpg" /><img data-ks-lazyloaded="true" src="http://img01.taobaocdn.com/imgextra/i1/452325706/T2lgmaXd4cXXXXXXXX_!!452325706.jpg" /><img data-ks-lazyloaded="true" src="http://img01.taobaocdn.com/imgextra/i1/452325706/T2NpGRXXhXXXXXXXXX_!!452325706.jpg" /><img data-ks-lazyloaded="true" src="http://img01.taobaocdn.com/imgextra/i1/452325706/T2jgeQXbXaXXXXXXXX_!!452325706.jpg" /><img data-ks-lazyloaded="true" src="http://img01.taobaocdn.com/imgextra/i1/452325706/T2NpGRXXhXXXXXXXXX_!!452325706.jpg" /><img data-ks-lazyloaded="true" src="http://img04.taobaocdn.com/imgextra/i4/452325706/T27IaQXX0aXXXXXXXX_!!452325706.jpg" /><img data-ks-lazyloaded="true" src="http://img01.taobaocdn.com/imgextra/i1/452325706/T2NpGRXXhXXXXXXXXX_!!452325706.jpg" /><img data-ks-lazyloaded="true" src="http://img04.taobaocdn.com/imgextra/i4/452325706/T2nR9aXnJbXXXXXXXX_!!452325706.jpg" /><img data-ks-lazyloaded="true" src="http://img04.taobaocdn.com/imgextra/i4/452325706/T2TDKPXelaXXXXXXXX_!!452325706.jpg" /><img data-ks-lazyloaded="true" src="http://img03.taobaocdn.com/imgextra/i3/452325706/T2uHmMXoxaXXXXXXXX_!!452325706.jpg" /><img data-ks-lazyloaded="true" src="http://img03.taobaocdn.com/imgextra/i3/452325706/T2hC5QXdpXXXXXXXXX_!!452325706.jpg" /><img data-ks-lazyloaded="true" src="http://img01.taobaocdn.com/imgextra/i1/452325706/T2NpGRXXhXXXXXXXXX_!!452325706.jpg" /><img data-ks-lazyloaded="true" src="http://img02.taobaocdn.com/imgextra/i2/452325706/T2dMeQXm0XXXXXXXXX_!!452325706.jpg" /></p>\r\n', '', 1, 1, '2012-10-31 13:33:52', '2012-10-31 13:36:13', '0000-00-00 00:00:00', 0, 2);
INSERT INTO `productinfo` VALUES (3, 2, 0, 1, '七匹狼 长袖T恤 男士 翻领纯色', ' 秋装新款 纯棉多彩 正品男装 1350', '<p>\r\n	<img src="http://img03.taobaocdn.com/imgextra/i3/387906558/T2154fXalOXXXXXXXX_!!387906558.jpg" /> <img src="http://img03.taobaocdn.com/imgextra/i3/387906558/T25uaPXcJXXXXXXXXX_!!387906558.jpg" /> <img src="http://img01.taobaocdn.com/imgextra/i1/387906558/T2wg5aXXXcXXXXXXXX_!!387906558.jpg" /> <img src="http://img03.taobaocdn.com/imgextra/i3/387906558/T2lqaxXnNbXXXXXXXX_!!387906558.jpg" /> <img src="http://img02.taobaocdn.com/imgextra/i2/387906558/T2Y5CMXlhaXXXXXXXX_!!387906558.jpg" /> <img src="http://img01.taobaocdn.com/imgextra/i1/387906558/T2e11DXkBbXXXXXXXX_!!387906558.jpg" /> <img src="http://img04.taobaocdn.com/imgextra/i4/387906558/T2qGCPXcJXXXXXXXXX_!!387906558.jpg" /> <img src="http://img03.taobaocdn.com/imgextra/i3/387906558/T2QKWOXgBaXXXXXXXX_!!387906558.jpg" /> <img src="http://img03.taobaocdn.com/imgextra/i3/387906558/T2nj9OXaBaXXXXXXXX_!!387906558.jpg" /> <img src="http://img02.taobaocdn.com/imgextra/i2/387906558/T2K_uLXcpaXXXXXXXX_!!387906558.jpg" /><img src="http://img04.taobaocdn.com/imgextra/i4/387906558/T2lyqOXedaXXXXXXXX_!!387906558.jpg" /></p>\r\n', '', 1, 1, '2012-10-31 13:42:22', '2012-11-01 17:09:50', '0000-00-00 00:00:00', 0, 3);
INSERT INTO `productinfo` VALUES (4, 4, 0, 1, 'Disney童装 2012冬装新款 ', 'Disney/迪士尼正品童装 2012冬装新款 ', '<p>\r\n	<img alt="" data-ks-lazyloaded="true" src="http://img01.taobaocdn.com/imgextra/i1/743599357/T2N35OXcRbXXXXXXXX_!!743599357.jpg" /><img alt="" data-ks-lazyloaded="true" src="http://img02.taobaocdn.com/imgextra/i2/743599357/T2nHFGXkVNXXXXXXXX_!!743599357.jpg" /><img alt="" data-ks-lazyloaded="true" src="http://img03.taobaocdn.com/imgextra/i3/743599357/T2MCaAXiRbXXXXXXXX_!!743599357.jpg" /><img alt="" data-ks-lazyloaded="true" src="http://img04.taobaocdn.com/imgextra/i4/743599357/T2CemTXj4aXXXXXXXX_!!743599357.jpg" /><img alt="" data-ks-lazyloaded="true" src="http://img04.taobaocdn.com/imgextra/i4/743599357/T2JdWWXldaXXXXXXXX_!!743599357.jpg" /><img alt="" data-ks-lazyloaded="true" src="http://img01.taobaocdn.com/imgextra/i1/743599357/T2DMiWXhlaXXXXXXXX_!!743599357.jpg" /><img alt="" data-ks-lazyloaded="true" src="http://img02.taobaocdn.com/imgextra/i2/743599357/T28aV0XhpdXXXXXXXX_!!743599357.jpg" /><img alt="" data-ks-lazyloaded="true" src="http://img02.taobaocdn.com/imgextra/i2/743599357/T2aGKAXghbXXXXXXXX_!!743599357.jpg" /><img alt="" data-ks-lazyloaded="true" src="http://img03.taobaocdn.com/imgextra/i3/743599357/T20tmkXdJcXXXXXXXX_!!743599357.jpg" /><img alt="" data-ks-lazyloaded="true" src="http://img04.taobaocdn.com/imgextra/i4/743599357/T2noORXmxaXXXXXXXX_!!743599357.jpg" /></p>\r\n', '', 1, 1, '2012-11-01 17:00:05', '2012-11-03 16:54:02', '0000-00-00 00:00:00', 0, 4);
INSERT INTO `productinfo` VALUES (5, 4, 0, 1, 'Disney男童秋装2012新款连帽套装', 'Disney/迪士尼儿童装 男童秋装2012新款连帽套装', '<p>\r\n	<img alt="" data-ks-lazyloaded="true" src="http://img02.taobaocdn.com/imgextra/i2/743599357/T2bG5UXd0XXXXXXXXX_!!743599357.jpg" /></p>\r\n<p>\r\n	<img alt="" data-ks-lazyloaded="true" src="http://img04.taobaocdn.com/imgextra/i4/743599357/T2WAqTXbhaXXXXXXXX_!!743599357.jpg" /></p>\r\n<p>\r\n	<img alt="" data-ks-lazyloaded="true" src="http://img01.taobaocdn.com/imgextra/i1/743599357/T2JwCRXmhXXXXXXXXX_!!743599357.jpg" /></p>\r\n<p>\r\n	&nbsp;</p>\r\n<p>\r\n	<img alt="" data-ks-lazyloaded="true" src="http://img03.taobaocdn.com/imgextra/i3/743599357/T2prOUXbBXXXXXXXXX_!!743599357.jpg" /></p>\r\n', '', 1, 1, '2012-11-01 17:05:20', '2012-11-03 16:52:33', '0000-00-00 00:00:00', 0, 5);
INSERT INTO `productinfo` VALUES (6, 4, 0, 1, 'Disney 女童甜美高雅集褶连衣裙', 'Disney/迪士尼童装 2012秋装新款 女童甜美高雅集褶连衣裙', '<p>\r\n	<img alt="" data-ks-lazyloaded="true" src="http://img03.taobaocdn.com/imgextra/i3/743599357/T2zVybXfBcXXXXXXXX_!!743599357.jpg" /><img alt="" data-ks-lazyloaded="true" src="http://img04.taobaocdn.com/imgextra/i4/743599357/T23HiLXkJXXXXXXXXX_!!743599357.jpg" /><img alt="" data-ks-lazyloaded="true" src="http://img03.taobaocdn.com/imgextra/i3/743599357/T2nGOLXnJaXXXXXXXX_!!743599357.jpg" /><img alt="" data-ks-lazyloaded="true" src="http://img01.taobaocdn.com/imgextra/i1/743599357/T2TJGKXoXaXXXXXXXX_!!743599357.jpg" /><img alt="" data-ks-lazyloaded="true" src="http://img01.taobaocdn.com/imgextra/i1/743599357/T2eQ5HXghbXXXXXXXX_!!743599357.jpg" /><img alt="" data-ks-lazyloaded="true" src="http://img04.taobaocdn.com/imgextra/i4/743599357/T2dSKsXodbXXXXXXXX_!!743599357.jpg" /><img alt="" data-ks-lazyloaded="true" src="http://img02.taobaocdn.com/imgextra/i2/743599357/T2YzqLXXxXXXXXXXXX_!!743599357.jpg" /></p>\r\n', '', 1, 1, '2012-11-03 13:34:40', '2012-11-03 16:52:17', '0000-00-00 00:00:00', 0, 6);
INSERT INTO `productinfo` VALUES (8, 5, 0, 1, '2012新款秋冬新品季气质女装', '新款秋冬新品季气质女装韩版修身', '<p>\r\n	<img alt="" data-ks-lazyloaded="true" src="http://img04.taobaocdn.com/imgextra/i4/748402712/T24iymXmRbXXXXXXXX_!!748402712.jpg" /></p>\r\n<p>\r\n	<img alt="" data-ks-lazyloaded="true" src="http://img04.taobaocdn.com/imgextra/i4/748402712/T20T1oXcXbXXXXXXXX_!!748402712.jpg" /></p>\r\n<p>\r\n	<img alt="" data-ks-lazyloaded="true" src="http://img02.taobaocdn.com/imgextra/i2/748402712/T27leYXgVaXXXXXXXX_!!748402712.jpg" /></p>\r\n<p>\r\n	<img alt="" data-ks-lazyloaded="true" src="http://img03.taobaocdn.com/imgextra/i3/748402712/T2eWOqXlpbXXXXXXXX_!!748402712.jpg" /></p>\r\n<p>\r\n	<img alt="" data-ks-lazyloaded="true" src="http://img04.taobaocdn.com/imgextra/i4/748402712/T2_G9MXl8aXXXXXXXX_!!748402712.jpg" /></p>\r\n', '', 1, 1, '2012-11-03 14:20:05', '2012-11-03 16:51:23', '0000-00-00 00:00:00', 0, 8);
INSERT INTO `productinfo` VALUES (7, 4, 0, 1, 'Disney男童2012新品米奇皮衣', 'Disney/迪士尼童装 2012秋款童装 男童2012新品米奇皮衣', '<p>\r\n	<img align="absmiddle" alt="" data-ks-lazyloaded="true" src="http://img01.taobaocdn.com/imgextra/i1/743599357/T2rhKYXgdaXXXXXXXX_!!743599357.jpg" /><img align="absmiddle" alt="" data-ks-lazyloaded="true" src="http://img01.taobaocdn.com/imgextra/i1/743599357/T2mzCFXglbXXXXXXXX_!!743599357.jpg" /><img align="absmiddle" alt="" data-ks-lazyloaded="true" src="http://img02.taobaocdn.com/imgextra/i2/743599357/T2XgllXk0NXXXXXXXX_!!743599357.jpg" /><img align="absmiddle" alt="" data-ks-lazyloaded="true" src="http://img04.taobaocdn.com/imgextra/i4/743599357/T2RHiJXcxbXXXXXXXX_!!743599357.jpg" /><img align="absmiddle" alt="" data-ks-lazyloaded="true" src="http://img01.taobaocdn.com/imgextra/i1/743599357/T25mtKXgXcXXXXXXXX_!!743599357.jpg" /><img align="absmiddle" alt="" data-ks-lazyloaded="true" src="http://img03.taobaocdn.com/imgextra/i3/743599357/T29yqpXnRbXXXXXXXX_!!743599357.jpg" /></p>\r\n', '', 1, 1, '2012-11-03 13:42:39', '2012-11-03 16:51:53', '0000-00-00 00:00:00', 0, 7);
INSERT INTO `productinfo` VALUES (9, 5, 0, 1, '2012秋装新款毛呢外套女装 ', '秋装新款毛呢外套女装 订珠蝴蝶结', '<p>\r\n	<img alt="" data-ks-lazyloaded="true" src="http://img04.taobaocdn.com/imgextra/i4/529741872/T2TNX.XhVcXXXXXXXX_!!529741872.jpg" /></p>\r\n<p>\r\n	<map name="813Map"></map><map name="732Map"></map><map name="112Map"></map><img align="absMiddle" alt="" data-ks-lazyloaded="true" src="http://img03.taobaocdn.com/imgextra/i3/529741872/T2R75zXfFbXXXXXXXX_!!529741872.jpg" /></p>\r\n', '', 1, 1, '2012-11-03 14:44:34', '2012-11-03 16:50:21', '0000-00-00 00:00:00', 0, 9);
INSERT INTO `productinfo` VALUES (10, 2, 0, 1, '潮爆风衣 男英伦修身', '男英伦修身卡其色中长款男式风衣', '<p>\r\n	<img alt="" data-ks-lazyloaded="true" src="http://img03.taobaocdn.com/imgextra/i3/889770012/T29f1FXgBbXXXXXXXX_!!889770012.jpg" /></p>\r\n<p>\r\n	&nbsp;</p>\r\n<p>\r\n	&nbsp;</p>\r\n<p>\r\n	<img alt="" data-ks-lazyloaded="true" src="http://img04.taobaocdn.com/imgextra/i4/889770012/T2Cw0kXXlOXXXXXXXX_!!889770012.jpg" /></p>\r\n<p>\r\n	<img alt="" data-ks-lazyloaded="true" src="http://img01.taobaocdn.com/imgextra/i1/889770012/T2W7lHXhXNXXXXXXXX_!!889770012.jpg" /></p>\r\n<p>\r\n	<img alt="" data-ks-lazyloaded="true" src="http://img04.taobaocdn.com/imgextra/i4/889770012/T2_kSYXhlaXXXXXXXX_!!889770012.jpg" /></p>\r\n<p>\r\n	&nbsp;</p>\r\n<p>\r\n	&nbsp;</p>\r\n<p>\r\n	&nbsp;</p>\r\n<p>\r\n	<img alt="" data-ks-lazyloaded="true" src="http://img01.taobaocdn.com/imgextra/i1/889770012/T2t1KYXbdXXXXXXXXX_!!889770012.jpg" /></p>\r\n<p>\r\n	<img alt="" data-ks-lazyloaded="true" src="http://img01.taobaocdn.com/imgextra/i1/889770012/T2gxX9XhBcXXXXXXXX_!!889770012.jpg" /></p>\r\n<p>\r\n	&nbsp;</p>\r\n', '', 1, 1, '2012-11-03 15:20:57', '2012-11-03 16:49:35', '0000-00-00 00:00:00', 0, 10);
INSERT INTO `productinfo` VALUES (11, 23, 0, 1, 'PUMA Fundamentals 羽绒外套', '彪马901007 男 正品 连帽 羽绒服', '<p>\r\n	<img alt="" data-ks-lazyloaded="true" src="http://img03.taobaocdn.com/imgextra/i3/734584252/T2S_0OXiVaXXXXXXXX_!!734584252.jpg" /><img alt="" data-ks-lazyloaded="true" src="http://img02.taobaocdn.com/imgextra/i2/734584252/T2_ieWXdNaXXXXXXXX_!!734584252.jpg" /><img alt="" data-ks-lazyloaded="true" src="http://img01.taobaocdn.com/imgextra/i1/734584252/T29n0OXidaXXXXXXXX_!!734584252.jpg" /><img alt="" data-ks-lazyloaded="true" src="http://img04.taobaocdn.com/imgextra/i4/734584252/T21uaYXmhXXXXXXXXX_!!734584252.jpg" /><img alt="" data-ks-lazyloaded="true" src="http://img02.taobaocdn.com/imgextra/i2/734584252/T2HWmYXihaXXXXXXXX_!!734584252.jpg" /><img alt="" data-ks-lazyloaded="true" src="http://img01.taobaocdn.com/imgextra/i1/734584252/T2Xr5YXo4XXXXXXXXX_!!734584252.jpg" /><img alt="" data-ks-lazyloaded="true" src="http://img04.taobaocdn.com/imgextra/i4/734584252/T2oI1CXiXbXXXXXXXX_!!734584252.jpg" /></p>\r\n', '', 1, 1, '2012-11-03 16:24:41', '2012-11-03 16:50:58', '0000-00-00 00:00:00', 0, 11);
INSERT INTO `productinfo` VALUES (12, 23, 0, 1, 'PUMA 开衫运动针织男外套', '2012年 正品 彪马/PUMA 开衫运动针织外套 820449 男', '<p>\r\n	<img alt="" data-ks-lazyloaded="true" src="http://img03.taobaocdn.com/imgextra/i3/734584252/T2S_0OXiVaXXXXXXXX_!!734584252.jpg" /><img alt="" data-ks-lazyloaded="true" src="http://img02.taobaocdn.com/imgextra/i2/734584252/T2cw8XXhVOXXXXXXXX_!!734584252.jpg" /><img alt="" data-ks-lazyloaded="true" src="http://img01.taobaocdn.com/imgextra/i1/734584252/T29n0OXidaXXXXXXXX_!!734584252.jpg" /><img alt="" data-ks-lazyloaded="true" src="http://img02.taobaocdn.com/imgextra/i2/734584252/T2eTNkXbBOXXXXXXXX_!!734584252.jpg" /><img alt="" data-ks-lazyloaded="true" src="http://img03.taobaocdn.com/imgextra/i3/734584252/T2hXGNXo4aXXXXXXXX_!!734584252.jpg" /><img alt="" data-ks-lazyloaded="true" src="http://img01.taobaocdn.com/imgextra/i1/734584252/T2hdaRXaXaXXXXXXXX_!!734584252.jpg" /><img alt="" data-ks-lazyloaded="true" src="http://img03.taobaocdn.com/imgextra/i3/734584252/T20n0OXiFaXXXXXXXX_!!734584252.jpg" /><img alt="" data-ks-lazyloaded="true" src="http://img01.taobaocdn.com/imgextra/i1/734584252/T2c9OQXg8aXXXXXXXX_!!734584252.jpg" /></p>\r\n', '', 1, 1, '2012-11-03 16:46:20', '2012-11-03 17:07:54', '0000-00-00 00:00:00', 0, 12);
INSERT INTO `productinfo` VALUES (13, 23, 0, 1, 'PUMA Running 梭织外套', '彪马/PUMA Running 梭织外套 509348 男', '<p>\r\n	<img alt="" data-ks-lazyloaded="true" src="http://img03.taobaocdn.com/imgextra/i3/734584252/T2S_0OXiVaXXXXXXXX_!!734584252.jpg" /><img alt="" data-ks-lazyloaded="true" src="http://img04.taobaocdn.com/imgextra/i4/734584252/T21JuFXgJbXXXXXXXX_!!734584252.jpg" /><img alt="" data-ks-lazyloaded="true" src="http://img01.taobaocdn.com/imgextra/i1/734584252/T29n0OXidaXXXXXXXX_!!734584252.jpg" /><img alt="" data-ks-lazyloaded="true" src="http://img04.taobaocdn.com/imgextra/i4/734584252/T2LW4pXoBNXXXXXXXX_!!734584252.jpg" /><img alt="" data-ks-lazyloaded="true" src="http://img03.taobaocdn.com/imgextra/i3/734584252/T20n0OXiFaXXXXXXXX_!!734584252.jpg" /><img alt="" data-ks-lazyloaded="true" src="http://img04.taobaocdn.com/imgextra/i4/734584252/T2tPexXhtbXXXXXXXX_!!734584252.jpg" /></p>\r\n', '', 1, 1, '2012-11-03 18:22:40', '2012-11-03 18:26:13', '0000-00-00 00:00:00', 0, 13);
INSERT INTO `productinfo` VALUES (14, 23, 0, 1, 'PUMA 法拉利 梭织立领外套', '2012年 正品 彪马/PUMA 法拉利 梭织立领 外套 761097 男', '<p>\r\n	<img alt="" data-ks-lazyloaded="true" src="http://img03.taobaocdn.com/imgextra/i3/734584252/T2S_0OXiVaXXXXXXXX_!!734584252.jpg" /><img alt="" data-ks-lazyloaded="true" src="http://img03.taobaocdn.com/imgextra/i3/734584252/T2mtiZXhhXXXXXXXXX_!!734584252.jpg" /><img alt="" data-ks-lazyloaded="true" src="http://img01.taobaocdn.com/imgextra/i1/734584252/T29n0OXidaXXXXXXXX_!!734584252.jpg" /><img alt="" data-ks-lazyloaded="true" src="http://img02.taobaocdn.com/imgextra/i2/734584252/T2jSyYXXtaXXXXXXXX_!!734584252.jpg" /><img alt="" data-ks-lazyloaded="true" src="http://img03.taobaocdn.com/imgextra/i3/734584252/T20n0OXiFaXXXXXXXX_!!734584252.jpg" /><img alt="" data-ks-lazyloaded="true" src="http://img04.taobaocdn.com/imgextra/i4/734584252/T2ZbWYXlJaXXXXXXXX_!!734584252.jpg" /></p>\r\n', '', 1, 1, '2012-11-03 18:27:10', '2012-11-03 18:29:48', '0000-00-00 00:00:00', 0, 14);
INSERT INTO `productinfo` VALUES (15, 23, 0, 1, 'PUMA Lifestyle 开衫连帽 针织外套', '2012年 正品 彪马/PUMA Lifestyle 开衫连帽 针织外套 559630 男', '<p>\r\n	<img alt="" data-ks-lazyloaded="true" src="http://img03.taobaocdn.com/imgextra/i3/734584252/T2S_0OXiVaXXXXXXXX_!!734584252.jpg" /><img alt="" data-ks-lazyloaded="true" src="http://img02.taobaocdn.com/imgextra/i2/734584252/T2985TXe4aXXXXXXXX_!!734584252.jpg" /><img alt="" data-ks-lazyloaded="true" src="http://img01.taobaocdn.com/imgextra/i1/734584252/T29n0OXidaXXXXXXXX_!!734584252.jpg" /><img alt="" data-ks-lazyloaded="true" src="http://img01.taobaocdn.com/imgextra/i1/734584252/T2vThmXhROXXXXXXXX_!!734584252.jpg" /><img alt="" data-ks-lazyloaded="true" src="http://img02.taobaocdn.com/imgextra/i2/734584252/T2o_0rXXVOXXXXXXXX_!!734584252.jpg" /><img alt="" data-ks-lazyloaded="true" src="http://img03.taobaocdn.com/imgextra/i3/734584252/T20n0OXiFaXXXXXXXX_!!734584252.jpg" /><img alt="" data-ks-lazyloaded="true" src="http://img02.taobaocdn.com/imgextra/i2/734584252/T2hOSPXklXXXXXXXXX_!!734584252.jpg" /></p>\r\n', '', 1, 1, '2012-11-03 18:30:40', '2012-11-03 18:43:39', '0000-00-00 00:00:00', 0, 15);
INSERT INTO `productinfo` VALUES (16, 24, 0, 1, '彪马 2012春新款低帮男士运动鞋', 'PUMA/彪马 2012春新款低帮男士运动鞋 休闲鞋 304004', '<p>\r\n	<img alt="" data-ks-lazyloaded="true" src="http://img03.taobaocdn.com/imgextra/i3/734584252/T2S_0OXiVaXXXXXXXX_!!734584252.jpg" /><img alt="" data-ks-lazyloaded="true" src="http://img04.taobaocdn.com/imgextra/i4/734584252/T2pfXkXl0NXXXXXXXX_!!734584252.jpg" /><img alt="" data-ks-lazyloaded="true" src="http://img01.taobaocdn.com/imgextra/i1/734584252/T29n0OXidaXXXXXXXX_!!734584252.jpg" /><img align="absMiddle" alt="" data-ks-lazyloaded="true" src="http://img04.taobaocdn.com/imgextra/i4/734584252/T2wCd5XidbXXXXXXXX_!!734584252.jpg" /><img align="absMiddle" alt="" data-ks-lazyloaded="true" src="http://img02.taobaocdn.com/imgextra/i2/734584252/T2BTitXdxXXXXXXXXX_!!734584252.jpg" /><img align="absMiddle" alt="" data-ks-lazyloaded="true" src="http://img04.taobaocdn.com/imgextra/i4/734584252/T2ynmtXclXXXXXXXXX_!!734584252.jpg" /><img align="absMiddle" alt="" data-ks-lazyloaded="true" src="http://img04.taobaocdn.com/imgextra/i4/734584252/T2cpWhXi8aXXXXXXXX_!!734584252.jpg" /><img align="absMiddle" alt="" data-ks-lazyloaded="true" src="http://img04.taobaocdn.com/imgextra/i4/734584252/T2zXWhXitaXXXXXXXX_!!734584252.jpg" /><img alt="" data-ks-lazyloaded="true" src="http://img03.taobaocdn.com/imgextra/i3/734584252/T20n0OXiFaXXXXXXXX_!!734584252.jpg" /><img align="absMiddle" alt="" data-ks-lazyloaded="true" src="http://img02.taobaocdn.com/imgextra/i2/734584252/T2UVWhXh4aXXXXXXXX_!!734584252.jpg" /></p>\r\n', '', 1, 1, '2012-11-03 18:55:15', '2012-11-03 18:57:47', '0000-00-00 00:00:00', 0, 16);
INSERT INTO `productinfo` VALUES (17, 24, 0, 1, '彪马 Motorsport情侣款低帮男女跑鞋', 'PUMA/彪马 Motorsport情侣款低帮男女跑鞋 板鞋 304052', '<p>\r\n	<img alt="" data-ks-lazyloaded="true" src="http://img03.taobaocdn.com/imgextra/i3/734584252/T2S_0OXiVaXXXXXXXX_!!734584252.jpg" /><img align="absMiddle" alt="" data-ks-lazyloaded="true" src="http://img02.taobaocdn.com/imgextra/i2/734584252/T2gKNuXh8MXXXXXXXX_!!734584252.jpg" /><img alt="" data-ks-lazyloaded="true" src="http://img01.taobaocdn.com/imgextra/i1/734584252/T29n0OXidaXXXXXXXX_!!734584252.jpg" /><img align="absMiddle" alt="" data-ks-lazyloaded="true" src="http://img04.taobaocdn.com/imgextra/i4/734584252/T2wCd5XidbXXXXXXXX_!!734584252.jpg" /><img align="absMiddle" alt="" data-ks-lazyloaded="true" src="http://img03.taobaocdn.com/imgextra/i3/734584252/T2.gChXaRaXXXXXXXX_!!734584252.jpg" /><img align="absMiddle" alt="" data-ks-lazyloaded="true" src="http://img04.taobaocdn.com/imgextra/i4/734584252/T2UGKhXk4XXXXXXXXX_!!734584252.jpg" /><img align="absMiddle" alt="" data-ks-lazyloaded="true" src="http://img02.taobaocdn.com/imgextra/i2/734584252/T2SwChXbXaXXXXXXXX_!!734584252.jpg" /><img align="absMiddle" alt="" data-ks-lazyloaded="true" src="http://img02.taobaocdn.com/imgextra/i2/734584252/T2NaOhXjRXXXXXXXXX_!!734584252.jpg" /><img alt="" data-ks-lazyloaded="true" src="http://img03.taobaocdn.com/imgextra/i3/734584252/T20n0OXiFaXXXXXXXX_!!734584252.jpg" /><img align="absMiddle" alt="" data-ks-lazyloaded="true" src="http://img04.taobaocdn.com/imgextra/i4/734584252/T28GOhXjtXXXXXXXXX_!!734584252.jpg" /></p>\r\n', '', 1, 1, '2012-11-03 18:58:27', '2012-11-03 19:00:58', '0000-00-00 00:00:00', 0, 17);
INSERT INTO `productinfo` VALUES (18, 24, 0, 1, 'PUMA Lifestyle 魔术 简约低帮鞋', '彪马/PUMA Lifestyle 魔术贴 简约低帮鞋 男 352667', '<p>\r\n	<img alt="" data-ks-lazyloaded="true" src="http://img03.taobaocdn.com/imgextra/i3/734584252/T2S_0OXiVaXXXXXXXX_!!734584252.jpg" /><img alt="" data-ks-lazyloaded="true" src="http://img01.taobaocdn.com/imgextra/i1/734584252/T2xWp2XdNcXXXXXXXX_!!734584252.jpg" /><img alt="" data-ks-lazyloaded="true" src="http://img01.taobaocdn.com/imgextra/i1/734584252/T29n0OXidaXXXXXXXX_!!734584252.jpg" /><img alt="" data-ks-lazyloaded="true" src="http://img04.taobaocdn.com/imgextra/i4/734584252/T2wCd5XidbXXXXXXXX_!!734584252.jpg" /><img alt="" data-ks-lazyloaded="true" src="http://img03.taobaocdn.com/imgextra/i3/734584252/T2ED8QXk0cXXXXXXXX_!!734584252.jpg" /><img alt="" data-ks-lazyloaded="true" src="http://img01.taobaocdn.com/imgextra/i1/734584252/T2WyVQXXVeXXXXXXXX_!!734584252.jpg" /><img alt="" data-ks-lazyloaded="true" src="http://img03.taobaocdn.com/imgextra/i3/734584252/T2pKBsXlNMXXXXXXXX_!!734584252.jpg" /><img alt="" data-ks-lazyloaded="true" src="http://img02.taobaocdn.com/imgextra/i2/734584252/T2szJQXoRcXXXXXXXX_!!734584252.jpg" /><img alt="" data-ks-lazyloaded="true" src="http://img03.taobaocdn.com/imgextra/i3/734584252/T20n0OXiFaXXXXXXXX_!!734584252.jpg" /><img alt="" data-ks-lazyloaded="true" src="http://img01.taobaocdn.com/imgextra/i1/734584252/T2YTJQXkFcXXXXXXXX_!!734584252.jpg" /></p>\r\n', '', 1, 1, '2012-11-03 19:01:37', '2012-11-03 19:04:36', '0000-00-00 00:00:00', 0, 18);
INSERT INTO `productinfo` VALUES (19, 24, 0, 1, 'PUMA Running 新品慢跑鞋 ', '彪马/PUMA Running 新品慢跑鞋 低帮鞋 女 185686', '<p>\r\n	<img alt="" data-ks-lazyloaded="true" src="http://img03.taobaocdn.com/imgextra/i3/734584252/T2S_0OXiVaXXXXXXXX_!!734584252.jpg" /><img alt="" data-ks-lazyloaded="true" src="http://img02.taobaocdn.com/imgextra/i2/734584252/T2qRmWXcxXXXXXXXXX_!!734584252.jpg" /><img alt="" data-ks-lazyloaded="true" src="http://img01.taobaocdn.com/imgextra/i1/734584252/T29n0OXidaXXXXXXXX_!!734584252.jpg" /><img alt="" data-ks-lazyloaded="true" src="http://img04.taobaocdn.com/imgextra/i4/734584252/T2wCd5XidbXXXXXXXX_!!734584252.jpg" /><img alt="" data-ks-lazyloaded="true" src="http://img01.taobaocdn.com/imgextra/i1/734584252/T2.v4LXgJdXXXXXXXX_!!734584252.jpg" /><img alt="" data-ks-lazyloaded="true" src="http://img03.taobaocdn.com/imgextra/i3/734584252/T2sjxQXfFdXXXXXXXX_!!734584252.jpg" /><img alt="" data-ks-lazyloaded="true" src="http://img04.taobaocdn.com/imgextra/i4/734584252/T2HfXfXnFNXXXXXXXX_!!734584252.jpg" /><img alt="" data-ks-lazyloaded="true" src="http://img02.taobaocdn.com/imgextra/i2/734584252/T2fpy0XdhaXXXXXXXX_!!734584252.jpg" /><img alt="" data-ks-lazyloaded="true" src="http://img03.taobaocdn.com/imgextra/i3/734584252/T20nRQXe0cXXXXXXXX_!!734584252.jpg" /><img alt="" data-ks-lazyloaded="true" src="http://img01.taobaocdn.com/imgextra/i1/734584252/T24sJsXbRNXXXXXXXX_!!734584252.jpg" /><img alt="" data-ks-lazyloaded="true" src="http://img03.taobaocdn.com/imgextra/i3/734584252/T20n0OXiFaXXXXXXXX_!!734584252.jpg" /><img alt="" data-ks-lazyloaded="true" src="http://img04.taobaocdn.com/imgextra/i4/734584252/T2sGNEXedNXXXXXXXX_!!734584252.jpg" /></p>\r\n', '', 1, 1, '2012-11-03 19:04:57', '2012-11-03 19:09:02', '0000-00-00 00:00:00', 0, 19);
INSERT INTO `productinfo` VALUES (20, 24, 0, 1, 'PUMA Lifestyle中帮鞋', '2012年 正品 彪马/PUMA Lifestyle 中帮鞋 353417 情侣款多彩', '<p>\r\n	<img alt="" data-ks-lazyloaded="true" src="http://img03.taobaocdn.com/imgextra/i3/734584252/T2S_0OXiVaXXXXXXXX_!!734584252.jpg" /><img alt="" data-ks-lazyloaded="true" src="http://img03.taobaocdn.com/imgextra/i3/734584252/T2uta1Xb0XXXXXXXXX_!!734584252.jpg" /><img alt="" data-ks-lazyloaded="true" src="http://img01.taobaocdn.com/imgextra/i1/734584252/T29n0OXidaXXXXXXXX_!!734584252.jpg" /><img alt="" data-ks-lazyloaded="true" src="http://img04.taobaocdn.com/imgextra/i4/734584252/T2FceNXalbXXXXXXXX_!!734584252.jpg" /><img alt="" data-ks-lazyloaded="true" src="http://img01.taobaocdn.com/imgextra/i1/734584252/T2lp1rXehcXXXXXXXX_!!734584252.jpg" /><img alt="" data-ks-lazyloaded="true" src="http://img04.taobaocdn.com/imgextra/i4/734584252/T2VPWTXbNXXXXXXXXX_!!734584252.jpg" /><img alt="" data-ks-lazyloaded="true" src="http://img03.taobaocdn.com/imgextra/i3/734584252/T2cLeRXm4aXXXXXXXX_!!734584252.jpg" /><img alt="" data-ks-lazyloaded="true" src="http://img01.taobaocdn.com/imgextra/i1/734584252/T2UrqTXaNaXXXXXXXX_!!734584252.jpg" /><img alt="" data-ks-lazyloaded="true" src="http://img02.taobaocdn.com/imgextra/i2/734584252/T2v6pJXa8dXXXXXXXX_!!734584252.jpg" /><img alt="" data-ks-lazyloaded="true" src="http://img04.taobaocdn.com/imgextra/i4/734584252/T25oSSXkXaXXXXXXXX_!!734584252.jpg" /><img alt="" data-ks-lazyloaded="true" src="http://img03.taobaocdn.com/imgextra/i3/734584252/T2X2CTXnlXXXXXXXXX_!!734584252.jpg" /><img alt="" data-ks-lazyloaded="true" src="http://img03.taobaocdn.com/imgextra/i3/734584252/T20n0OXiFaXXXXXXXX_!!734584252.jpg" /><img alt="" data-ks-lazyloaded="true" src="http://img03.taobaocdn.com/imgextra/i3/734584252/T2xG1TXodXXXXXXXXX_!!734584252.jpg" /><img alt="" data-ks-lazyloaded="true" src="http://img02.taobaocdn.com/imgextra/i2/734584252/T2lzuFXihbXXXXXXXX_!!734584252.jpg" /></p>\r\n', '', 1, 1, '2012-11-03 19:09:35', '2012-11-03 19:12:46', '0000-00-00 00:00:00', 0, 20);
INSERT INTO `productinfo` VALUES (21, 23, 0, 1, 'Nike男子羽绒背心', 'Nike 耐克官方 AS CASCADE 700 男子羽绒背心 444736', '<p>\r\n	<img alt="" data-ks-lazyloaded="true" src="http://img02.taobaocdn.com/imgextra/i2/890482188/T2miOyXnhbXXXXXXXX_!!890482188.jpg" /><img alt="" data-ks-lazyloaded="true" src="http://img02.taobaocdn.com/imgextra/i2/890482188/T2nMhpXkNNXXXXXXXX_!!890482188.jpg" /></p>\r\n<p>\r\n	<img alt="" data-ks-lazyloaded="true" src="http://img04.taobaocdn.com/imgextra/i4/890482188/T2gLpIXn0bXXXXXXXX_!!890482188.jpg" /></p>\r\n', '', 1, 1, '2012-11-04 10:08:29', '2012-11-04 10:11:10', '0000-00-00 00:00:00', 0, 21);
INSERT INTO `productinfo` VALUES (22, 23, 0, 1, 'Nike AS THE PADDED WINDRUNNER', 'Nike 耐克官方 AS THE PADDED WINDRUNNER 女子薄棉服 ', '<p>\r\n	<img alt="" data-ks-lazyloaded="true" src="http://img01.taobaocdn.com/imgextra/i1/890482188/T2QCmXXbpcXXXXXXXX_!!890482188.jpg" /><img alt="" data-ks-lazyloaded="true" src="http://img02.taobaocdn.com/imgextra/i2/890482188/T27O8NXaNeXXXXXXXX_!!890482188.jpg" /></p>\r\n', '', 1, 1, '2012-11-04 10:12:12', '2012-11-04 10:14:06', '0000-00-00 00:00:00', 0, 22);
INSERT INTO `productinfo` VALUES (23, 23, 0, 1, 'Nike AS LBJ DIAMOND FZ HOODY', 'Nike耐克官方AS LBJ DIAMOND FZ HOODY勒布朗男子针织茄克 507493', '<p>\r\n	<img alt="" data-ks-lazyloaded="true" src="http://img04.taobaocdn.com/imgextra/i4/890482188/T2vFmPXdVaXXXXXXXX_!!890482188.jpg" /><img alt="" data-ks-lazyloaded="true" src="http://img04.taobaocdn.com/imgextra/i4/890482188/T2VVOPXeXaXXXXXXXX_!!890482188.jpg" /><img alt="" data-ks-lazyloaded="true" src="http://img04.taobaocdn.com/imgextra/i4/890482188/T2gLpIXn0bXXXXXXXX_!!890482188.jpg" /></p>\r\n', '', 1, 1, '2012-11-04 10:15:49', '2012-11-04 10:18:09', '0000-00-00 00:00:00', 0, 23);
INSERT INTO `productinfo` VALUES (24, 23, 0, 1, 'Nike AS PL FT CREW', 'Nike 耐克官方 AS PL FT CREW 男子套头衫 506202', '<p>\r\n	<img alt="" data-ks-lazyloaded="true" src="http://img03.taobaocdn.com/imgextra/i3/890482188/T2mdCQXeBaXXXXXXXX_!!890482188.jpg" /><img alt="" data-ks-lazyloaded="true" src="http://img01.taobaocdn.com/imgextra/i1/890482188/T2foqVXbFaXXXXXXXX_!!890482188.jpg" /><img alt="" data-ks-lazyloaded="true" src="http://img04.taobaocdn.com/imgextra/i4/890482188/T2lWeWXjhXXXXXXXXX_!!890482188.jpg" /><img alt="" data-ks-lazyloaded="true" src="http://img04.taobaocdn.com/imgextra/i4/890482188/T2gLpIXn0bXXXXXXXX_!!890482188.jpg" /></p>\r\n', '', 1, 1, '2012-11-04 10:25:11', '2012-11-04 10:35:36', '0000-00-00 00:00:00', 0, 24);
INSERT INTO `productinfo` VALUES (25, 23, 0, 1, 'PUMA 运动连帽 针织外套', '2012年 正品 彪马/PUMA 运动连帽 针织外套 820698 男', '<p>\r\n	<img alt="" data-ks-lazyloaded="true" src="http://img03.taobaocdn.com/imgextra/i3/734584252/T2S_0OXiVaXXXXXXXX_!!734584252.jpg" /><img alt="" data-ks-lazyloaded="true" src="http://img02.taobaocdn.com/imgextra/i2/734584252/T2esxpXX8OXXXXXXXX_!!734584252.jpg" /><img alt="" data-ks-lazyloaded="true" src="http://img01.taobaocdn.com/imgextra/i1/734584252/T29n0OXidaXXXXXXXX_!!734584252.jpg" /><img alt="" data-ks-lazyloaded="true" src="http://img01.taobaocdn.com/imgextra/i1/734584252/T2.ByQXklaXXXXXXXX_!!734584252.jpg" /><img alt="" data-ks-lazyloaded="true" src="http://img01.taobaocdn.com/imgextra/i1/734584252/T2OwKQXkXaXXXXXXXX_!!734584252.jpg" /><img alt="" data-ks-lazyloaded="true" src="http://img03.taobaocdn.com/imgextra/i3/734584252/T20n0OXiFaXXXXXXXX_!!734584252.jpg" /><img alt="" data-ks-lazyloaded="true" src="http://img01.taobaocdn.com/imgextra/i1/734584252/T2gdCRXa4XXXXXXXXX_!!734584252.jpg" /></p>\r\n', '', 1, 1, '2012-11-04 10:36:38', '2012-11-04 12:28:44', '0000-00-00 00:00:00', 0, 25);
INSERT INTO `productinfo` VALUES (26, 24, 0, 1, '鸿星尔克erke 男板鞋', '鸿星尔克erke正品休鞋 男板鞋 男滑板鞋 11133137-80C1', '<p>\r\n	<img align="absMiddle" alt="" data-ks-lazyloaded="true" src="http://erkephoto.com/erke/qw/pp/pp_01.jpg" /><img align="absMiddle" alt="" data-ks-lazyloaded="true" src="http://erkephoto.com/erke/2011Q3/db/11133137-80_01.jpg" /></p>\r\n<p>\r\n	<img alt="" data-ks-lazyloaded="true" src="http://img02.taobaocdn.com/imgextra/i2/349740505/T2Bf8sXXFNXXXXXXXX_!!349740505.jpg" /></p>\r\n', '', 1, 1, '2012-11-04 12:31:33', '2012-11-05 11:53:19', '0000-00-00 00:00:00', 0, 26);
INSERT INTO `productinfo` VALUES (27, 8, 0, 1, 'PUMA 超轻透气学院风板鞋', '彪马/PUMA 超轻透气学院风 情侣男女板鞋 354140 ', '<p>\r\n	<img alt="" data-ks-lazyloaded="true" src="http://img01.taobaocdn.com/imgextra/i1/734584252/T29n0OXidaXXXXXXXX_!!734584252.jpg" /><img alt="" data-ks-lazyloaded="true" src="http://img01.taobaocdn.com/imgextra/i1/734584252/T20JqFXoxaXXXXXXXX_!!734584252.jpg" /><img alt="" data-ks-lazyloaded="true" src="http://img04.taobaocdn.com/imgextra/i4/734584252/T2tKCFXcpXXXXXXXXX_!!734584252.jpg" /><img alt="" data-ks-lazyloaded="true" src="http://img02.taobaocdn.com/imgextra/i2/734584252/T28uqFXfJXXXXXXXXX_!!734584252.jpg" /><img alt="" data-ks-lazyloaded="true" src="http://img03.taobaocdn.com/imgextra/i3/734584252/T2909FXnXXXXXXXXXX_!!734584252.jpg" /><img alt="" data-ks-lazyloaded="true" src="http://img03.taobaocdn.com/imgextra/i3/734584252/T20n0OXiFaXXXXXXXX_!!734584252.jpg" /><img alt="" data-ks-lazyloaded="true" src="http://img01.taobaocdn.com/imgextra/i1/734584252/T2odSFXe4aXXXXXXXX_!!734584252.jpg" /></p>\r\n', '', 1, 1, '2012-11-05 11:57:04', '2012-11-15 09:04:08', '0000-00-00 00:00:00', 0, 27);
INSERT INTO `productinfo` VALUES (28, 8, 0, 1, 'PUMA Lifestyle 男士高帮鞋', '2012年新品 彪马/PUMA Lifestyle 男士高帮鞋 181980', '<p>\r\n	<img alt="" data-ks-lazyloaded="true" src="http://img01.taobaocdn.com/imgextra/i1/734584252/T29n0OXidaXXXXXXXX_!!734584252.jpg" /><img alt="" data-ks-lazyloaded="true" src="http://img02.taobaocdn.com/imgextra/i2/734584252/T2wH9hXoxbXXXXXXXX_!!734584252.jpg" /><img alt="" data-ks-lazyloaded="true" src="http://img03.taobaocdn.com/imgextra/i3/734584252/T2oB8VXnRcXXXXXXXX_!!734584252.jpg" /><img alt="" data-ks-lazyloaded="true" src="http://img02.taobaocdn.com/imgextra/i2/734584252/T2JqCHXe4bXXXXXXXX_!!734584252.jpg" /><img alt="" data-ks-lazyloaded="true" src="http://img04.taobaocdn.com/imgextra/i4/734584252/T2Ss5AXdlbXXXXXXXX_!!734584252.jpg" /><img alt="" data-ks-lazyloaded="true" src="http://img03.taobaocdn.com/imgextra/i3/734584252/T20n0OXiFaXXXXXXXX_!!734584252.jpg" /><img alt="" data-ks-lazyloaded="true" src="http://img04.taobaocdn.com/imgextra/i4/734584252/T2njpVXo8cXXXXXXXX_!!734584252.jpg" /></p>\r\n', '', 1, 1, '2012-11-06 13:22:24', '2012-11-15 09:03:55', '0000-00-00 00:00:00', 0, 28);
INSERT INTO `productinfo` VALUES (29, 8, 0, 1, 'PUMA Running 低帮鞋系带运动鞋跑鞋', '彪马/PUMA Running 低帮鞋系带运动鞋跑鞋 健身房 男 185800 新款', '<p>\r\n	<img alt="" data-ks-lazyloaded="true" src="http://img01.taobaocdn.com/imgextra/i1/734584252/T29n0OXidaXXXXXXXX_!!734584252.jpg" /><img alt="" data-ks-lazyloaded="true" src="http://img04.taobaocdn.com/imgextra/i4/734584252/T26_doXiFNXXXXXXXX_!!734584252.jpg" /><img alt="" data-ks-lazyloaded="true" src="http://img01.taobaocdn.com/imgextra/i1/734584252/T2V5XKXc4cXXXXXXXX_!!734584252.jpg" /><img alt="" data-ks-lazyloaded="true" src="http://img02.taobaocdn.com/imgextra/i2/734584252/T22x8eXkxNXXXXXXXX_!!734584252.jpg" /><img alt="" data-ks-lazyloaded="true" src="http://img04.taobaocdn.com/imgextra/i4/734584252/T26_ReXd4OXXXXXXXX_!!734584252.jpg" /><img alt="" data-ks-lazyloaded="true" src="http://img03.taobaocdn.com/imgextra/i3/734584252/T20n0OXiFaXXXXXXXX_!!734584252.jpg" /><img alt="" data-ks-lazyloaded="true" src="http://img02.taobaocdn.com/imgextra/i2/734584252/T2lhRJXgXcXXXXXXXX_!!734584252.jpg" /></p>\r\n', '', 1, 1, '2012-11-06 13:29:14', '2012-11-15 09:03:10', '0000-00-00 00:00:00', 0, 29);
INSERT INTO `productinfo` VALUES (30, 8, 0, 1, 'PUMA Lifestyle 魔术贴低帮鞋', '2012年新品 正品彪马/PUMA Lifestyle 魔术贴低帮鞋 353716 男', '<p>\r\n	<img alt="" data-ks-lazyloaded="true" src="http://img03.taobaocdn.com/imgextra/i3/734584252/T2S_0OXiVaXXXXXXXX_!!734584252.jpg" /><img alt="" data-ks-lazyloaded="true" src="http://img03.taobaocdn.com/imgextra/i3/734584252/T2E6OsXX0cXXXXXXXX_!!734584252.jpg" /><img alt="" data-ks-lazyloaded="true" src="http://img02.taobaocdn.com/imgextra/i2/734584252/T2T8qtXcpbXXXXXXXX_!!734584252.jpg" /><img alt="" data-ks-lazyloaded="true" src="http://img03.taobaocdn.com/imgextra/i3/734584252/T2DwKlXbXbXXXXXXXX_!!734584252.jpg" /><img alt="" data-ks-lazyloaded="true" src="http://img01.taobaocdn.com/imgextra/i1/734584252/T2pZufXeNbXXXXXXXX_!!734584252.jpg" /><img alt="" data-ks-lazyloaded="true" src="http://img03.taobaocdn.com/imgextra/i3/734584252/T20n0OXiFaXXXXXXXX_!!734584252.jpg" /><img alt="" data-ks-lazyloaded="true" src="http://img03.taobaocdn.com/imgextra/i3/734584252/T2rtekXiXbXXXXXXXX_!!734584252.jpg" /></p>\r\n', '', 1, 1, '2012-11-06 13:33:35', '2012-11-15 09:02:51', '0000-00-00 00:00:00', 0, 30);
INSERT INTO `productinfo` VALUES (31, 20, 0, 1, '奥派阿西 男士皮衣', '奥派阿西 男士皮衣 韩版潮修身 皮夹克 男皮衣外', '<p>\r\n	<img alt="" data-ks-lazyloaded="true" src="http://img02.taobaocdn.com/imgextra/i2/362426820/T2vZGWXd0XXXXXXXXX_!!362426820.jpg" /></p>\r\n<p>\r\n	<img alt="" data-ks-lazyloaded="true" src="http://img04.taobaocdn.com/imgextra/i4/362426820/T2ZtNSXjXdXXXXXXXX_!!362426820.jpg" /><img alt="" data-ks-lazyloaded="true" src="http://img01.taobaocdn.com/imgextra/i1/362426820/T28GyOXlJXXXXXXXXX_!!362426820.jpg" /><img alt="" data-ks-lazyloaded="true" src="http://img03.taobaocdn.com/imgextra/i3/362426820/T2TEJCXcBNXXXXXXXX_!!362426820.jpg" /><img alt="" data-ks-lazyloaded="true" src="http://img04.taobaocdn.com/imgextra/i4/362426820/T2nkGsXchcXXXXXXXX_!!362426820.jpg" /><img alt="" data-ks-lazyloaded="true" src="http://img03.taobaocdn.com/imgextra/i3/362426820/T2WQuzXllbXXXXXXXX_!!362426820.jpg" /><img alt="" data-ks-lazyloaded="true" src="http://img02.taobaocdn.com/imgextra/i2/362426820/T2KFxjXa8OXXXXXXXX_!!362426820.jpg" /><img alt="" data-ks-lazyloaded="true" src="http://img04.taobaocdn.com/imgextra/i4/362426820/T2MgtUXkpdXXXXXXXX_!!362426820.jpg" /></p>\r\n<p>\r\n	<img alt="" data-ks-lazyloaded="true" src="http://img02.taobaocdn.com/imgextra/i2/362426820/T2AuqLXoNaXXXXXXXX_!!362426820.jpg" /><img alt="" data-ks-lazyloaded="true" src="http://img04.taobaocdn.com/imgextra/i4/362426820/T22LKYXctaXXXXXXXX_!!362426820.jpg" /><img alt="" data-ks-lazyloaded="true" src="http://img03.taobaocdn.com/imgextra/i3/362426820/T2gZGeXf0cXXXXXXXX_!!362426820.jpg" /><img alt="" data-ks-lazyloaded="true" src="http://img01.taobaocdn.com/imgextra/i1/362426820/T2rQNyXm4NXXXXXXXX_!!362426820.jpg" /><img alt="" data-ks-lazyloaded="true" src="http://img02.taobaocdn.com/imgextra/i2/362426820/T2f91ZXd0XXXXXXXXX_!!362426820.jpg" /><img alt="" data-ks-lazyloaded="true" src="http://img03.taobaocdn.com/imgextra/i3/362426820/T2vtNLXa0dXXXXXXXX_!!362426820.jpg" /><img alt="" data-ks-lazyloaded="true" src="http://img02.taobaocdn.com/imgextra/i2/362426820/T2mG9ZXfxaXXXXXXXX_!!362426820.jpg" /><img alt="" data-ks-lazyloaded="true" src="http://img03.taobaocdn.com/imgextra/i3/362426820/T2A6eMXkxaXXXXXXXX_!!362426820.jpg" /><img alt="" data-ks-lazyloaded="true" src="http://img04.taobaocdn.com/imgextra/i4/362426820/T2V0q2XXBaXXXXXXXX_!!362426820.jpg" /></p>\r\n', '', 1, 1, '2012-11-06 13:36:29', '2012-11-06 13:39:04', '0000-00-00 00:00:00', 0, 31);
INSERT INTO `productinfo` VALUES (32, 20, 0, 1, '奥派阿西 时尚休闲夹克', '奥派阿西 秋冬新款 外套秋 时尚休闲夹克 男士 韩', '<p>\r\n	<img alt="" data-ks-lazyloaded="true" src="http://img04.taobaocdn.com/imgextra/i4/362426820/T2IayQXelaXXXXXXXX_!!362426820.jpg" /><br />\r\n	<img alt="" data-ks-lazyloaded="true" src="http://img01.taobaocdn.com/imgextra/i1/362426820/T25yeZXnBXXXXXXXXX_!!362426820.jpg" /><img alt="" data-ks-lazyloaded="true" src="http://img03.taobaocdn.com/imgextra/i3/362426820/T2x8aKXc8bXXXXXXXX_!!362426820.jpg" /><img alt="" data-ks-lazyloaded="true" src="http://img04.taobaocdn.com/imgextra/i4/362426820/T2d.pXXetOXXXXXXXX_!!362426820.jpg" /><img alt="" data-ks-lazyloaded="true" src="http://img01.taobaocdn.com/imgextra/i1/362426820/T2SnCJXaJbXXXXXXXX_!!362426820.jpg" /><img alt="" data-ks-lazyloaded="true" src="http://img02.taobaocdn.com/imgextra/i2/362426820/T2Zbd2XmddXXXXXXXX_!!362426820.jpg" /><img alt="" data-ks-lazyloaded="true" src="http://img02.taobaocdn.com/imgextra/i2/362426820/T2D8mZXkpXXXXXXXXX_!!362426820.jpg" /><img alt="" data-ks-lazyloaded="true" src="http://img01.taobaocdn.com/imgextra/i1/362426820/T2M11SXX4bXXXXXXXX_!!362426820.jpg" /><img alt="" data-ks-lazyloaded="true" src="http://img03.taobaocdn.com/imgextra/i3/362426820/T2byaZXXdaXXXXXXXX_!!362426820.jpg" /></p>\r\n<p>\r\n	<img alt="" data-ks-lazyloaded="true" src="http://img01.taobaocdn.com/imgextra/i1/362426820/T2yt9QXetaXXXXXXXX_!!362426820.jpg" /><img alt="" data-ks-lazyloaded="true" src="http://img03.taobaocdn.com/imgextra/i3/362426820/T2BzOQXklXXXXXXXXX_!!362426820.jpg" /></p>\r\n', '', 1, 1, '2012-11-06 13:41:28', '2012-11-06 13:44:13', '0000-00-00 00:00:00', 0, 32);
INSERT INTO `productinfo` VALUES (33, 20, 0, 1, '奥派阿西 男士夹克', '奥派阿西 秋冬男装 男外套 男士夹克 夹克男 韩版', '<p>\r\n	<img alt="" data-ks-lazyloaded="true" src="http://img02.taobaocdn.com/imgextra/i2/362426820/T2EAlIXndcXXXXXXXX_!!362426820.jpg" /><img alt="" data-ks-lazyloaded="true" src="http://img02.taobaocdn.com/imgextra/i2/362426820/T2lVOMXX8bXXXXXXXX_!!362426820.jpg" /><img alt="" data-ks-lazyloaded="true" src="http://img01.taobaocdn.com/imgextra/i1/362426820/T2pWGPXhxaXXXXXXXX_!!362426820.jpg" /><img alt="" data-ks-lazyloaded="true" src="http://img04.taobaocdn.com/imgextra/i4/362426820/T2gManXbtcXXXXXXXX_!!362426820.jpg" /><img alt="" data-ks-lazyloaded="true" src="http://img01.taobaocdn.com/imgextra/i1/362426820/T29w1iXhFbXXXXXXXX_!!362426820.jpg" /></p>\r\n', '', 1, 1, '2012-11-06 15:14:00', '2012-11-06 15:16:53', '0000-00-00 00:00:00', 0, 33);
INSERT INTO `productinfo` VALUES (34, 20, 0, 1, '奥派阿西 时尚休闲外套', '奥派阿西 秋冬新款 时尚休闲外套夹克男装韩版立', '<p>\r\n	<img alt="" data-ks-lazyloaded="true" src="http://img01.taobaocdn.com/imgextra/i1/362426820/T2ca5OXdVaXXXXXXXX_!!362426820.jpg" /><img alt="" data-ks-lazyloaded="true" src="http://img03.taobaocdn.com/imgextra/i3/362426820/T29oSGXmhbXXXXXXXX_!!362426820.jpg" /><img alt="" data-ks-lazyloaded="true" src="http://img03.taobaocdn.com/imgextra/i3/362426820/T25yiKXktaXXXXXXXX_!!362426820.jpg" /><img alt="" data-ks-lazyloaded="true" src="http://img03.taobaocdn.com/imgextra/i3/362426820/T2oqKOXolXXXXXXXXX_!!362426820.jpg" /><img alt="" data-ks-lazyloaded="true" src="http://img01.taobaocdn.com/imgextra/i1/362426820/T23tmOXmFXXXXXXXXX_!!362426820.jpg" /><img alt="" data-ks-lazyloaded="true" src="http://img02.taobaocdn.com/imgextra/i2/362426820/T2.c08XopbXXXXXXXX_!!362426820.jpg" /><img alt="" data-ks-lazyloaded="true" src="http://img02.taobaocdn.com/imgextra/i2/362426820/T2McCOXa8aXXXXXXXX_!!362426820.jpg" /></p>\r\n', '', 1, 1, '2012-11-06 15:17:48', '2012-11-06 15:29:16', '0000-00-00 00:00:00', 0, 34);
INSERT INTO `productinfo` VALUES (35, 20, 0, 1, '奥派阿西 男士棉衣', '奥派阿西 男士棉衣 棉服男装休闲立领皮棉袄 秋冬', '<p>\r\n	<img align="absMiddle" alt="" data-ks-lazyloaded="true" src="http://img01.taobaocdn.com/imgextra/i1/362426820/T280yaXdRaXXXXXXXX_!!362426820.jpg" /><img align="absMiddle" alt="" data-ks-lazyloaded="true" src="http://img02.taobaocdn.com/imgextra/i2/362426820/T2KJeaXmhaXXXXXXXX_!!362426820.jpg" /><img align="absMiddle" alt="" data-ks-lazyloaded="true" src="http://img01.taobaocdn.com/imgextra/i1/362426820/T2_0iaXjRaXXXXXXXX_!!362426820.jpg" /><img align="absMiddle" alt="" data-ks-lazyloaded="true" src="http://img01.taobaocdn.com/imgextra/i1/362426820/T2X0aaXXdbXXXXXXXX_!!362426820.jpg" /></p>\r\n', '', 1, 1, '2012-11-06 15:31:26', '2012-11-06 15:36:17', '0000-00-00 00:00:00', 0, 35);
INSERT INTO `productinfo` VALUES (36, 20, 0, 1, '奥派阿西 秋冬新款外套', '奥派阿西 秋冬新款 外套秋 韩版修身时尚休闲 ', '<p>\r\n	<img alt="" data-ks-lazyloaded="true" src="http://img01.taobaocdn.com/imgextra/i1/362426820/T2LyeSXmFXXXXXXXXX_!!362426820.jpg" /><img alt="" data-ks-lazyloaded="true" src="http://img02.taobaocdn.com/imgextra/i2/362426820/T2dwSZXdNaXXXXXXXX_!!362426820.jpg" /><img alt="" data-ks-lazyloaded="true" src="http://img03.taobaocdn.com/imgextra/i3/362426820/T2e8lfXgxOXXXXXXXX_!!362426820.jpg" /><img alt="" data-ks-lazyloaded="true" src="http://img02.taobaocdn.com/imgextra/i2/362426820/T2y8euXmFbXXXXXXXX_!!362426820.jpg" /><img alt="" data-ks-lazyloaded="true" src="http://img02.taobaocdn.com/imgextra/i2/362426820/T2ti43XlddXXXXXXXX_!!362426820.jpg" /><img alt="" data-ks-lazyloaded="true" src="http://img02.taobaocdn.com/imgextra/i2/362426820/T2pVeYXX8bXXXXXXXX_!!362426820.jpg" /></p>\r\n', '', 1, 1, '2012-11-06 15:37:00', '2012-11-06 15:41:34', '0000-00-00 00:00:00', 0, 36);
INSERT INTO `productinfo` VALUES (37, 20, 0, 1, '奥派阿西 韩版开衫针织衫', '奥派阿西 秋冬新款 韩版开衫针织衫撞色立领休闲', '<p>\r\n	<img alt="" data-ks-lazyloaded="true" src="http://img03.taobaocdn.com/imgextra/i3/362426820/T2T4uDXmNbXXXXXXXX_!!362426820.jpg" /><img alt="" data-ks-lazyloaded="true" src="http://img02.taobaocdn.com/imgextra/i2/362426820/T2PEaNXl0XXXXXXXXX_!!362426820.jpg" /><img alt="" data-ks-lazyloaded="true" src="http://img03.taobaocdn.com/imgextra/i3/362426820/T2hBeNXllXXXXXXXXX_!!362426820.jpg" /><img alt="" data-ks-lazyloaded="true" src="http://img01.taobaocdn.com/imgextra/i1/362426820/T20P1NXaxaXXXXXXXX_!!362426820.jpg" /><img alt="" data-ks-lazyloaded="true" src="http://img03.taobaocdn.com/imgextra/i3/362426820/T2Gm9MXXBaXXXXXXXX_!!362426820.jpg" /><img alt="" data-ks-lazyloaded="true" src="http://img02.taobaocdn.com/imgextra/i2/362426820/T2.qiNXo4aXXXXXXXX_!!362426820.jpg" /><img alt="" data-ks-lazyloaded="true" src="http://img02.taobaocdn.com/imgextra/i2/362426820/T2J7aNXa0aXXXXXXXX_!!362426820.jpg" /><img alt="" data-ks-lazyloaded="true" src="http://img03.taobaocdn.com/imgextra/i3/362426820/T2sbxhXc0OXXXXXXXX_!!362426820.jpg" /><img alt="" data-ks-lazyloaded="true" src="http://img02.taobaocdn.com/imgextra/i2/362426820/T2M9FdXhRNXXXXXXXX_!!362426820.jpg" /></p>\r\n<p>\r\n	<img alt="" data-ks-lazyloaded="true" src="http://img01.taobaocdn.com/imgextra/i1/362426820/T2Q1asXclbXXXXXXXX_!!362426820.jpg" /><img alt="" data-ks-lazyloaded="true" src="http://img02.taobaocdn.com/imgextra/i2/362426820/T2MtuNXedaXXXXXXXX_!!362426820.jpg" /><img alt="" data-ks-lazyloaded="true" src="http://img02.taobaocdn.com/imgextra/i2/362426820/T2CeSNXmBaXXXXXXXX_!!362426820.jpg" /><img alt="" data-ks-lazyloaded="true" src="http://img01.taobaocdn.com/imgextra/i1/362426820/T2H5xfXdVOXXXXXXXX_!!362426820.jpg" /><img alt="" data-ks-lazyloaded="true" src="http://img01.taobaocdn.com/imgextra/i1/362426820/T2KEqMXm8aXXXXXXXX_!!362426820.jpg" /><img alt="" data-ks-lazyloaded="true" src="http://img04.taobaocdn.com/imgextra/i4/362426820/T2xZWNXklaXXXXXXXX_!!362426820.jpg" /></p>\r\n', '', 1, 1, '2012-11-06 15:42:39', '2012-11-06 15:45:52', '0000-00-00 00:00:00', 0, 37);
INSERT INTO `productinfo` VALUES (38, 20, 0, 1, '奥派阿西 修身连帽格子夹克外', '奥派阿西 秋冬男装新款 韩版修身连帽格子夹克外', '<p>\r\n	<img alt="" data-ks-lazyloaded="true" src="http://img04.taobaocdn.com/imgextra/i4/362426820/T2z9iZXl8XXXXXXXXX_!!362426820.jpg" /><img alt="" data-ks-lazyloaded="true" src="http://img01.taobaocdn.com/imgextra/i1/362426820/T2BSWyXlXbXXXXXXXX_!!362426820.jpg" /><img alt="" data-ks-lazyloaded="true" src="http://img01.taobaocdn.com/imgextra/i1/362426820/T2Zk0UXildXXXXXXXX_!!362426820.jpg" /><img alt="" data-ks-lazyloaded="true" src="http://img04.taobaocdn.com/imgextra/i4/362426820/T2b7NNXbteXXXXXXXX_!!362426820.jpg" /><img alt="" data-ks-lazyloaded="true" src="http://img04.taobaocdn.com/imgextra/i4/362426820/T2jgVwXhROXXXXXXXX_!!362426820.jpg" /><img alt="" data-ks-lazyloaded="true" src="http://img02.taobaocdn.com/imgextra/i2/362426820/T2r.qZXhXXXXXXXXXX_!!362426820.jpg" /><img alt="" data-ks-lazyloaded="true" src="http://img04.taobaocdn.com/imgextra/i4/362426820/T2uSXjXcxOXXXXXXXX_!!362426820.jpg" /><img alt="" data-ks-lazyloaded="true" src="http://img03.taobaocdn.com/imgextra/i3/362426820/T2GemZXkdaXXXXXXXX_!!362426820.jpg" /></p>\r\n', '', 1, 1, '2012-11-06 15:46:53', '2012-11-06 15:48:28', '0000-00-00 00:00:00', 0, 38);
INSERT INTO `productinfo` VALUES (39, 20, 0, 1, '奥派阿西 修身中长款休闲风', '奥派阿西 秋冬新款 外套秋 男装修身中长款休闲风', '<p>\r\n	<img alt="" data-ks-lazyloaded="true" src="http://img04.taobaocdn.com/imgextra/i4/362426820/T2IDeMXhNXXXXXXXXX_!!362426820.jpg" /><img alt="" data-ks-lazyloaded="true" src="http://img02.taobaocdn.com/imgextra/i2/362426820/T23HOMXmFaXXXXXXXX_!!362426820.jpg" /><img alt="" data-ks-lazyloaded="true" src="http://img01.taobaocdn.com/imgextra/i1/362426820/T2Av1cXohbXXXXXXXX_!!362426820.jpg" /><img alt="" data-ks-lazyloaded="true" src="http://img04.taobaocdn.com/imgextra/i4/362426820/T2iWmKXkFaXXXXXXXX_!!362426820.jpg" /><img alt="" data-ks-lazyloaded="true" src="http://img04.taobaocdn.com/imgextra/i4/362426820/T2GteNXhdXXXXXXXXX_!!362426820.jpg" /></p>\r\n', '', 1, 1, '2012-11-06 15:49:49', '2012-11-06 15:51:18', '0000-00-00 00:00:00', 0, 39);
INSERT INTO `productinfo` VALUES (40, 20, 0, 1, '奥派阿西 修身皮衣', '奥派阿西 秋冬新款 外套秋 皮衣男士短款韩版立领 修身皮衣', '<p>\r\n	<img align="absMiddle" alt="" data-ks-lazyloaded="true" src="http://img03.taobaocdn.com/imgextra/i3/362426820/T2hYeoXfBbXXXXXXXX_!!362426820.jpg" /><img align="absMiddle" alt="" data-ks-lazyloaded="true" src="http://img01.taobaocdn.com/imgextra/i1/362426820/T2W0uoXiXbXXXXXXXX_!!362426820.jpg" /><img align="absMiddle" alt="" data-ks-lazyloaded="true" src="http://img02.taobaocdn.com/imgextra/i2/362426820/T2XGKfXhhbXXXXXXXX_!!362426820.jpg" /><img align="absMiddle" alt="" data-ks-lazyloaded="true" src="http://img02.taobaocdn.com/imgextra/i2/362426820/T2a0WlXlNbXXXXXXXX_!!362426820.jpg" /><img align="absMiddle" alt="" data-ks-lazyloaded="true" src="http://img01.taobaocdn.com/imgextra/i1/362426820/T2ZD9kXh8bXXXXXXXX_!!362426820.jpg" /><img align="absMiddle" alt="" data-ks-lazyloaded="true" src="http://img04.taobaocdn.com/imgextra/i4/362426820/T2XgWmXiNbXXXXXXXX_!!362426820.jpg" /><img align="absMiddle" alt="" data-ks-lazyloaded="true" src="http://img04.taobaocdn.com/imgextra/i4/362426820/T2MR5iXiFbXXXXXXXX_!!362426820.jpg" /><img align="absMiddle" alt="" data-ks-lazyloaded="true" src="http://img03.taobaocdn.com/imgextra/i3/362426820/T25jyEXjRbXXXXXXXX_!!362426820.jpg" /></p>\r\n<p>\r\n	&nbsp;</p>\r\n', '', 1, 1, '2012-11-06 15:52:38', '2012-11-06 15:55:02', '0000-00-00 00:00:00', 0, 40);
INSERT INTO `productinfo` VALUES (41, 21, 0, 1, '毛绒质感时尚西装', '毛绒质感时尚单西 男士 修身 韩版 西服上', '<p>\r\n	<img alt="" data-ks-lazyloaded="true" src="http://img01.taobaocdn.com/imgextra/i1/728870016/T2ke5BXnXbXXXXXXXX_!!728870016.jpg" /><img alt="" data-ks-lazyloaded="true" src="http://img01.taobaocdn.com/imgextra/i1/728870016/T2KK51Xl0aXXXXXXXX_!!728870016.jpg" /><img alt="" data-ks-lazyloaded="true" src="http://img03.taobaocdn.com/imgextra/i3/728870016/T20dO1XiBaXXXXXXXX_!!728870016.jpg" /><img alt="" data-ks-lazyloaded="true" src="http://img02.taobaocdn.com/imgextra/i2/728870016/T2EwKUXXXbXXXXXXXX_!!728870016.jpg" /></p>\r\n', '', 1, 1, '2012-11-06 16:00:09', '2012-11-06 16:02:05', '0000-00-00 00:00:00', 0, 41);
INSERT INTO `productinfo` VALUES (42, 21, 0, 1, '科技保暖大衣', '科技保暖大衣 男装秋冬新款 翻领毛绒质', '<p>\r\n	<img alt="" data-ks-lazyloaded="true" src="http://img04.taobaocdn.com/imgextra/i4/728870016/T2x7GqXbBcXXXXXXXX_!!728870016.jpg" /><img alt="" data-ks-lazyloaded="true" src="http://img03.taobaocdn.com/imgextra/i3/728870016/T28051XfxaXXXXXXXX_!!728870016.jpg" /><img alt="" data-ks-lazyloaded="true" src="http://img02.taobaocdn.com/imgextra/i2/728870016/T2UWOwXnRbXXXXXXXX_!!728870016.jpg" /><img alt="" data-ks-lazyloaded="true" src="http://img02.taobaocdn.com/imgextra/i2/728870016/T20sa2XbNXXXXXXXXX_!!728870016.jpg" /><img alt="" data-ks-lazyloaded="true" src="http://img03.taobaocdn.com/imgextra/i3/728870016/T2JM50Xk8XXXXXXXXX_!!728870016.jpg" /><img alt="" data-ks-lazyloaded="true" src="http://img01.taobaocdn.com/imgextra/i1/728870016/T2T.JrXXXOXXXXXXXX_!!728870016.jpg" /><img alt="" data-ks-lazyloaded="true" src="http://img01.taobaocdn.com/imgextra/i1/728870016/T2QCe2XchXXXXXXXXX_!!728870016.jpg" /><img alt="" data-ks-lazyloaded="true" src="http://img03.taobaocdn.com/imgextra/i3/728870016/T29pKcXe8cXXXXXXXX_!!728870016.jpg" /><img alt="" data-ks-lazyloaded="true" src="http://img01.taobaocdn.com/imgextra/i1/728870016/T2Z9aUXXNbXXXXXXXX_!!728870016.jpg" /><img alt="" data-ks-lazyloaded="true" src="http://img04.taobaocdn.com/imgextra/i4/728870016/T23E4DXXRNXXXXXXXX_!!728870016.jpg" /><img alt="" data-ks-lazyloaded="true" src="http://img01.taobaocdn.com/imgextra/i1/728870016/T20VFYXltdXXXXXXXX_!!728870016.jpg" /><img alt="" data-ks-lazyloaded="true" src="http://img02.taobaocdn.com/imgextra/i2/728870016/T2U1KTXmxaXXXXXXXX_!!728870016.jpg" /></p>\r\n', '', 1, 1, '2012-11-06 16:03:01', '2012-11-06 16:05:04', '0000-00-00 00:00:00', 0, 42);
INSERT INTO `productinfo` VALUES (43, 16, 0, 1, '2012新款 雪中飞羽绒服', '2012新款 雪中飞羽绒服 正品 女印绣花潮流', '<p>\r\n	<img alt="" data-ks-lazyloaded="true" src="http://img01.taobaocdn.com/imgextra/i1/407916093/T2DPaLXXhaXXXXXXXX_!!407916093.jpg" />&nbsp;<img alt="" data-ks-lazyloaded="true" src="http://img02.taobaocdn.com/imgextra/i2/407916093/T28KefXbxcXXXXXXXX_!!407916093.jpg" /><img alt="" data-ks-lazyloaded="true" src="http://img03.taobaocdn.com/imgextra/i3/407916093/T2gfR_XeVcXXXXXXXX_!!407916093.jpg" /><img alt="" data-ks-lazyloaded="true" src="http://img04.taobaocdn.com/imgextra/i4/407916093/T2An5tXlJbXXXXXXXX_!!407916093.jpg" /><img alt="" data-ks-lazyloaded="true" src="http://img04.taobaocdn.com/imgextra/i4/407916093/T20veyXXlcXXXXXXXX_!!407916093.jpg" /><img alt="" data-ks-lazyloaded="true" src="http://img02.taobaocdn.com/imgextra/i2/407916093/T2L9SQXfRaXXXXXXXX_!!407916093.jpg" /><img alt="" data-ks-lazyloaded="true" src="http://img03.taobaocdn.com/imgextra/i3/407916093/T24OKZXo0XXXXXXXXX_!!407916093.jpg" /><img alt="" data-ks-lazyloaded="true" src="http://img02.taobaocdn.com/imgextra/i2/407916093/T2ly1ZXcRaXXXXXXXX_!!407916093.jpg" /><img alt="" data-ks-lazyloaded="true" src="http://img01.taobaocdn.com/imgextra/i1/407916093/T2LiXpXcpOXXXXXXXX_!!407916093.jpg" /><img alt="" data-ks-lazyloaded="true" src="http://img02.taobaocdn.com/imgextra/i2/407916093/T2xQXIXiVcXXXXXXXX_!!407916093.jpg" /><img alt="" data-ks-lazyloaded="true" src="http://img02.taobaocdn.com/imgextra/i2/407916093/T2FP5ZXgFXXXXXXXXX_!!407916093.jpg" /></p>\r\n', '', 1, 1, '2012-11-06 16:09:16', '2012-11-06 16:22:12', '0000-00-00 00:00:00', 0, 43);
INSERT INTO `productinfo` VALUES (44, 16, 0, 1, '雪中飞 女连帽飞羽绒短款', '雪中飞羽绒服 秋羽绒 女连帽飞羽绒短款 ', '<p>\r\n	<img alt="" data-ks-lazyloaded="true" src="http://img03.taobaocdn.com/imgextra/i3/407916093/T2h7ONXX0XXXXXXXXX_!!407916093.jpg" /></p>\r\n<p>\r\n	<img alt="" data-ks-lazyloaded="true" src="http://img02.taobaocdn.com/imgextra/i2/407916093/T2gG1FXcdbXXXXXXXX_!!407916093.jpg" /></p>\r\n<p>\r\n	<img alt="" data-ks-lazyloaded="true" src="http://img03.taobaocdn.com/imgextra/i3/407916093/T23IeEXitbXXXXXXXX_!!407916093.jpg" /></p>\r\n<p>\r\n	<img alt="" data-ks-lazyloaded="true" src="http://img02.taobaocdn.com/imgextra/i2/407916093/T2rg1NXhtXXXXXXXXX_!!407916093.jpg" /></p>\r\n<p>\r\n	<img alt="" data-ks-lazyloaded="true" src="http://img04.taobaocdn.com/imgextra/i4/407916093/T2mPxIXiNcXXXXXXXX_!!407916093.jpg" /></p>\r\n<p>\r\n	<img alt="" data-ks-lazyloaded="true" src="http://img01.taobaocdn.com/imgextra/i1/407916093/T2jF1vXnlbXXXXXXXX_!!407916093.jpg" /></p>\r\n', '', 1, 1, '2012-11-06 16:24:38', '2012-11-06 16:27:17', '0000-00-00 00:00:00', 0, 44);
INSERT INTO `productinfo` VALUES (45, 16, 0, 1, '千仞岗2012 女士休闲款', '千仞岗2012正品羽绒服 女士休闲款 C-737', '<p>\r\n	<img align="absMiddle" alt="" data-ks-lazyloaded="true" src="http://img01.taobaocdn.com/imgextra/i1/508097352/T2FMXJXiBcXXXXXXXX_!!508097352.jpg" /><img align="absMiddle" alt="" data-ks-lazyloaded="true" src="http://img03.taobaocdn.com/imgextra/i3/508097352/T2VgtQXixdXXXXXXXX_!!508097352.jpg" /></p>\r\n', '', 1, 1, '2012-11-06 16:47:33', '2012-11-06 16:53:30', '0000-00-00 00:00:00', 0, 45);

-- --------------------------------------------------------

-- 
-- 表的结构 `productpic`
-- 

CREATE TABLE `productpic` (
  `id_prodpic` int(11) NOT NULL auto_increment,
  `id_prodinfo` int(11) NOT NULL,
  `id_hr` int(11) NOT NULL,
  `title` varchar(250) NOT NULL,
  `intro` text NOT NULL,
  `url` varchar(250) NOT NULL,
  `opicname` varchar(250) NOT NULL,
  `spicname` varchar(250) NOT NULL,
  `dele` int(1) NOT NULL default '1',
  `type` varchar(3) NOT NULL,
  `indate` datetime NOT NULL,
  `modate` datetime NOT NULL,
  `deldate` datetime NOT NULL,
  `browsecount` int(11) NOT NULL,
  PRIMARY KEY  (`id_prodpic`)
) ENGINE=MyISAM  DEFAULT CHARSET=utf8 AUTO_INCREMENT=46 ;

-- 
-- 导出表中的数据 `productpic`
-- 

INSERT INTO `productpic` VALUES (1, 1, 1, '', '', '', '1351661357.jpg', '', 1, 'JPG', '2012-10-31 10:41:29', '0000-00-00 00:00:00', '0000-00-00 00:00:00', 0);
INSERT INTO `productpic` VALUES (2, 2, 1, '', '', '', '1351661696.jpg', '', 1, 'JPG', '2012-10-31 13:34:56', '0000-00-00 00:00:00', '0000-00-00 00:00:00', 0);
INSERT INTO `productpic` VALUES (3, 3, 1, '', '', '', '1351662315.jpg', '', 1, 'JPG', '2012-10-31 13:45:15', '0000-00-00 00:00:00', '0000-00-00 00:00:00', 0);
INSERT INTO `productpic` VALUES (4, 5, 1, '', '', '', '1351919976.jpg', '', 1, 'JPG', '2012-11-03 13:19:37', '0000-00-00 00:00:00', '0000-00-00 00:00:00', 0);
INSERT INTO `productpic` VALUES (5, 6, 1, '', '', '', '1351920950.jpg', '', 1, 'JPG', '2012-11-03 13:35:50', '0000-00-00 00:00:00', '0000-00-00 00:00:00', 0);
INSERT INTO `productpic` VALUES (6, 7, 1, '', '', '', '1351921452.jpg', '', 1, 'JPG', '2012-11-03 13:44:13', '0000-00-00 00:00:00', '0000-00-00 00:00:00', 0);
INSERT INTO `productpic` VALUES (7, 4, 1, '', '', '', '1351922929.jpg', '', 1, 'JPG', '2012-11-03 14:08:50', '0000-00-00 00:00:00', '0000-00-00 00:00:00', 0);
INSERT INTO `productpic` VALUES (8, 8, 1, '', '', '', '1351925044.jpg', '', 1, 'JPG', '2012-11-03 14:44:04', '0000-00-00 00:00:00', '0000-00-00 00:00:00', 0);
INSERT INTO `productpic` VALUES (9, 9, 1, '', '', '', '1351927205.jpg', '', 1, 'JPG', '2012-11-03 15:20:05', '0000-00-00 00:00:00', '0000-00-00 00:00:00', 0);
INSERT INTO `productpic` VALUES (10, 10, 1, '', '', '', '1351929590.jpg', '', 1, 'JPG', '2012-11-03 15:59:51', '0000-00-00 00:00:00', '0000-00-00 00:00:00', 0);
INSERT INTO `productpic` VALUES (11, 11, 1, '', '', '', '1351932312.jpg', '', 1, 'JPG', '2012-11-03 16:45:12', '0000-00-00 00:00:00', '0000-00-00 00:00:00', 0);
INSERT INTO `productpic` VALUES (12, 12, 1, '', '', '', '1351933685.jpg', '', 1, 'JPG', '2012-11-03 17:08:05', '0000-00-00 00:00:00', '0000-00-00 00:00:00', 0);
INSERT INTO `productpic` VALUES (13, 13, 1, '', '', '', '1351938388.jpg', '', 1, 'JPG', '2012-11-03 18:26:28', '0000-00-00 00:00:00', '0000-00-00 00:00:00', 0);
INSERT INTO `productpic` VALUES (14, 14, 1, '', '', '', '1351938607.jpg', '', 1, 'JPG', '2012-11-03 18:30:07', '0000-00-00 00:00:00', '0000-00-00 00:00:00', 0);
INSERT INTO `productpic` VALUES (15, 15, 1, '', '', '', '1351939431.jpg', '', 1, 'JPG', '2012-11-03 18:43:51', '0000-00-00 00:00:00', '0000-00-00 00:00:00', 0);
INSERT INTO `productpic` VALUES (16, 16, 1, '', '', '', '1351940276.jpg', '', 1, 'JPG', '2012-11-03 18:57:56', '0000-00-00 00:00:00', '0000-00-00 00:00:00', 0);
INSERT INTO `productpic` VALUES (17, 17, 1, '', '', '', '1351940467.jpg', '', 1, 'JPG', '2012-11-03 19:01:07', '0000-00-00 00:00:00', '0000-00-00 00:00:00', 0);
INSERT INTO `productpic` VALUES (18, 18, 1, '', '', '', '1351940660.jpg', '', 1, 'JPG', '2012-11-03 19:04:21', '0000-00-00 00:00:00', '0000-00-00 00:00:00', 0);
INSERT INTO `productpic` VALUES (19, 19, 1, '', '', '', '1351940950.jpg', '', 1, 'JPG', '2012-11-03 19:09:10', '0000-00-00 00:00:00', '0000-00-00 00:00:00', 0);
INSERT INTO `productpic` VALUES (20, 20, 1, '', '', '', '1351941175.jpg', '', 1, 'JPG', '2012-11-03 19:12:55', '0000-00-00 00:00:00', '0000-00-00 00:00:00', 0);
INSERT INTO `productpic` VALUES (21, 21, 1, '', '', '', '1351995085.jpg', '', 1, 'JPG', '2012-11-04 10:11:25', '0000-00-00 00:00:00', '0000-00-00 00:00:00', 0);
INSERT INTO `productpic` VALUES (22, 22, 1, '', '', '', '1351995256.jpg', '', 1, 'JPG', '2012-11-04 10:14:17', '0000-00-00 00:00:00', '0000-00-00 00:00:00', 0);
INSERT INTO `productpic` VALUES (23, 23, 1, '', '', '', '1351995506.jpg', '', 1, 'JPG', '2012-11-04 10:18:26', '0000-00-00 00:00:00', '0000-00-00 00:00:00', 0);
INSERT INTO `productpic` VALUES (24, 24, 1, '', '', '', '1351996552.jpg', '', 1, 'JPG', '2012-11-04 10:35:52', '0000-00-00 00:00:00', '0000-00-00 00:00:00', 0);
INSERT INTO `productpic` VALUES (25, 25, 1, '', '', '', '1352003333.jpg', '', 1, 'JPG', '2012-11-04 12:28:53', '0000-00-00 00:00:00', '0000-00-00 00:00:00', 0);
INSERT INTO `productpic` VALUES (26, 26, 1, '', '', '', '1352087612.jpg', '', 1, 'JPG', '2012-11-05 11:53:32', '0000-00-00 00:00:00', '0000-00-00 00:00:00', 0);
INSERT INTO `productpic` VALUES (27, 27, 1, '', '', '', '1352177072.jpg', '', 1, 'JPG', '2012-11-06 12:44:32', '0000-00-00 00:00:00', '0000-00-00 00:00:00', 0);
INSERT INTO `productpic` VALUES (28, 28, 1, '', '', '', '1352179458.jpg', '', 1, 'JPG', '2012-11-06 13:24:19', '0000-00-00 00:00:00', '0000-00-00 00:00:00', 0);
INSERT INTO `productpic` VALUES (29, 29, 1, '', '', '', '1352179982.jpg', '', 1, 'JPG', '2012-11-06 13:33:03', '0000-00-00 00:00:00', '0000-00-00 00:00:00', 0);
INSERT INTO `productpic` VALUES (30, 30, 1, '', '', '', '1352180132.jpg', '', 1, 'JPG', '2012-11-06 13:35:32', '0000-00-00 00:00:00', '0000-00-00 00:00:00', 0);
INSERT INTO `productpic` VALUES (31, 31, 1, '', '', '', '1352180353.jpg', '', 1, 'JPG', '2012-11-06 13:39:13', '0000-00-00 00:00:00', '0000-00-00 00:00:00', 0);
INSERT INTO `productpic` VALUES (32, 32, 1, '', '', '', '1352180663.jpg', '', 1, 'JPG', '2012-11-06 13:44:23', '0000-00-00 00:00:00', '0000-00-00 00:00:00', 0);
INSERT INTO `productpic` VALUES (33, 33, 1, '', '', '', '1352186229.jpg', '', 1, 'JPG', '2012-11-06 15:17:10', '0000-00-00 00:00:00', '0000-00-00 00:00:00', 0);
INSERT INTO `productpic` VALUES (34, 34, 1, '', '', '', '1352186967.jpg', '', 1, 'JPG', '2012-11-06 15:29:27', '0000-00-00 00:00:00', '0000-00-00 00:00:00', 0);
INSERT INTO `productpic` VALUES (35, 35, 1, '', '', '', '1352187391.jpg', '', 1, 'JPG', '2012-11-06 15:36:31', '0000-00-00 00:00:00', '0000-00-00 00:00:00', 0);
INSERT INTO `productpic` VALUES (36, 36, 1, '', '', '', '1352187705.jpg', '', 1, 'JPG', '2012-11-06 15:41:46', '0000-00-00 00:00:00', '0000-00-00 00:00:00', 0);
INSERT INTO `productpic` VALUES (37, 37, 1, '', '', '', '1352187917.jpg', '', 1, 'JPG', '2012-11-06 15:45:18', '0000-00-00 00:00:00', '0000-00-00 00:00:00', 0);
INSERT INTO `productpic` VALUES (38, 38, 1, '', '', '', '1352188117.jpg', '', 1, 'JPG', '2012-11-06 15:48:37', '0000-00-00 00:00:00', '0000-00-00 00:00:00', 0);
INSERT INTO `productpic` VALUES (39, 39, 1, '', '', '', '1352188288.jpg', '', 1, 'JPG', '2012-11-06 15:51:29', '0000-00-00 00:00:00', '0000-00-00 00:00:00', 0);
INSERT INTO `productpic` VALUES (40, 40, 1, '', '', '', '1352188515.jpg', '', 1, 'JPG', '2012-11-06 15:55:15', '0000-00-00 00:00:00', '0000-00-00 00:00:00', 0);
INSERT INTO `productpic` VALUES (41, 41, 1, '', '', '', '1352188941.jpg', '', 1, 'JPG', '2012-11-06 16:02:21', '0000-00-00 00:00:00', '0000-00-00 00:00:00', 0);
INSERT INTO `productpic` VALUES (42, 42, 1, '', '', '', '1352189119.jpg', '', 1, 'JPG', '2012-11-06 16:05:20', '0000-00-00 00:00:00', '0000-00-00 00:00:00', 0);
INSERT INTO `productpic` VALUES (43, 43, 1, '', '', '', '1352190142.jpg', '', 1, 'JPG', '2012-11-06 16:22:22', '0000-00-00 00:00:00', '0000-00-00 00:00:00', 0);
INSERT INTO `productpic` VALUES (44, 44, 1, '', '', '', '1352190446.jpg', '', 1, 'JPG', '2012-11-06 16:27:26', '0000-00-00 00:00:00', '0000-00-00 00:00:00', 0);
INSERT INTO `productpic` VALUES (45, 45, 1, '', '', '', '1352192017.jpg', '', 1, 'JPG', '2012-11-06 16:53:38', '0000-00-00 00:00:00', '0000-00-00 00:00:00', 0);

-- --------------------------------------------------------

-- 
-- 表的结构 `siteset`
-- 

CREATE TABLE `siteset` (
  `id_siteset` int(11) NOT NULL auto_increment,
  `lang` int(1) NOT NULL default '1',
  `title` text NOT NULL,
  `keywords` text NOT NULL,
  `description` text NOT NULL,
  `otherheader` text NOT NULL,
  `iscopy` int(1) NOT NULL default '0',
  `rmailbox` varchar(50) NOT NULL,
  `smailbox` varchar(50) NOT NULL,
  `smailboxpass` varchar(50) NOT NULL,
  `icp` varchar(25) NOT NULL,
  `mapcode` text NOT NULL,
  `statistics` text NOT NULL,
  `isstyle` varchar(8) NOT NULL,
  `weburl` text NOT NULL,
  `newsnum` int(2) NOT NULL,
  `productnum` int(2) NOT NULL,
  `bannertime` int(11) NOT NULL default '3000',
  PRIMARY KEY  (`id_siteset`)
) ENGINE=MyISAM  DEFAULT CHARSET=utf8 AUTO_INCREMENT=2 ;

-- 
-- 导出表中的数据 `siteset`
-- 

INSERT INTO `siteset` VALUES (1, 1, '上海腾岩信息科技有限公司', '上海腾岩信息科技有限公司', '上海腾岩信息科技有限公司', '', 1, '', '', '', ' 沪ICP备10009206号', ' <iframe width="100%" height="230" frameborder="0" scrolling="no" marginheight="0" marginwidth="0" src="https://ditu.google.com/maps?f=q&source=s_q&hl=zh-CN&geocode=&q=%E4%B8%8A%E6%B5%B7%E5%B8%82%E6%9D%BE%E6%B1%9F%E5%8C%BA%E4%B8%8A%E6%B5%B7%E5%8F%8C%E9%AB%98%E5%95%86%E5%8A%A1%E5%B9%BF%E5%9C%BA&aq=0&oq=%E4%B8%8A&sll=30.942124,121.3195&sspn=0.007086,0.009645&brcurrent=3,0x35b2885df9d1a2c5:0x6368612615c7a5b,0,0x35b2633be24b87d5:0xde5e102b16be8828%3B5,0,0&ie=UTF8&hq=&hnear=%E4%B8%8A%E6%B5%B7%E5%B8%82%E6%9D%BE%E6%B1%9F%E5%8C%BA%E5%8F%B6%E6%94%BF%E8%B7%AF%E4%B8%8A%E6%B5%B7%E5%8F%8C%E9%AB%98%E5%95%86%E5%8A%A1%E5%B9%BF%E5%9C%BA&ll=30.942124,121.3195&spn=0.007086,0.009645&t=m&z=14&output=embed"></iframe>', '', '', 'demo-8.8800.org:7000', 6, 6, 3000);

-- --------------------------------------------------------

-- 
-- 表的结构 `title`
-- 

CREATE TABLE `title` (
  `id_title` int(11) NOT NULL auto_increment,
  `title` varchar(25) NOT NULL,
  `lang` int(1) NOT NULL default '1',
  PRIMARY KEY  (`id_title`)
) ENGINE=MyISAM  DEFAULT CHARSET=utf8 AUTO_INCREMENT=16 ;

-- 
-- 导出表中的数据 `title`
-- 

INSERT INTO `title` VALUES (15, 'q', 1);

-- --------------------------------------------------------

-- 
-- 表的结构 `webmenu`
-- 

CREATE TABLE `webmenu` (
  `id_webmenu` int(11) NOT NULL auto_increment,
  `lang` int(1) NOT NULL default '1',
  `name` varchar(25) NOT NULL,
  `url` text NOT NULL,
  `dele` int(1) NOT NULL default '1',
  `fatherid` int(11) NOT NULL,
  `level` int(1) NOT NULL,
  `ordernum` int(11) NOT NULL,
  PRIMARY KEY  (`id_webmenu`)
) ENGINE=MyISAM  DEFAULT CHARSET=utf8 AUTO_INCREMENT=20 ;

-- 
-- 导出表中的数据 `webmenu`
-- 

INSERT INTO `webmenu` VALUES (1, 1, '网站首页----HOME', '/', 1, 0, 1, 8);
INSERT INTO `webmenu` VALUES (2, 1, '关于我们----About us', '/about/aboutus.php', 1, 0, 1, 7);
INSERT INTO `webmenu` VALUES (3, 1, '产品中心----Products', '/product/products.php', 1, 0, 1, 6);
INSERT INTO `webmenu` VALUES (4, 1, '新闻中心----News', '/news/news.php', 1, 0, 1, 5);
INSERT INTO `webmenu` VALUES (5, 1, '联系我们----Contact us', '/contactus/contactus.php', 1, 0, 1, 4);
INSERT INTO `webmenu` VALUES (11, 1, '公司介绍----Introduction', '/about/intro.php', 1, 2, 2, 0);
INSERT INTO `webmenu` VALUES (12, 1, '关于我们----About us', '/about/aboutus.php', 1, 2, 2, 0);
INSERT INTO `webmenu` VALUES (13, 1, '总经理致辞----CEO''s Message', '/about/ceomessage.php', 1, 2, 2, 0);
INSERT INTO `webmenu` VALUES (14, 1, '产品中心----Products', '/product/products.php', 1, 3, 2, 0);
INSERT INTO `webmenu` VALUES (15, 1, '资料下载----PDF download', '/product/productpdf.php', 1, 3, 2, 0);
INSERT INTO `webmenu` VALUES (16, 1, '我们的工厂----Our factory', '/product/ourfactory.php', 1, 3, 2, 0);
INSERT INTO `webmenu` VALUES (17, 1, '公司新闻----Company news', '/news/companynews.php', 1, 4, 2, 0);
INSERT INTO `webmenu` VALUES (18, 1, '产品新闻----Product news', '/news/productnews.php', 1, 4, 2, 0);
INSERT INTO `webmenu` VALUES (19, 1, '加入我们----Join us', '/news/joinus.php', 1, 4, 2, 0);
